:10000000010000000D900D9050270100010000003C
:10001000001020007D6990BA000000000000000080
:1000200000000000000000000000000000000000D0
:100030000000000000000000000000000D900D9086
:10004000A55A0000002020080000008000000000E9
:1000500000000000000000000000000000000000A0
:100060000000000000000000000000000000000090
:100070000000000000000000000000000000000080
:100080000000000000000000000000000000000070
:100090000000000000000000000000000000000060
:1000A0000000000000000000000000000000000050
:1000B0000000000000000000000000000000000040
:1000C0000000000000000000000000000000000030
:1000D0000000000000000000000000000000000020
:1000E0000000000000000000000000000000000010
:1000F0000000000000000000000000000000000000
:1001000000000000000000000000000000000000EF
:1001100000000000000000000000000000000000DF
:1001200000000000000000000000000000000000CF
:1001300000000000000000000000000000000000BF
:1001400000000000000000000000000000000000AF
:10015000000000000000000000000000000000009F
:10016000000000000000000000000000000000008F
:10017000000000000000000000000000000000007F
:10018000000000000000000000000000000000006F
:10019000000000000000000000000000000000005F
:1001A000000000000000000000000000000000004F
:1001B000000000000000000000000000000000003F
:1001C000000000000000000000000000000000002F
:1001D000000000000000000000000000000000001F
:1001E000000000000000000000000000000000000F
:1001F00000000000000000000000000000000000FF
:1002000000000000000000000000000000000000EE
:1002100000000000000000000000000000000000DE
:1002200000000000000000000000000000000000CE
:1002300000000000000000000000000000000000BE
:1002400000000000000000000000000000000000AE
:10025000000000000000000000000000000000009E
:10026000000000000000000000000000000000008E
:10027000000000000000000000000000000000007E
:10028000000000000000000000000000000000006E
:10029000000000000000000000000000000000005E
:1002A000000000000000000000000000000000004E
:1002B000000000000000000000000000000000003E
:1002C000000000000000000000000000000000002E
:1002D000000000000000000000000000000000001E
:1002E000000000000000000000000000000000000E
:1002F00000000000000000000000000000000000FE
:1003000000000000000000000000000000000000ED
:1003100000000000000000000000000000000000DD
:1003200000000000000000000000000000000000CD
:1003300000000000000000000000000000000000BD
:1003400000000000000000000000000000000000AD
:10035000000000000000000000000000000000009D
:10036000000000000000000000000000000000008D
:10037000000000000000000000000000000000007D
:10038000000000000000000000000000000000006D
:10039000000000000000000000000000000000005D
:1003A000000000000000000000000000000000004D
:1003B000000000000000000000000000000000003D
:1003C000000000000000000000000000000000002D
:1003D000000000000000000000000000000000001D
:1003E000000000000000000000000000000000000D
:1003F00000000000000000000000000000000000FD
:1004000000000000000000000000000000000000EC
:1004100000000000000000000000000000000000DC
:1004200000000000000000000000000000000000CC
:1004300000000000000000000000000000000000BC
:1004400000000000000000000000000000000000AC
:10045000000000000000000000000000000000009C
:10046000000000000000000000000000000000008C
:10047000000000000000000000000000000000007C
:10048000000000000000000000000000000000006C
:10049000000000000000000000000000000000005C
:1004A000000000000000000000000000000000004C
:1004B000000000000000000000000000000000003C
:1004C000000000000000000000000000000000002C
:1004D000000000000000000000000000000000001C
:1004E000000000000000000000000000000000000C
:1004F00000000000000000000000000000000000FC
:1005000000000000000000000000000000000000EB
:1005100000000000000000000000000000000000DB
:1005200000000000000000000000000000000000CB
:1005300000000000000000000000000000000000BB
:1005400000000000000000000000000000000000AB
:10055000000000000000000000000000000000009B
:10056000000000000000000000000000000000008B
:10057000000000000000000000000000000000007B
:10058000000000000000000000000000000000006B
:10059000000000000000000000000000000000005B
:1005A000000000000000000000000000000000004B
:1005B000000000000000000000000000000000003B
:1005C000000000000000000000000000000000002B
:1005D000000000000000000000000000000000001B
:1005E000000000000000000000000000000000000B
:1005F00000000000000000000000000000000000FB
:1006000000000000000000000000000000000000EA
:1006100000000000000000000000000000000000DA
:1006200000000000000000000000000000000000CA
:1006300000000000000000000000000000000000BA
:1006400000000000000000000000000000000000AA
:10065000000000000000000000000000000000009A
:10066000000000000000000000000000000000008A
:10067000000000000000000000000000000000007A
:10068000000000000000000000000000000000006A
:10069000000000000000000000000000000000005A
:1006A000000000000000000000000000000000004A
:1006B000000000000000000000000000000000003A
:1006C000000000000000000000000000000000002A
:1006D000000000000000000000000000000000001A
:1006E000000000000000000000000000000000000A
:1006F00000000000000000000000000000000000FA
:1007000000000000000000000000000000000000E9
:1007100000000000000000000000000000000000D9
:1007200000000000000000000000000000000000C9
:1007300000000000000000000000000000000000B9
:1007400000000000000000000000000000000000A9
:100750000000000000000000000000000000000099
:100760000000000000000000000000000000000089
:100770000000000000000000000000000000000079
:100780000000000000000000000000000000000069
:100790000000000000000000000000000000000059
:1007A0000000000000000000000000000000000049
:1007B0000000000000000000000000000000000039
:1007C0000000000000000000000000000000000029
:1007D0000000000000000000000000000000000019
:1007E0000000000000000000000000000000000009
:1007F00000000000000000000000000000000000F9
:1008000000000000000000000000000000000000E8
:1008100000000000000000000000000000000000D8
:1008200000000000000000000000000000000000C8
:1008300000000000000000000000000000000000B8
:1008400000000000000000000000000000000000A8
:100850000000000000000000000000000000000098
:100860000000000000000000000000000000000088
:100870000000000000000000000000000000000078
:100880000000000000000000000000000000000068
:100890000000000000000000000000000000000058
:1008A0000000000000000000000000000000000048
:1008B0000000000000000000000000000000000038
:1008C0000000000000000000000000000000000028
:1008D0000000000000000000000000000000000018
:1008E0000000000000000000000000000000000008
:1008F00000000000000000000000000000000000F8
:1009000000000000000000000000000000000000E7
:1009100000000000000000000000000000000000D7
:1009200000000000000000000000000000000000C7
:1009300000000000000000000000000000000000B7
:1009400000000000000000000000000000000000A7
:100950000000000000000000000000000000000097
:100960000000000000000000000000000000000087
:100970000000000000000000000000000000000077
:100980000000000000000000000000000000000067
:100990000000000000000000000000000000000057
:1009A0000000000000000000000000000000000047
:1009B0000000000000000000000000000000000037
:1009C0000000000000000000000000000000000027
:1009D0000000000000000000000000000000000017
:1009E0000000000000000000000000000000000007
:1009F00000000000000000000000000000000000F7
:100A000000000000000000000000000000000000E6
:100A100000000000000000000000000000000000D6
:100A200000000000000000000000000000000000C6
:100A300000000000000000000000000000000000B6
:100A400000000000000000000000000000000000A6
:100A50000000000000000000000000000000000096
:100A60000000000000000000000000000000000086
:100A70000000000000000000000000000000000076
:100A80000000000000000000000000000000000066
:100A90000000000000000000000000000000000056
:100AA0000000000000000000000000000000000046
:100AB0000000000000000000000000000000000036
:100AC0000000000000000000000000000000000026
:100AD0000000000000000000000000000000000016
:100AE0000000000000000000000000000000000006
:100AF00000000000000000000000000000000000F6
:100B000000000000000000000000000000000000E5
:100B100000000000000000000000000000000000D5
:100B200000000000000000000000000000000000C5
:100B300000000000000000000000000000000000B5
:100B400000000000000000000000000000000000A5
:100B50000000000000000000000000000000000095
:100B60000000000000000000000000000000000085
:100B70000000000000000000000000000000000075
:100B80000000000000000000000000000000000065
:100B90000000000000000000000000000000000055
:100BA0000000000000000000000000000000000045
:100BB0000000000000000000000000000000000035
:100BC0000000000000000000000000000000000025
:100BD0000000000000000000000000000000000015
:100BE0000000000000000000000000000000000005
:100BF00000000000000000000000000000000000F5
:100C000000000000000000000000000000000000E4
:100C100000000000000000000000000000000000D4
:100C200000000000000000000000000000000000C4
:100C300000000000000000000000000000000000B4
:100C400000000000000000000000000000000000A4
:100C50000000000000000000000000000000000094
:100C60000000000000000000000000000000000084
:100C70000000000000000000000000000000000074
:100C80000000000000000000000000000000000064
:100C90000000000000000000000000000000000054
:100CA0000000000000000000000000000000000044
:100CB0000000000000000000000000000000000034
:100CC0000000000000000000000000000000000024
:100CD0000000000000000000000000000000000014
:100CE0000000000000000000000000000000000004
:100CF00000000000000000000000000000000000F4
:100D000000000000000000000000000000000000E3
:100D100000000000000000000000000000000000D3
:100D200000000000000000000000000000000000C3
:100D300000000000000000000000000000000000B3
:100D400000000000000000000000000000000000A3
:100D50000000000000000000000000000000000093
:100D60000000000000000000000000000000000083
:100D70000000000000000000000000000000000073
:100D80000000000000000000000000000000000063
:100D90000000000000000000000000000000000053
:100DA0000000000000000000000000000000000043
:100DB0000000000000000000000000000000000033
:100DC0000000000000000000000000000000000023
:100DD0000000000000000000000000000000000013
:100DE0000000000000000000000000000000000003
:100DF00000000000000000000000000000000000F3
:100E000000000000000000000000000000000000E2
:100E100000000000000000000000000000000000D2
:100E200000000000000000000000000000000000C2
:100E300000000000000000000000000000000000B2
:100E400000000000000000000000000000000000A2
:100E50000000000000000000000000000000000092
:100E60000000000000000000000000000000000082
:100E70000000000000000000000000000000000072
:100E80000000000000000000000000000000000062
:100E90000000000000000000000000000000000052
:100EA0000000000000000000000000000000000042
:100EB0000000000000000000000000000000000032
:100EC0000000000000000000000000000000000022
:100ED0000000000000000000000000000000000012
:100EE0000000000000000000000000000000000002
:100EF00000000000000000000000000000000000F2
:100F000000000000000000000000000000000000E1
:100F100000000000000000000000000000000000D1
:100F200000000000000000000000000000000000C1
:100F300000000000000000000000000000000000B1
:100F400000000000000000000000000000000000A1
:100F50000000000000000000000000000000000091
:100F60000000000000000000000000000000000081
:100F70000000000000000000000000000000000071
:100F80000000000000000000000000000000000061
:100F90000000000000000000000000000000000051
:100FA0000000000000000000000000000000000041
:100FB0000000000000000000000000000000000031
:100FC0000000000000000000000000000000000021
:100FD0000000000000000000000000000000000011
:100FE0000000000000000000000000000000000001
:100FF00000000000000000000000000000000000F1
:1010000020710100812120089527200895272008BC
:101010009527200895272008952720080000000024
:101020000000000000000000000000005147000028
:101030009527200800000000E1470000AB2F0000CA
:101040009527200895272008952720089527200810
:101050009527200895272008952720089527200800
:101060009527200895272008011100002D4F200802
:10107000E13020089527200895272008952720088B
:10108000D92E200895272008B98C20085D8D2008CE
:1010900095272008518C2008551700009527200817
:1010A0009527200895272008C17420089527200837
:1010B00095272008952720082071010095272008F2
:1010C0008121200859100000952720089527200825
:1010D0009527200895272008C9302008D5302008FA
:1010E0001D1D000095272008952720089B58539226
:1010F000CD2E20089527200895272008C12E2008EE
:101100009527200895272008218C2008398C200855
:10111000618B2008798B2008918B2008A98B2008EF
:10112000C18B2008D98B2008F18B2008098C20085E
:10113000952720089527200895272008952720081F
:10114000952720089527200895272008952720080F
:1011500095272008952720089527200895272008FF
:101160009527200895272008250C00000000000086
:10117000000000000000000000000000000000006F
:1011800010B500F009FB084C00F018FB074BA168F4
:101190004FF4B672184609F003FCA06000F0CEFBD5
:1011A000BDE8104000F0FAB800ED00E000040000D7
:1011B0000348044B834202D0034B03B118477047E6
:1011C0008052000080520000000000000548064BDD
:1011D0001B1AD90F01EBA301491002D0034B03B135
:1011E0001847704780520000805200000000000045
:1011F00010B5064C237843B9FFF7DAFF044B13B15F
:101200000448AFF300800123237010BD805200001A
:10121000000000006CE1200808B5054B1BB1054932
:101220000548AFF30080BDE80840FFF7CFBF00BF1F
:1012300000000000845200006CE1200810B5084C4A
:1012400023684FF0FF3118690BF0EAF9054809F0FF
:1012500001FA2368BDE8104018690BF0E9B900BF36
:10126000E83D0100C0D6200838B5164C23684FF081
:10127000FF31054618690BF0D3F9134809F0EAF974
:10128000236818690BF0D4F945F21A01284606F0D4
:1012900077FE236805464FF0FF3118695DB10BF00A
:1012A000BFF90A48294609F06DF923681869BDE8B5
:1012B00038400BF0BDB90BF0B3F9054845F21A01FF
:1012C000F1E700BFE83D0100CFD62008EBD62008AB
:1012D00007D7200830B589B000231846CDE905337B
:1012E000CDE90333CDE90133194A1A49009306F0D9
:1012F00023FF1948194C07F06FFC054680B123689D
:101300004FF0FF3118690BF08BF91548294609F0A9
:1013100039F92368186909B0BDE830400BF088B985
:1013200006F000FE236805464FF0FF31186925B12D
:101330000BF076F90B482946E9E70BF071F90A48FA
:1013400009F088F9236818690BF072F9FEE700BF0D
:10135000692220083D2220081BD72008E83D010013
:1013600025D720083DD7200858D7200810B5094CAC
:1013700023684FF0FF3118690BF052F9064809F065
:1013800069F9236818690BF053F9BDE81040FFF7BD
:10139000A1BF00BFE83D010073D7200808B500F0E9
:1013A00062F8FFF7E3FF00F06BF8002008BD08B516
:1013B00000F016FA00F078FD04F068FA06F054FD2B
:1013C00000F060F800F03EFBBDE808400BF03CB9CF
:1013D0000BF02AB97047000008B504F0E3FB05489C
:1013E00004F0FCFB044804F011FCBDE808400BF0DD
:1013F00023B900BF9C52000084050000704770476D
:101400000120704708B5FFF7FBFF831E5842584183
:1014100008BD05F043B8EFF3108072B6704710B9FD
:1014200062B6BFF36F8F7047EFF311800C2383F325
:101430001188704780F31188BFF36F8F70470346A0
:1014400038B10020814204D01A5C02B970470130E3
:10145000F8E770474FF0FF31FFF7F1BF08B50BF029
:1014600007F9002008BD08B5FFF7A1FFFFF7B2FF9D
:10147000FFF7B2FFFFF7C2FFBDE80840FFF7BFBFAD
:10148000FFF7A6BF70B5134C134D23685E6C0023A5
:10149000194628460222B04723681E6800231946D1
:1014A00002222846B04723680C4DD3F8C0300520EF
:1014B000984723685E6C0023194628460A22B047E5
:1014C00023681C6800232846A4460A22BDE8704011
:1014D000194660470001300000C004240000134694
:1014E0000FB404B07047000050B1064B06491B888A
:1014F000D1F89C2422F4FC521343C1F89C34704769
:10150000024BF3E7FC2D010000A00524FE2D010095
:1015100030B5114B93F85830013BDBB2FD2B8FB047
:1015200018D80E4D0FCD6C460FC40FCD0FC40FCD84
:101530000FC495E8030084E80300094C6846D4F81A
:1015400044370BF013FE05F031F8D4F8443700208F
:101550000FB030BD0120FBE700021F0858021F0832
:1015600000800524134B0168D3F84437F0B50127F8
:10157000013900D2F0BDD0F808C04668CCF38455DC
:10158000C5EBDC62346801320023013A0CD203FA65
:1015900005F203EA0C03C3F3150324EA0202AB408D
:1015A000134333600830E3E707FA02FE43EA0E0311
:1015B000EBE700BF0080052408B51848FFF7D2FF0D
:1015C0001748FFF7CFFF05F01BFB05F045FB05F0C3
:1015D0004FFB05F061FB05F06BFB1248FFF7C2FF04
:1015E0001148FFF7BFFF1148FFF7BCFF1048FFF796
:1015F000B9FF1048FFF7B6FF0F48FFF7B3FF0F48DA
:10160000FFF7B0FF0E48FFF7ADFF0E48FFF7AAFF48
:10161000BDE808400C48FFF7A5BF00BF2C520000F2
:1016200090510000CC4D0000984E00008C4E000000
:10163000AC4E00006C4D0000604D0000544D0000A9
:10164000A84D0000F04D0000E44D000010B5254C01
:10165000FFF7B2FF94F8040600F00100FFF758FF0F
:101660004FF4C023C4F86C34D4F840311E4843F41E
:101670000023C4F84031D4F8403143F00103C4F8EA
:101680004031D4F8403143F00203C4F84031FFF751
:1016900069FF16491648D1F8103543F00203C1F826
:1016A0001035636923F400336361636943F4803365
:1016B0006361D0F84027D0F87837C2F34342023A4A
:1016C00023F4F07343EA4213C0F87837D1F8943426
:1016D00043F40023C1F89434236943F46013236175
:1016E00010BD00BF00800424B84F000000A00524F6
:1016F0000080052408B550B10748FFF733FF0748BD
:10170000FFF730FF0648BDE80840FFF72BBF05484C
:10171000FFF728FF0448F6E700500000A85000003B
:101720009C500000745000002050000010B51C2296
:101730000021044609F07EF8074B084A0849C4E92D
:10174000002344F2020363812A23A373054BC4E9F7
:101750000413054BA36110BD317A0300A872EB2876
:10176000D8007800C70020000100050010B58AB03D
:1017700003A8FFF7DBFF064B01225B6A00925C6B5C
:1017800000231A4603A94FF09050A0470AB010BD9D
:1017900000013000FEE7FEE7054B064A06498B4292
:1017A00000D3704752F8040B43F8040BF7E700BF6F
:1017B0000004000090E3200880520000064B074818
:1017C000DA1C121AC11E22F00302994288BF0022BD
:1017D000002109F02FB800BF204101008052000015
:1017E00038B5374B374A1A60374B384A93F80636C4
:1017F000374C03F00F030F2B15BF364B4FF0006330
:10180000D3F89312D3F837140CBF11601160324A29
:101810000CBFD3F83634D3F89232136005F046F893
:1018200005F046F82D4BDB694FF08061D3F880302E
:101830004FF08C409847E369022060F30E33E36178
:10184000274BDA696FF30202DA6105F0ABF81E4B41
:101850001A6A042161F302021A621A6A1207FCD59D
:10186000A369022262F38403A361A3691B04FCD56C
:101870001C4B1D4D5A6E6FF341025A665A6E6FF340
:1018800000025A660AF014FF184B19480D4A1861F5
:101890004FF4FA44D86117485C6200211C624FF48F
:1018A0000044C3E90022C3E90B05C3E90F22996094
:1018B0005961DA609C625A635864996138BD00BF0F
:1018C000782F0100005A6202008004241C2F0100BE
:1018D0000081042400001F08182F010000013000BF
:1018E0000086042400840424002D3101282F0100E7
:1018F00000B4C4040048E8014FF0E02384B0D3F8FA
:10190000402F0192D3F8442F02920199094A914243
:101910000DD10299084A914209D1D3F8882D03923A
:10192000039A42F470020392039AC3F8882D04B01C
:10193000704700BF210011101100001113B50023E2
:10194000009301932F4BD3F810250092009A009238
:101950002D4A116821F00F01116011681160D3F850
:101960009C1421F46071C3F89C14D3F804170191FE
:101970000199C3F80415D3F8001701910199C3F830
:101980000015D3F8101541F01C01C3F81015D2F85A
:10199000024014F48074FAD11C48436943F4803344
:1019A0004361436964F351434361FFF7A5FF184B5B
:1019B0004FF080725A60174BC0F84031164B5A688E
:1019C00064F3C3025A60036A0E4A43F4803303622D
:1019D000036A43F400330362D2F8943443F40023DF
:1019E000C2F89434036943F4601303610B4B1A6823
:1019F00042F400221A601A6842F480221A6002B08F
:101A000010BD00BF00A005240000052400800424B0
:101A100000003041030008000081042400840424F5
:101A200020F04040012802D0022805D07047034A28
:101A30001368013313607047014AF9E7802F0100F2
:101A40007C2F010010B5124CE3689847A368114839
:101A50009847236902209847A46A01211520A047CE
:101A600001211620A0474FF4E1310120A0470A4C84
:101A7000206810B90AF0F0FD2060084B4FF4805246
:101A8000C3F88020BFF34F8FBFF36F8F10BD00BF2F
:101A90008CD82008212A2008842F010000E100E0D2
:101AA00013B5094C00238DF804302360074B012146
:101AB0009B6901A8984723681BB19DF8040002B0F8
:101AC00010BD00F013FBF6E77C2F01008CD8200836
:101AD00013B5094C8DF8070000232360074B012143
:101AE0005B690DF10700984723680BB102B010BD88
:101AF00000F0FCFAF8E700BF802F01008CD8200826
:101B000003681B780022202B04D0093B042B01D949
:101B1000D0B270470368591C01605B780132F2E76C
:101B20000120704708B507F0EDF8162303604FF069
:101B3000FF3008BD08B507F0E5F816230360FEE79F
:101B400070B50D4614460AF0A3FD022805D10C4BD2
:101B50004FF0FF3118680AF063FD2E46731BA34255
:101B600009DB0AF095FD022803D1054B18680AF03D
:101B70005FFD204670BD16F8010BFFF7A9FFEDE7EA
:101B8000842F01004FF0FF3070474FF400534B603B
:101B90000020704701207047002070470FB42DE9E6
:101BA000F0438BB012AB002453F8046B01938DF813
:101BB0001040FFF775FF0D288DF81000F7D00A28A8
:101BC000F5D0002425460134142C2ED0FFF768FFF1
:101BD00004F128036B440D2803F8180C01D00A28DF
:101BE000F0D105F128030DEB0305002305F8163CA1
:101BF00004AB03939DF81030019F0296002B00F078
:101C00004E810025029B1B78002B3BD0DDF80C9009
:101C100099F80060002E35D002A8FFF771FF044646
:101C200038B103A8FFF76CFFECE700238DF82430F0
:101C3000DEE7029A1346517813F8010B0293252828
:101C400001D1252907D18E421CD109F101030232AD
:101C500003930292D6E726462046A0461A7806F05D
:101C60007C01002A67D100B10293002967D109E005
:101C7000692A51D01ED8632A53D011D8392A07D8DF
:101C80002F2A35D8E8B20BB0BDE8F04304B0704756
:101C9000582AF7D146F0200601334FF0100833E000
:101CA000642AEFD146F4005646F0200601334FF087
:101CB0000A0829E06F3AD1B20929E3D8092AE1D804
:101CC00001A151F822F000BF0D2D2008852C20081D
:101CD000852C2008852C2008312D2008852C2008F3
:101CE000A92C2008852C2008852C2008952C20085C
:101CF000002CC7D10A211A78303A01FB042413F8CA
:101D0000012F303A092AF6D90120A7E746F020062C
:101D100001334FF00808F7E746F020060133884604
:101D2000F2E7012C46F0040638BF01240133EBE74B
:101D300046F00806FAE700299AD000B10293002C79
:101D400008BF632408291BD0202940D0042999D139
:101D500057F8042B4946144400200E780B460131F5
:101D60000EB938B94EE702F8016B94424FF001000A
:101D7000F3D10B46994503933FF444AF013541E756
:101D800003A8FFF7BDFEDDF80CC057F8042B66462C
:101D900014440021307810F0DF0F334606F10106BD
:101DA00001D161B92EE7A0F1090EBEF1040FF8D9F7
:101DB00002F8010BA2424FF00101EBD133469C45E2
:101DC00003933FF41FAF374B00221A70D6E703A8E6
:101DD000FFF796FE039BB8F1000F10D0B8F1100F7B
:101DE00017D11A78302A14D15A7802F0DF02582A13
:101DF0000FD102330393023C4FF0100809E01A7828
:101E0000302A16D15A7802F0DF02582AF1D04FF06A
:101E10000808039B1A782B2A0ED02D2A0FD10133E4
:101E20000393013C4FF0FF31039A00201444844691
:101E300014E04FF00A08ECE701330393013C012161
:101E4000F2E7A9F14103052B02D910B3039220E078
:101E5000A9F1370315E00CFB083C012092F8009033
:101E60009646B9F1000FF0D0A242EED0A9F13003AE
:101E7000DBB2092B06D9A9F16103052BE1D8A9F141
:101E80005703DBB2984502F10102E4D808B1CDF85E
:101E90000CE057F8043B0CFB01F119606EE74FF0C2
:101EA000FF35EFE6882F0100044802231421C218F1
:101EB00001334B2B82F80013F9D1704700E100E0A9
:101EC000014802F0EBB800BF3CD82008014802F0FE
:101ED000E5B800BFECD72008014802F0DFB800BF2A
:101EE0009CD72008064B1868002382B262F30F03C8
:101EF000000C60F31F4382B0184602B0704700BF69
:101F000000D92008014B1868704700BFB4050000D5
:101F1000014803F01FBB00BFB4050000014903F0F6
:101F2000D7BA00BFB4050000014803F0AFBA00BF44
:101F3000B405000037B504460B200D4600F04CF9FF
:101F4000064B1B680193064B00930246054B29463E
:101F5000204602F011FE03B030BD00BFFC3301008B
:101F60009C050000B4050000014802F001BE00BF5E
:101F7000B4050000014802F0F8BD00BFB405000040
:101F80007FB5104BD3E90354B2F5806F2E883ABF6A
:101F900002F1FF33C3F3090340F2FF3363F30D167D
:101FA0002E80258863F30D15074B25801B6802934F
:101FB000064B0193064B0093024B02F09DFD04B0CB
:101FC00070BD00BFB4050000FC33010014300100F7
:101FD0009C0500000D4B1A69B1F5806F13B538BF31
:101FE00001F1FF33148834BFC3F3090340F2FF3318
:101FF00063F30D14064B14801B680193054B00938B
:10200000024A054B02F0DAFC02B010BDB405000034
:10201000FC330100143001009C0500000D4BDA6810
:10202000B1F5806F13B538BF01F1FF33148834BFA9
:10203000C3F3090340F2FF3363F30D14064B14801E
:102040001B680193054B0093024A054B02F008FC04
:1020500002B010BDB4050000FC33010014300100D3
:102060009C050000024B034A1B68034902F050BB69
:10207000FC3301009C050000B4050000034B04493B
:1020800004484FF400129A6402F0F2BA0084042467
:102090009C050000B405000007B5064B0193064BF4
:1020A0000093064A064B074902F052FA03B05DF866
:1020B00004FB00BF84330100FC3301009C050000D9
:1020C000001C0624B4050000014802F019B900BF45
:1020D0003C060000014802F013B900BFF8050000FB
:1020E000014802F00DB900BFB4050000FFF7F8BFCA
:1020F000354BDFED366AD3F8102242F04002C3F8C8
:10210000102207EE900AD3F81022F4EEE67A42F09D
:102110001002F1EE10FA07EE101A82B0C3F8102286
:1021200006DCF0EE086AB4EEE67AF1EE10FA08D5B5
:10213000D3F8102242F02002C3F81022002002B08F
:1021400070479FED237AF4EEC77AF1EE10FA10D5BE
:10215000D3F810226FF30302C3F81022D3F8102231
:102160006FF38612C3F81022D3F810226FF3041213
:10217000E2E777EEC77ADFED176A134A87EEA67AB1
:10218000F7EE007A77EE277AFCEEE77ACDED017A6A
:102190009DF80430F6EE007A77EE277A07EE103AD3
:1021A000B8EE477AB4EEE77AF1EE10FAC2BFFCEE71
:1021B000E77ACDED017A9DF80430D2F8101263F37E
:1021C0000301C2F81012B9E7003804243333334056
:1021D000CDCCCC3F0AD7A33DD0B50E2800F27C82EF
:1021E000DFE810F00F005A009500D00004010F0145
:1021F0004101710181019001B701DC010702320246
:1022000054024FF08C43DB6903F00703042B41D8E1
:10221000DFE803F0033A34373D00844B9A6C013A0F
:10222000052A37D8DFE802F0032224222628586C3A
:102230004FF08C43DC69DB69C4F3C30413F0005F27
:1022400060D094B106F0C4FE064620460F4606F064
:10225000BFFE774B002206F07FFD02460B4630465C
:10226000394607F059F807F0C7F9D0BDD86ADFE75B
:10227000D86BDDE7186BDBE7586BD9E76B4BD86998
:10228000D6E76A4B5869D3E7684B9868D0E7674B45
:10229000D868CDE70020CBE74FF08C43DB69C3F370
:1022A000C213042B2CD8DFE803F003251F222800DB
:1022B0005E4B9A6C013A052A22D8DFE802F0030D42
:1022C0000F0D1113586C4FF08C43DC69DB69C4F3BC
:1022D000832413F0804FB3E7D86AF4E7D86BF2E7B2
:1022E000186BF0E7586BEEE7504BD869EBE74F4BB4
:1022F0005869E8E74D4B9868E5E74C4BD868E2E74A
:102300000020E0E7002CB0D0B0FBF4F0ADE74FF0D8
:102310008C439B69C3F3C233052B31D8DFE803F04C
:10232000032124272A2D414B9A6C013A052A27D8EC
:10233000DFE802F0030F110F1315586C4FF08C43B8
:102340009B69C3F3C32213F4F04F8ED0B0FBF2F0BD
:102350008BE7D86AF2E7D86BF0E7186BEEE7586BBB
:10236000ECE7324B9868E9E7304B1869E6E72F4B0A
:102370005869E3E72D4BD869E0E72C4BD868DDE7D7
:102380000020DBE74FF08C439B6AC3F34243032BEF
:102390002AD8DFE803F002202326244B9A6C013A66
:1023A000052A21D8DFE802F0030F110F1315586C2E
:1023B0004FF08C439A6AC2F3055312F07C7F3FF4CE
:1023C00054AF5B004CE0D86AF2E7D86BF0E7186BCB
:1023D000EEE7586BECE7154B5869E9E7134B986843
:1023E000E6E7124BD868E3E70020E1E74FF08C42C4
:1023F000936903F00703032B25D8DFE803F0081BDC
:102400001E214FF08C42D36FC3F34223F3E7074BF7
:10241000D86A91699369D2698C05C3F3C503C2F385
:10242000007212D5B2B9DBB91FE700BF282F010037
:102430000000E03F824BD869EBE7814B5869E8E741
:102440007F4B9868E5E70020E3E71AB9002BB8D185
:1024500040080AE7D9077FF508AF022B7FF605AFE2
:10246000B0FBF3F001E74FF08C439B69C3F30263C9
:10247000042B00F23181DFE813F0DF0005001D00BE
:10248000200023006E4B9A6C013A052A00F2248149
:10249000DFE812F0060008000B0008000D00F7004E
:1024A000586CE2E6664BD86ADFE6D86BDDE6644B33
:1024B000186BDAE6624B9868D7E6614BD869D4E6C8
:1024C0005F4B5869D1E64FF08C42936913F4802F2B
:1024D0005B4B0CBF58699868936992691202C3F309
:1024E000C343B3D59FE74FF08C439A6A12F4806FD1
:1024F000534A0CBF9069D0689A6AC2F3C52312F49C
:10250000FC3F5CE74F4A93691B0F062B1FD8DFE89F
:1025100003F0040C0F1215181B00494B58689369FF
:10252000C3F3464213F47E0F0FE7454B186AF6E7F4
:10253000434B586AF3E7424B986AF0E7404BD86A3E
:10254000EDE73F4B186BEAE73D4BD868E7E7002023
:10255000E5E73C4AD369C3F34303052B1CD8DFE806
:1025600003F0030C0F121518354B5868D369C3F3E9
:102570004713002B7FF425AF77E6314B186AF5E758
:102580002F4B586AF2E72E4B986AEFE72C4BD86A2C
:10259000ECE72B4B186BE9E70020E7E7294A136AC1
:1025A000C3F34303072B22D8DFE803F0040C0F1218
:1025B00015181B1E224B5868136AC3F3421213F0FE
:1025C000E00FC2E61E4B186AF6E71D4B586AF3E7A8
:1025D0001B4B986AF0E71A4BD86AEDE7184B186B5B
:1025E000EAE7174BD868E7E7154B586BE4E700209C
:1025F000E2E7144B1B6BC3F34303062B6CD801A219
:1026000052F823F021362008273620082D362008DE
:1026100033362008A5342008AF3420083936200886
:10262000074B586821E6064B186A1EE6044B586AA9
:102630001BE6034B986A18E6014BD86815E600BF05
:10264000282F010000140424244B5B6BC3F34303C5
:10265000082B41D801A252F823F000BF21362008F0
:10266000273620082D36200833362008A5342008C8
:10267000AF342008393620088136200887362008F4
:10268000174B586BF1E5164B9869EEE5134AD36A80
:10269000C3F34303062B1DD8DFE803F0040A0D1033
:1026A000131619000E4B5868D36AC3F34713BAE6E2
:1026B0000B4B186AF8E70A4B586AF5E7084B986A1B
:1026C000F2E7074BD86AEFE7054B186BECE7044BD2
:1026D000D868E9E70020E7E70020C6E500140424F5
:1026E000282F0100024B1B68D3F8BC30184700BFED
:1026F00000013000024B1B68D3F8CC30184700BFF4
:1027000000013000024B1B68D3F8EC30184700BFC3
:1027100000013000024B01219B69C0B2184700BF85
:10272000B0340100FFF7F6BF1346054A126810B433
:10273000546C0A46A44600215DF8044B604700BF74
:102740000001300010B54FF4006004F0EBF8094CC4
:10275000094B4FF000725A6422782AB9074B084897
:102760001B6A01219B6A9847237843F00103237079
:1027700010BD00BF003801000084042400013000B7
:1027800000140424104B114A1B7F82B0012BADF8BA
:1027900004000F4BC0B24FF400610DD9116020B995
:1027A000D3F808220A43C3F808225A68002042F0EE
:1027B00001025A6002B0704711600028F5D1D3F8C9
:1027C000082242F40062EEE7B034010000E100E0CC
:1027D000003804242DE9F04F224B234893F81CE0E5
:1027E000224B1A7800231C4602F59875D9B28E4503
:1027F0000CD8DFF880800023A8F5107902F5907CD2
:10280000DAB2964509D80020BDE8F08F30F81510EF
:102810008C4238BF0C460133E8E743B929F81C3035
:102820000133EDE7B5F820B0594489B20AE000273A
:102830001FFA83FABEB2B442F2D900220C4D104600
:1028400035F8021FA14203D2B142EBD1013292B25C
:10285000013080B25045F3D30137002AEAD128F87D
:102860001360DDE7B0340100D0340100AC34010066
:102870000E37010010370100012800D17047C3074F
:1028800001D44008F8E70020704703460120834246
:1028900008DC00EBD072A3EB6203B3EBA00FB8BF70
:1028A000400870474000F2E707EE100ADFED087AB3
:1028B000084837EE277AF7EE006AC6EE877AFCEE14
:1028C000E77A17EE903A834228BF034618467047CE
:1028D00095BFD633404B4C0084B0F0B506AC84E8CD
:1028E0000E00DFED957A002123AC0DF16B050A4651
:1028F0000B46CEB2B04200F2AF80002B00F0A380B6
:10290000B0EE007AF4EEC77AF1EE10FAB0EE047A87
:1029100005DBF4EEC77AF1EE10FA00F1DF80F4EE99
:10292000C77AF1EE10FAB0EE087A05DBF4EEC77A5A
:10293000F1EE10FA00F1D880F4EEC77AF1EE10FA59
:10294000B1EE007A05DBF4EEC77AF1EE10FA00F191
:10295000CE80F4EEC77AF1EE10FAB1EE047A05DB20
:10296000F4EEC77AF1EE10FA00F1C480F4EEC77A03
:10297000F1EE10FA07DBB1EE087AF4EEC77AF1EE69
:1029800010FA00F1BA80B1EE0C7AF4EEC77AF1EEEB
:1029900010FAB2EE007A05DBF4EEC77AF1EE10FA27
:1029A00000F1AE80F4EEC77AF1EE10FAB2EE027AE0
:1029B00005DBF4EEC77AF1EE10FA00F1A480F4EE34
:1029C000C77AF1EE10FA06DBB2EE047AF4EEC77ABB
:1029D000F1EE10FA6FD4B2EE087AF4EEC77AF1EEA7
:1029E00010FA06DBB2EE0C7AF4EEC77AF1EE10FACA
:1029F0006ED4B3EE017AF4EEC77AF1EE10FA06DB8C
:102A0000B3EE027AF4EEC77AF1EE10FA63D4B3EEC5
:102A1000097AF4EEC77AF1EE10FA06DBB3EE0A7A21
:102A2000F4EEC77AF1EE10FA70D9B3EE0B7AF4EE49
:102A3000C77AF1EE10FA06DB9FED407AF4EEC77A22
:102A4000F1EE10FA74D9DFED3E7A9FED3E7A002A5E
:102A500018BFF0EE477A65E015F8016FA6F1140C87
:102A6000BCF1020F2F7C0FD894ED007AB4EEE77A18
:102A7000F1EE10FA03DD0133DBB2F0EE477A0D2FF1
:102A800016D00131043434E7A7F10A0CBCF1020F6F
:102A90000CD894ED007AB4EEE77AF1EE10FA03DD8B
:102AA0000133DBB2F0EE477A182EE9E7182EE6D1B3
:102AB0000132D2B2E5E7DFED247A9AB39FED217AB5
:102AC000F4EEC77AF1EE10FA23D5F0EE477A29E05A
:102AD000DFED1E7AF1E7DFED1E7AEEE7DFED1D7A1E
:102AE000BAB1DFED187A1DE0DFED1B7AF8E7DFED14
:102AF0001B7AF5E7DFED1A7AF2E7DFED1A7AEFE7F6
:102B0000DFED197AECE7DFED197AE9E7DFED187A06
:102B100042B19FED0B7AF4EE477AF1EE10FA48BF1E
:102B2000F0EE477ABDE8F04017EE900A04B0704727
:102B3000DFED107AECE700BF0000000000004C421F
:102B400095BFD6338BE16A36ACC5A735EFE60836BC
:102B50009F9D42362E5A823301A90C3437F85934DE
:102B60002439EC3434580F35AD186335883E8A3536
:102B7000B1B49D36F2DD1C3770B50D4616460446DD
:102B8000D0B9FFF7BFFDAA4807222146FFF7CCFDC9
:102B9000002D40F0AA81012E00F09F810B2C1DD04A
:102BA0000C2C40F0F5800520FFF7ACFDA048072273
:102BB0000521FFF7B9FD98E0012818D10220FFF7A1
:102BC000A1FD9B4807220221FFF7AEFD002D76D123
:102BD000012E00F082810B2C40F0DA800320FFF7F9
:102BE00091FD072203219248FFF79EFD96E00228FF
:102BF0000ED10420FFF786FD072204218C48FFF741
:102C000093FD002D00F06681012D40F0778155E1A4
:102C1000032805D10620FFF775FD07220621EDE701
:102C2000042805D10820FFF76DFD07220821E5E7FC
:102C3000052805D10A20FFF765FD07220A21DDE7F7
:102C400006280CD17B4B20225A601920FFF752FD39
:102C50001920FFF747FD78480E221921B4E707280D
:102C60001ED1744B20225A601B20FFF743FD1B200E
:102C7000FFF738FD0E221B216F48FFF755FD002D91
:102C800000F02881012D40F0D980012E00F019813B
:102C90000C2C21D10520FFF735FD07220521A2E7E5
:102CA000082840F0FD80634B20225A601D20FFF76A
:102CB00021FD1D20FFF716FD0E221D21DCE70B2C48
:102CC0001ED0012D40F01A81012E00F0FA800C2C4C
:102CD000E0D00D2C00F0C1800E2C50D00F2C6FD006
:102CE000102C75D12EE0022D40D0032D52D1012E93
:102CF00059D00E2C70D00F2C62D0102C30D121E086
:102D00000320FFF7FFFC4A4807220321FFF70CFDD1
:102D1000022D2BD0032D03D1012E44D0002070BDF5
:102D2000042D00F0A480052DDAD1012E40F0A380FF
:102D30000720FFF7E7FC07223D481146FFF7F4FCA8
:102D4000102C5ED13B4B20225A601A20FFF7D2FC98
:102D50001A20FFF7C7FC38480E221A21FFF7E4FCBF
:102D6000112C50D0072D5CD1012E88E0012ED5D139
:102D700069E0012E67D00D2C0FD00E2CBBD109209D
:102D8000FFF7C0FC2A4807220921FFF7CDFCCAE75C
:102D90000D2C62D00E2C68D1F1E70B20FFF7B2FCAE
:102DA00007220B211FE70B20FFF7ACFC204807226E
:102DB0000B21FFF7B9FC8FE70E2CE0D00F2CB2D11E
:102DC0000720FFF79FFC072219481146FFF7ACFCCC
:102DD000062DC5D1012E4FE00920FFF793FC0722F5
:102DE000092100E70920FFF78DFC1148072209217E
:102DF000FFF79AFC7FE70720FFF784FC07221146C4
:102E0000F1E6112C0DD10B4B20225A601C20FFF74C
:102E100071FC1C20FFF766FC07480E221C21FFF7FF
:102E200083FC122C2FD0082D7FF478AF012E28E0E0
:102E300000C004240000304100001346022D7FF43E
:102E400054AF012E99D10520FFF75CFC2E480722D4
:102E50000521FFF769FC0D2CAED10B20FFF752FCCA
:102E6000294807220B21FFF75FFC042DA6D1012E74
:102E7000B8D00F2CBFD0102C3FF464AF112CC2D0AF
:102E8000122C7FF44BAF214B20225A601E20FFF7FB
:102E900031FC1E20FFF726FC1D480E221E21A3E652
:102EA0000A287FF475AE0120FFF72CFC1648072294
:102EB0000121FFF739FC012D7FF415AF012E7FF4BE
:102EC0002DAF0320FFF71EFC0F4807220321FFF759
:102ED0002BFC65E6012E7FF421AF0120FFF712FCE9
:102EE000094807220121FFF71FFC0B2C3FF408AF14
:102EF000012D3FF4E9AE0C2C3FF455AE022D3FF40A
:102F000038AF0D2CA9D0F0E600C0042400003041F9
:102F1000000013462DE9F0410F29BDF81850BDF807
:102F20001C609DF820809DF824E055D845EA0604F1
:102F3000B4F5806F50D22B4C01F1100701F1400C19
:102F400044F8273001F150079A4244F8212024F830
:102F50001C5024F8176041D0B8F1000F17D001F1D0
:102F6000300802EB4502C0F8D42144F8282045EA95
:102F7000C12242F40048C0F8D881D0F8D881C0F806
:102F8000D821D0F8D82144F82C8044F82720BEF16D
:102F9000000F02D10020BDE8F08101F1600205EBD5
:102FA00046052B44C0F8D43144F82230CB0203F557
:102FB0008063334343F40042C0F8D82101F170022A
:102FC000D0F8D85144F822508031C0F8D831D0F828
:102FD000D83144F82130DDE70120DCE742F202106D
:102FE000D9E700BFD03401000F2910B528D892B11D
:102FF000144A01F1300452F82440C0F8D44101F1E0
:10300000400452F82440C0F8D84101F1500452F86D
:103010002420C0F8D8218BB10A4B01F1600253F88B
:103020002220C0F8D42101F17002803153F822200F
:1030300053F82130C0F8D821C0F8D831002010BD95
:103040000120FCE7D034010010B5274B27485A680F
:103050005A6842F001025A60D3F8082242F48062B2
:10306000C3F8082203F5B4331A68026852BBD3F8D8
:10307000402442F46752C3F840241D4AD2F802307B
:10308000DC05FBD41B4BD3F80427D107FBD5D3F8C1
:103090000427D207FBD4D3F84824174C174B2168D8
:1030A0001A60930803F4F8530B43910001F07C017C
:1030B00012020B4302F47832134343F0810323607E
:1030C000012303600C4B1A680A4BC3F84424084AD6
:1030D000D2F8023013F48073FAD1034A516863F3D3
:1030E0000001516010BD00BF00380424A03401006D
:1030F0000000052400A00524A8340100A434010028
:1031000084B070B52DED028B82B008AC84E80F005E
:10311000444C6E9AA2610D9A43499DF8B531BDF8B1
:1031200014012377013A8A4278D20DA901229342F1
:1031300009D8012B6FD19DF8B43173B101280FD993
:1031400042F2061060E00E4651F8045F3668B54260
:1031500064D8002D62D00132E9E7B0F5806FEFD27C
:10316000FFF7F0FA314B32485A689FED328A6FF31D
:103170008A225A60DA686FF31842DA60DA6804214A
:1031800061F30902DA605A682B4942F480625A609E
:10319000FEF7AEFF294B5B686360FFF755FF03F056
:1031A000B1FD208103F0A2FD208203F0B1FDC0F348
:1031B0000D0307EE103AB8EEC77A830BC7EE086A24
:1031C00007EE903AF8EEE77A77EEA67AC4ED037A46
:1031D00003F092FDC0F30D0307EE103AB8EEC77A84
:1031E000830BC7EE086A01A807EE903AF8EEE77A7B
:1031F000012377EEA67A0193C4ED057A04F08EFBE5
:10320000003818BF0120404202B0BDEC028BBDE87F
:10321000704004B07047013B0F2B90E742F204105E
:10322000F2E700BFB0340100A025260000380424D6
:103230003333334000007A44CDCC4C40282F01007A
:1032400084B010B52DED028B82B006AC84E80F007F
:1032500042499DF81820424C0A706C99A16106A958
:1032600001EB82013F4849699DF8AD31237701396F
:1032700081426FD2012B6AD106AB03EB4202B2F856
:10328000F4309DF8AC2122B1012B05D942F2061091
:1032900056E0B3F5806FF9D2FFF754FA324B33485A
:1032A0005A689FED338A6FF38A225A60DA686FF3A7
:1032B0001842DA60DA68042161F30902DA605A68B8
:1032C0002C4942F480625A60FEF712FFFFF7BCFE01
:1032D000294B5B68636003F015FD208103F006FD58
:1032E000208203F015FDC0F30D0307EE103AB8EE8F
:1032F000C77A830BC7EE086A07EE903AF8EEE77AD2
:1033000077EEA67AC4ED037A03F0F6FCC0F30D0362
:1033100007EE103AB8EEC77A830BC7EE086A01A829
:1033200007EE903AF8EEE77A012377EEA67A01935A
:10333000C4ED057A04F0F2FA003818BF01204042CB
:1033400002B0BDEC028BBDE8104004B07047013BF9
:103350000F2B9AE742F20410F2E700BFAC340100F1
:10336000B0340100A0252600003804243333334054
:1033700000007A44CDCC4C40282F01000F29024692
:1033800010B54FF001000CD8D2F8CC4100FA01F38F
:103390002343D2F8CC119BB263F30F01C2F8CC11D6
:1033A000002010BD0F29024610B54FF001000DD8C6
:1033B000D2F8CC4100FA01F343EA1443D2F8CC111D
:1033C0009BB263F31F41C2F8CC11002010BD30B591
:1033D0000F299DF80C402CD81F2A2AD80F2B28D84B
:1033E000012C26D845686D060FD5090134B1451862
:1033F000AC6B44EA835343F08063AB6301448B6B53
:1034000043EA42438B63002030BD5CB1D0F8081220
:1034100041F40071C0F80812D0F8081263F34811A3
:10342000C0F80812D0F8083262F30403C0F808327A
:10343000E9E70120E8E7000029B9D0F8083261F394
:10344000CB23C0F80832064B5B68DB0741BF4368FB
:103450006FF300034360002058BF4FF0FF30704708
:1034600000380424C1B2024882B002B0FFF7E4BFC2
:10347000003804240F2915D80D4B5A68520603D47E
:10348000D3F8DC31002B0FDAD0F8DC2101238B409C
:103490001343D0F8DC219BB263F30F02C0F8DC21A8
:1034A00000207047012070474FF40450704700BF60
:1034B00000380424B1F5007F14D2B2F5806F11D228
:1034C00043686FF38A234360C36861F31843C360A2
:1034D000C36862F30903C360436843F480634360D5
:1034E00000207047012070470F2925D8012A05D1F7
:1034F000436A6FF3D753436200207047022A0BD10F
:10350000436A6FF300034362436A6FF30413436239
:10351000436A6FF3C303EEE7084BD3F8DC31002BAB
:10352000EADA436A0122C3F3CF138A4023EA020195
:10353000436A61F3D613DEE70120704700380424A4
:103540000F2903464FF0010014D81A6A00FA01F15E
:1035500089B2186AC2F30F220A4362F31720186275
:103560001A6AC2F30F2222EA0102196A62F31721D2
:10357000196200207047000010B510B1012804D076
:1035800010BDBDE81040FFF7DDB84FF4006003F058
:10359000E3F90A4A13786FF300031370DBB2002BD0
:1035A000EED1074B07484FF000729A64064B1B6A36
:1035B000BDE81040DB6B0221184700BF0038010056
:1035C00000840424001404240001300013B50D4BC2
:1035D000ADF804004FF40062C3F88020BFF34F8FB2
:1035E000BFF36F8F01210322084604F06BFA0446F3
:1035F00028B90120FFF7C0FF204602B010BD4FF0F0
:10360000FF30FAE700E100E04368064A61F349232E
:103610004360D2F8403443EA4143C2F840340020CA
:10362000704700BF00A0052484B02DE9F04F2DEDB8
:10363000048BEDB07AAC84E80F009DF87D33629383
:103640004FF4C47201237DA9684669939DF87C53A9
:10365000DFF894A307F0A4F994E80E006298FFF74E
:103660003BF908EE900AFFF71FF9DAF8048007EE3D
:10367000900A07EE108AF8EE677AB8EE477AB7EE4E
:10368000008A88EE079A88EE277AC7EE097A17EE45
:10369000900A05F0BFFC08F0FBFE05F0ADFFC8EE98
:1036A000897A84B217EE900A05F0B4FC08F0F0FEB7
:1036B00005F0A2FF86B2B44208BF01347F9F08BF65
:1036C000A4B2002D65D1B8FBF4F3AAF80060AAF803
:1036D0000240DFF818A363930DF5FC7B5146AAF274
:1036E0005E284FF00209629AEBB29A4200F2C8805B
:1036F000B74DDFF8F4B2FFF76DF8224631462846A1
:10370000FFF7D8FE01212846FFF77EFF6B68B14E18
:1037100043F000636B606B6843F040036B606B6861
:103720006FF341036B603323C5F8E4316B6843F0FA
:1037300004036B60D5F8DC3143F00043C5F8DC319D
:103740000DF2DA23659306F18103A6AF06F13E0A76
:1037500066930DF5F47800246791629AE3B29A4279
:1037600000F2D7809C4B6A9300229C4B6B9369A913
:10377000012004F00BF910B1452840F0258169992A
:103780006AAA012004F070F9003818BF01204042F5
:1037900069E0204605F02CFCB8FBF7F78046384678
:1037A000894605F015FC02460B464046494605F0A1
:1037B000FBFE00285ED1AAF80060AAF8024022466B
:1037C00031468348FFF776FE01218148FFF71CFF51
:1037D0007F4B5A6842F000625A605A686FF3861253
:1037E0005A606A1E012A5A684FF0000194BF42F0E5
:1037F000020265F341025A60C3F8E4115A6842F0CC
:1038000004025A60D3F8DC2161F3DF72C3F8DC21D3
:103810009DF8E9219DF83C029DF84C125AB1D3F86D
:10382000084262F34924C3F80842D3F8084261F31E
:103830004814C3F80842664CD4F8083260F3040315
:10384000C4F80832FFF798F92A4600212046FFF70E
:103850004BFEBAF80220DAF80430B3FBF2F3604A08
:103860000020C2F880326DB0BDEC048BBDE8F04F93
:1038700004B07047BAB2AAF80060AAF802209FE725
:103880009DBB639BB3FBF7F39BB2012B8CBFA8F8E6
:103890006032A8F86092629B012B08D04A881046DB
:1038A000FEF7EAFF18B91046FEF7EFFF4880DFED9C
:1038B0004D7A524600231FFA85FC32F8020F07EEBC
:1038C000100AB8EE477A0133C8EE076A9BB2634527
:1038D00077EEA67AF1D9F4EEC87AF1EE10FA0DDCA3
:1038E000013502310BF1040BFDE6DBE90032B3FBDD
:1038F000F2F20B8813FB02F34B80CCE75246002315
:1039000032F8020F01339BB2400063451080F7D9B3
:10391000E6E798F8549098F86430649318F8013FFB
:10392000639300934A462146649B2846FFF74FFD68
:1039300036F8021F328C012A08D0A30003F110537D
:1039400003F58723A3F83811C3F8782121462846C8
:10395000FFF790FDDDE963214846FFF70DF92146A9
:103960002846FFF71FFD659B33F8029F6593679B11
:10397000CDE90099CDE902332146D7F8A4307A6E1B
:103980002846FFF7C7FA21462846FFF7F7FC002232
:1039900021462846FFF7A8FDBBF80220DBF80430DB
:1039A000B3FBF2F3328CB3FBF2F34AF8043F57F85F
:1039B000043FA6F8D090CAF85030669B639A03F88B
:1039C000012F01346693C8E64FF0FF304BE700BF8C
:1039D000003804240E370100153720082537200849
:1039E000D034010000000000B03401002E37010087
:1039F00084B02DE9F04F2DED048BEBB078AC84E86A
:103A00000F0021469DF87533DFF810A311F80C8BD9
:103A100062934FF4C4720123684667939DF8746300
:103A20008AF8008006F0BCFF94E80E006298B44D5E
:103A3000FEF752FF08EE900AFEF736FFD5F804B005
:103A400007EE900A07EE10BAF8EE677AB8EE477AFA
:103A5000B7EE008A88EE079A88EE277AC7EE097AD1
:103A600017EE900A05F0D6FA08F012FD05F0C4FD35
:103A7000C8EE897A84B217EE900A05F0CBFA08F006
:103A800007FD05F0B9FD87B2BC4204BF0134A4B202
:103A9000002E55D1BBFBF4F378AA649308F104031C
:103AA00002EB830397492F806C800DF5F8796593BD
:103AB000629AF3B29A4200F2C180934EFEF78AFEF8
:103AC000224639463046FFF7F5FC01213046FFF724
:103AD0009BFD73688D4C43F000637360736843F023
:103AE0004003736073686FF3410373603323C6F858
:103AF000E431736843F004037360D6F8DC3143F0BB
:103B00000043C6F8DC310027629AFBB29A4200F209
:103B100007817F4B689300227E4B699367A9012040
:103B200003F034FF10B1452840F07B81679968AA03
:103B3000012003F099FF003818BF0120404271E0D6
:103B400078AB03EB88082046D8F81430BBFBF3FBB6
:103B500005F04EFA80465846894605F039FA024685
:103B60000B464046494605F01FFD002861D12F80D5
:103B70006C80224639466448FFF79CFC012162486C
:103B8000FFF742FD604B5A6842F000625A605A6883
:103B90006FF386125A60721E012A5A684FF00001B4
:103BA00094BF42F0020266F341025A60C3F8E41186
:103BB0005A6842F004025A60D3F8DC2161F3DF72E4
:103BC000C3F8DC219AF8002002F5F0726A4492F8FA
:103BD000540092F8641052785AB1D3F8084262F354
:103BE0004924C3F80842D3F8084261F34814C3F8E3
:103BF0000842454FD7F8083260F30403C7F808328B
:103C0000FEF7BAFF9AF80040324621463846FFF7E1
:103C10006BFCA0346A886B68B3FBF2F33B4A42F852
:103C2000243000206BB0BDEC048BBDE8F04F04B035
:103C300070471FFA8BF22F806A809BE708F5987314
:103C4000DFF8C8B06393002E50D1659B649A5B681F
:103C5000B2FBF3F39BB2639A012B98BF02232BF8BC
:103C60001230629B012B08D04A881046FEF704FEF2
:103C700018B91046FEF709FE488078AB03EB4803FD
:103C8000B0B2B3F8F430012B01BF08F598723BF8DD
:103C900012309B082BF81230639B3BF8133007EE71
:103CA000903AF8EE677A002288EE277ADFED1A7AEA
:103CB00001321FFA82FC844577EE877AF8D9F4EE58
:103CC000C87AF1EE10FA0CDD002201321FFA82FCF4
:103CD0005B0084459BB2F8D90C4808F5987220F82F
:103CE00012300136023109F10409E1E6D9E9003266
:103CF000B3FBF2F20B8813FB02F34B80B1E700BF7A
:103D0000B03401002E37010000380424D034010003
:103D1000153720082537200800000000AC340100CA
:103D20009AF80010639101F5F0736B44304693F8F4
:103D3000548093F8649093F801B0CDF800B04B46EE
:103D40004246FFF744FB639901F5907334F8130082
:103D500001F5987334F81320012A08D08B0003F181
:103D6000105303F58723A3F83801C3F878213046B0
:103D7000FFF780FB5A4649464046FEF7FDFE9AF89B
:103D8000008030464146FFF70DFB78AB03EB48035C
:103D900078AAB3F8F43002EB88000122CDE90222C0
:103DA000CDE900334146D0F85431D0F814213046E3
:103DB000FFF7B0F89AF8008030464146FFF7DEFA88
:103DC000414600223046FFF78FFB08F1A0026988C8
:103DD0006B68B3FBF1F308F59871013734F81110F3
:103DE000B3FBF1F344F8223078AA02EB480208F55D
:103DF000C473B2F8F42024F8132078AA02EB8802E6
:103E000008F1B403D2F8B42044F8232008F5F07286
:103E100004EB08030DEB020898F8012083F8C02298
:103E200072E64FF0FF30FDE6D0F8E03143F00103D9
:103E3000C0F8E031002070472DE9F341374B9A6A12
:103E40000192019A16020DD5426A1502C2F3C050C2
:103E500008D45A6A42F400025A62314B9B69042129
:103E6000984718E0019BDC0709D52C4A136A43F0F8
:103E7000010313622A4B05219B690020F0E7019C96
:103E800014F080740BD02548012100F095F8254BE3
:103E900002201B689847002002B0BDE8F0811F4B4C
:103EA0005A68500603D4D3F8DC31002B24DA1E4DB7
:103EB0001A4E1B4F019BE21DD340D90717D521464F
:103EC0003046FFF73DFB2B785FFA84F8B3FA83F2B4
:103ED000520941463046FFF787F8BB6913B100210C
:103EE000404698472B78B3FA83F35B092B70013473
:103EF000102C05F10105DDD1084B5A689207CAD490
:103F0000D3F8DC11C90FC6D15A6842F004025A60D6
:103F10000198034BC0B29B69A2E700BF003804249C
:103F2000B034010004380100903401000148FFF76B
:103F300083BF00BF00380424030548BF20F400609D
:103F4000174B58BF40F40060D1B11A8A93ED057A3F
:103F5000821A07EE902AF8EEE77A67EE877AFDEE8E
:103F6000E77A17EE903A18B2B0F5805F11DA0028C0
:103F700012DDB0F5006F10DBA0F5006000B27047F5
:103F80001A8993ED037A821A07EE902AF8EEE77AFF
:103F9000E3E740F6FF70EFE7002000F50060EDE793
:103FA000B0340100406921B11146C0F30B00FFF7A6
:103FB000C3BFC0F30B007047436A01291DBF43F024
:103FC00002034362436A43F0807318BF43F0040363
:103FD0004362002070472DE9F04F92F806C092F836
:103FE00002A05378D5781679577992F807E092F8BD
:103FF000088092F8099092F80AB0D47A127802B345
:104000005B0643EA4B7343EA8A5343EA495343EA64
:10401000085343EA4E4343EA0C4343EA473309015A
:10402000026843EAC62301F1105143EA852301F5F2
:10403000872142F0004243EA44230260CB63BDE89B
:10404000F08F02686CF3C712026002686AF34F32A5
:104050000260026863F313420260036865F3410380
:104060000360036866F383030360036867F3061362
:10407000036003686EF30A230360036868F3CB23CD
:104080000360036869F30C33036003686BF3145334
:104090000360036864F300030360D0E7F7B50268C8
:1040A000136B916A0446906C019013F00E0F019807
:1040B0000BD0936B0093D36B0093136C0093009B16
:1040C000E36A01225A71022024E00D0740F1898041
:1040D000D80640F18680216B486800287FD0CB68E5
:1040E0000D68AB42EFD26A4D2D78012D3FD192F889
:1040F00060205D1CCD60C254236BD9681A68914260
:104100005ED32268D36A23F01003D362E36A0022ED
:104110001A710120E36A1A68002A60D023685D4999
:104120008B4200F0B08001F57F018B4200F0AD8042
:104130005949591A4B424B415B0040EA8370904702
:1041400094F83430032B0BD1544B1B781B0103F133
:10415000105303F5982301225A605A68012AFCD1B2
:10416000E36A1A79002A3AD000221A7137E0022D48
:104170000BD1126E5D1CCD60C254236BD968586898
:104180004D1CDD60120A4254B6E7042DB4D1126E04
:104190005D1CCD60C254236BD96858684D1CDD602E
:1041A000130A4354236BD96858684D1CDD60130C07
:1041B0004354236BD96858684D1CDD60120EE2E74A
:1041C00094F8342002F0FD02012A08D19B6833B92B
:1041D0002368A5221A662268936ADF07FCD403B01D
:1041E000F0BD4E07FBD5DD07F9D5216B8D68002D9D
:1041F000F5D00B6908688342BFF465AF24480078A6
:1042000001281ED1581C0861EB5C82F8603094F8DC
:10421000343003F0FD03012B03D12268936AD807E1
:10422000FCD4236B1A691B689A42D8D32368DA6AD4
:1042300022F00102DA621B68C3F30123012BCED105
:1042400064E7022809D15E1C0E61E85C02330B6151
:10425000AB5D40EA03231366D9E70428D7D15E1C7F
:104260000E61981CEF5C086115F806C0DE1C0E613B
:10427000285C043300040B61AB5D40EA0C2038433A
:1042800040EA0363E7E7002357E7012355E700BF50
:104290000938010000000244000804240838010025
:1042A00010B4034C2468646CA4465DF8044B60476A
:1042B00000013000024B1B68D3F8B830184700BF2C
:1042C00000013000024B1B68D3F8C030184700BF14
:1042D00000013000024B1B68D3F8C830184700BFFC
:1042E00000013000024B1B68D3F8E830184700BFCC
:1042F00000013000014BDB685B69184700013000AA
:10430000F0B5436885B00024B3F1884F01940546A9
:10431000029403940BD0774A934208D0764A934292
:1043200000F0D180754C181B4442444164009A68E7
:104330000192019A02F00602062A4FEA84742CD1F7
:104340005B690293029B990710D56A6913686BB188
:1043500001215171202098476B6993F82820032A86
:1043600004D193F826300BB144F01004029B5A0795
:1043700007D56A69136823B1012111724FF40070E7
:104380009847029B1B0740F1A0806A69136823B11C
:104390000121D1714FF480709847019B9E071DD574
:1043A0006B691E6910201A6A6968964209D09F6974
:1043B0000138BF5C0F6002F101021A62F3D196422C
:1043C0000CD14A6822F002024A60002283F82620BB
:1043D0001B681BB144F0010420469847019B580715
:1043E00038D56B691A68002A34D06A685169C907E0
:1043F00025D511685A69DB69D1546B69DA69D968C6
:1044000001328A42DA611AD169684A6822F00102EF
:104410004A6093F82820023A0021012A197164D8D1
:1044200093F8272083F82710022A5ED0032A59D058
:10443000012A01D144F001041B68204698476B69AA
:104440001A683AB1D969DB68994203D044F0400454
:1044500020469047019B1A074AD16B689B690393DA
:104460006B78DB0608D5039BDF0705D56B6944F441
:1044700080641B68204698476B785E0608D5039BCE
:10448000980705D56B6944F400641B68204698477B
:10449000AB78D90708D5039B5A0705D56B6944F457
:1044A00000541B682046984795F90130002B1FDA0D
:1044B000039B1B071CD56B691B6844F4805005B037
:1044C000BDE8F0401847012431E7029BDF067FF585
:1044D00064AF6A691368002B3FF45FAF01219171EB
:1044E000802059E744F00404A6E744F00204A3E75F
:1044F00005B0F0BD0001004400000245001804248E
:1045000030B504460AB3B0F5E10F1ED853688025D4
:10451000DD608900B1FBF0F1D3F8C0006FF3050056
:10452000C3F8C000002018605860D860DD60C1F397
:1045300087151D60C1F3873501F03F015D60C3F849
:10454000C010D8605369DC6230BD40F20160FBE707
:104550002DE9F7434E69DDF8289096F8295015F0BB
:1045600001050C46174698466ED1C6E9000535721E
:1045700086F8265086F824504B68B3F1884F02D055
:10458000354A934212D1354B10229A60344BA26BBC
:10459000DB69019294F834200092D3F8A45094F887
:1045A0003C20002301214FF08C40A84762682D4B2E
:1045B0009A4215D103F15F4303F5213310229A602B
:1045C000274BA26BDB69019294F834200092D3F858
:1045D000A45094F83C20012319464FF08C40A84782
:1045E0006268214B9A4210D103F5D8434FF4001270
:1045F0005A641B4B228F1B6A0092DD6994F83C20A1
:1046000094F8353019480121A847E3680BB92369AC
:10461000B3B16568B5F1884F08D00F4B9D4205D006
:10462000104B9D4202D0104B9D4211D10C4BDB68C8
:104630004A461D680B9B41463846A847C9F800000A
:104640006369012283F82920002003B0BDE8F083CC
:104650004FF0FF30F9E700BF00010044008404245C
:104660000001300000000245001804240014042456
:1046700038B54368B3F1884F04460D4602D01F4A4F
:10468000934207D11E4BDB690021D3F8E8304FF08D
:104690008C40984762681B4B9A4207D1184BDB69E4
:1046A0000121D3F8E8304FF08C4098476268164BF0
:1046B0009A4205D1124B15481B6A0821DB6B9847BB
:1046C000E3680BB923698BB16368B3F1884F08D0F5
:1046D0000A4A934205D00B4A934202D00A4A9342B7
:1046E00009D1074BDB6828465B689847636900205F
:1046F00083F8290038BD4FF0FF30FBE7000100448C
:1047000000013000000002450018042400140424B5
:1047100070B50C4615461E4620B1022872D06FF0C7
:10472000030070BD91F9080000280CDB43094749DC
:1047300000F01F0020330122824041F82320BFF304
:104740004F8FBFF36F8FE06862696368B0B192F812
:1047500026209AB1B3F1884F0BD03D4A934208D03E
:104760003C4A934205D03C4A934202D04FF0FF307E
:10477000D7E7007932462946FFF7BCFDD4E90402A9
:10478000636890B1127982B1B3F1884F08D0304A92
:10479000934205D02F4A934202D02F4A9342E5D14B
:1047A000007932462946FFF7A5FD63682B4AB3F12D
:1047B000884F05D026498B4202D026498B421DD115
:1047C0001023D36094F90830002B09DB5A0901212A
:1047D00003F01F03994002F160031C4A42F82310C2
:1047E000636900225A601A7283F8262093F8292000
:1047F00022F0020283F82920002092E74FF40013F0
:104800009364DFE74A6992F82930D907AED513F0EF
:104810000203F1D161684B605360137282F8263055
:104820004FF44073138594F90830002BE4DB03F058
:104830001F015B099B0003F1604303F56143012203
:104840008A40C3F880211A60D6E700BF00E100E08B
:1048500000010044000002450018042400840424E0
:104860002DE9F04F8FB00DF11C0A06460D4690461B
:1048700000211C225046DDF864901F4605F0DAFF47
:10488000002E00F08D80002D00F08A80D8F81420D2
:1048900092F82930580704D44FF0FF300FB0BDE82C
:1048A000F08F92F82630002B7DD1012482F826402B
:1048B000D8F80CE013629661D8F804301561BEF1A7
:1048C000000F59D0B3F1884F099450D0374A934222
:1048D0004DD0374A93424CD0364A9342DCD12246DF
:1048E0000324CDE90C4201210B91DEF80000DEF833
:1048F00008C007919EF80410BEF800E0CEF3091E30
:104900006EF30D1000F0070BBBF1020F01BFBA6888
:1049100094686BF302049460274C0EF101029542F7
:10492000E26838BF05F1FF3ED2F808B0189ACDF81A
:10493000149038BFCEF3090E6EF30D10CDE903C20B
:10494000CDE9010A009532463846D8470130A3D058
:10495000D8F80C00E3680079DB6839464A46984786
:10496000E36849461B6938469847002096E71922B4
:10497000B7E71B220224B4E7596989060ED45A68A6
:1049800042F002025A60F0E74C1C1462715C19603C
:104990000138F4D0116AA942F6D1F0E71020F9E706
:1049A0006FF004007AE76FF0010077E70001004440
:1049B0000000024500180424000130002DE9F04FEA
:1049C0008FB0984607AB81460F4618461646002121
:1049D0001C22DDF864A005F02DFF0346B9F1000F9D
:1049E0007BD0002F79D0726992F82910490704D43E
:1049F0004FF0FF300FB0BDE8F08F117901296FD073
:104A000000250124546015723069D760C2F81490F3
:104A1000D561726800285BD0B2F1884FCDE90854A7
:104A200051D031498A424ED030498A424DD0304926
:104A30008A42DDD10324B0F800B0D0F800C0D0F82D
:104A400008E0CBF3091BCDE90C456BF30D1C0121EC
:104A50000B9107910CF007050021022D0A910179B5
:104A600001BFD8F80800846865F302048460214C13
:104A70000BF101008742E06838BF07F1FF3B856812
:104A80001898CDF814A038BFCBF3090B6BF30D1CAD
:104A9000CDE903E0CDE901C300974B464046A84766
:104AA0000130A5D03069E3680079DB6852464146A1
:104AB000984796F8403023B9E36851461B69404651
:104AC0009847002096E71825B5E71A250224B2E793
:104AD000536843F001035360F3E76FF0040089E784
:104AE0006FF0010086E700BF0001004400000245AE
:104AF00000180424000130002DE9F3470746DDE9E2
:104B00000AA8DDF83090084616461D461FB311B3BB
:104B10000AB35B6993F82920520723D595F84040E2
:104B2000F4B12A7812F0060F1CD0032283F8272054
:104B30003146CDE9008953462A46FFF73FFF60B969
:104B400053462A4631463846CDE90A8902B0BDE8C7
:104B5000F047FFF785BE6FF0040002B0BDE8F087B4
:104B60002046FAE74FF0FF30F7E74369186A7047CD
:104B70004369D869704700002DE9F0471C465B691E
:104B8000924693F8292080469007DDE90867894618
:104B900040F15E845FFA88F5A5F11501052900F260
:104BA0007B81DFE811F006005A00C200DB0005013E
:104BB0003901B9F1000F4BD06368B3F1884F05D0CC
:104BC0008F4A934202D08F4A934228D1E3695878A2
:104BD0003F280CD94038C0B2FFF784FBE3698A480C
:104BE0005A78403A0623D2B20021FFF759FBE36915
:104BF000D87808B1FFF766FBE3695878A0F119038C
:104C0000052B01D8FFF756FBE3695878FFF762FBE5
:104C1000E1697E488B784A780978FFF741FB626842
:104C20007B4B9A420AD1E3695878FFF75BFBE16955
:104C300075488B784A780978FFF732FB626992F8F9
:104C4000293043F0080382F829300020BDE8F087BE
:104C500022F0080283F82920F7E7B9F1000F61D0AC
:104C60006368B3F1884F05D0654A934202D0654A24
:104C700093423AD1236A58783F2816D9654B1B686E
:104C800040380121D3F8F030C0B29847236A5878F1
:104C90004038C0B2FFF726FB236A5B485A78403A97
:104CA0000623D2B20021FFF7FBFA236AD87808B1B5
:104CB000FFF708FB236A5878A0F11903052B01D8E8
:104CC000FFF7F8FA534B226A1B685078D3F8D430B8
:104CD00001219847236A5878FFF7FCFA216A4B486C
:104CE0008B784A780978FFF7DBFA6268484B9A427A
:104CF00012D1484B226A1B685078D3F8F03001215A
:104D00009847236A5878FFF7EDFA216A3E488B7876
:104D10004A780978FFF7C4FA626992F8293043F0BB
:104D2000100390E722F0100294E7B9F1000F0DD0C4
:104D300093F82620002A40F08F836168CA6842F009
:104D40004002CA60012283F826207EE76168CA68B3
:104D500022F04002CA6083F8269076E760684268D5
:104D600022F002024260D4E90352E2B9B5B10D2249
:104D7000826093F826309BB1B0F1884F08D0204B69
:104D8000984205D01F4B984202D0214B984207D140
:104D900028793A463146FFF7ADFA01E005238360F2
:104DA00063690022CFE70D228260002DE1D1F7E791
:104DB00060682569426822F0010242604DB9E368EB
:104DC0002BB903238360636900221A713DE70B232B
:104DD000F8E70B2282601B79002BF4D0B0F1884FEA
:104DE00008D0074B984205D0064B984202D0084B9A
:104DF0009842E8D128793A463146FFF77BFAE2E754
:104E0000000100440000024500C0042400001346D5
:104E100000180424000130006268E068516821F045
:104E20000301516098B193F8263083B1B2F1884FF5
:104E300008D07B4B9A4205D07A4B9A4202D07A4BEB
:104E40009A4204D100793A463146FFF753FAD4E941
:104E50000402636840B9E368E3B9072362689360BA
:104E6000636900221A716EE712799AB1B3F1884F23
:104E700008D06B4A934205D06A4A934202D06A4AEC
:104E8000934207D100793A463146FFF733FA236956
:104E9000002BE0D00F23E1E76A1E132A00F2E08224
:104EA000DFE812F05F0014007100AD00C8003001AF
:104EB000DE02DE02DE02DE02DE02DE02DE02DE02F2
:104EC000DE023601170030013901300194F840301C
:104ED00013B96FF00600B9E66268514B9A42F8D1F7
:104EE000237899073DD5A36958783F280CD94038D5
:104EF000C0B2FFF7F7F9A3694C485A78403A062345
:104F0000D2B20021FFF7CCF9A369D87808B1FFF736
:104F1000D9F9A3695878A0F11903052B01D8FFF737
:104F2000C9F9A3695878FFF7D5F9A16940488B788A
:104F30004A780978FFF7B4F963689A6D42F0010284
:104F40009A659A6D42F002029A6594F841109A6D42
:104F5000002951D042F010029A659A6D42F0200269
:104F60009A6508F4E066B6F5A06F00F0ED8000F2F7
:104F7000D680002E00F0EB80B6F5807F00F0E9804F
:104F80006FF0080062E66268254B9A42A1D123784F
:104F90005A079ED5A36958783F280CD94038C0B22B
:104FA000FFF7A0F9A36921485A78403A0623D2B204
:104FB0000021FFF775F9A369D87808B1FFF782F9E6
:104FC000A3695878A0F11903052B01D8FFF772F9EE
:104FD000A3695878FFF77EF9A16915488B784A785C
:104FE0000978FFF75DF963689A6D42F001029A65EE
:104FF0009A6D6FF34102A7E761F30412ACE72178E1
:105000000B07AED563681A6C42F001021A641A6C81
:105010008F074CBF6FF3410242F002021A64A0E70F
:1050200000010044000002450018042400C00424CC
:10503000000013466368B3F1884F03D09C4A934243
:105040007FF447AF2378DE067FF543AFE36A5878F5
:105050003F280CD94038C0B2FFF744F9E36A9548BD
:105060005A78403A0623D2B20021FFF719F9E36AD1
:10507000D87808B1FFF726F9E36A5878A0F1190348
:10508000052B01D8FFF716F9E36A5878FFF722F9E4
:10509000E16A89488B784A780978FFF701F9236B30
:1050A00058783F280CD94038C0B2FFF71BF9236B62
:1050B00080485A78403A0623D2B20021FFF7F0F830
:1050C000236BD87808B1FFF7FDF8236B5878A0F16F
:1050D0001903052B01D8FFF7EDF8236B5878FFF77C
:1050E000F9F8216B74488B784A780978FFF7D8F87B
:1050F0002378D8067FF5EDAE6268136943F040036C
:1051000013612EE7257815F020053FF42AAFE0E67D
:1051100083F8249099E5257815F04005F5E7B6F574
:10512000C06F18D0B6F5E06F7FF42AAF00260227D3
:1051300008F44053B3F5805F10D0B3F5005F1BD087
:1051400073B16FF0090081E500260027F0E703271F
:10515000EEE70926F9E700260127E9E747F01807F7
:1051600008F44043B3F5804F09D0B3F5004F06D0A3
:105170003BB16FF00A0069E547F00807F0E747F038
:10518000040708F44032B2F5003F636800F0E8809D
:1051900009D8002A00F03181B2F5803F00F09280FA
:1051A0006FF00B0052E5B2F5403FF9D1627802F0A2
:1051B0001802182A74D1B3F1884F05D03C4A9342A3
:1051C00002D03E4A934251D1636A58783F280CD9A5
:1051D0004038C0B2FFF786F8636A36485A78403ADA
:1051E0000623D2B20021FFF75BF8636AD87808B1D2
:1051F000FFF768F8636A5878A0F11903052B01D806
:10520000FFF758F8636A5878FFF764F8616A2A482C
:105210008B784A780978FFF743F8A36A58783F28D3
:105220000CD94038C0B2FFF75DF8A36A21485A781C
:10523000403A0623D2B20021FFF732F8A36AD878A9
:1052400008B1FFF73FF8A36A5878A0F11903052BBE
:1052500001D8FFF72FF8A36A5878FFF73BF8A16A47
:1052600015488B784A780978FFF71AF86268144B6A
:105270009A4215D1A36A5878FFF734F8A16A0D480D
:105280004A788B780978FFF70BF8636A5878FFF74C
:1052900029F8616A07488B784A780978FFF700F89F
:1052A000238803F4C073B3F5C07F54D078E700BF00
:1052B0000001004400C00424000013460000024521
:1052C000001804246278110740D5B3F1884F05D047
:1052D000694A934202D0694A934228D1A36A587816
:1052E0003F280CD94038C0B2FEF7FCFFA36A6448DF
:1052F0005A78403A0623D2B20021FEF7D1FFA36AC2
:10530000D87808B1FEF7DEFFA36A5878A0F1190338
:10531000052B01D8FEF7CEFFA36A5878FEF7DAFF17
:10532000A16A58488B784A780978FEF7B9FF626815
:10533000554B9A420AD1A36A5878FEF7D3FFA16A67
:105340004F488B784A780978FEF7AAFF94F9003025
:10535000002BBFF625AF6268136943F022034BE0D0
:105360006278D20640D5B3F1884F05D0424A9342C5
:1053700002D0424A934228D1636A58783F280CD918
:105380004038C0B2FEF7AEFF636A3D485A78403AF3
:105390000623D2B20021FEF783FF636AD87808B1F2
:1053A000FEF790FF636A5878A0F11903052B01D826
:1053B000FEF780FF636A5878FEF78CFF616A314818
:1053C0008B784A780978FEF76BFF62682E4B9A4219
:1053D0000AD1636A5878FEF785FF616A29488B789D
:1053E0004A780978FEF75CFF6378DB077FF5D8AE73
:1053F0006268136943F020031361AB1E012B05D8CB
:1054000018F4802F30D118F4002F31D1D4F8048053
:10541000D8F8103023F01003C8F810302246514657
:105420004846FFF76DF86369012183F82850C8F8F2
:105430000810C8F80C70C8F8CC60D8F8AC2061F33C
:10544000C402C8F8AC2093F8292042F0040201E419
:105450004FF0FF30FFF7FABB6FF00100FFF7F6BB2C
:105460006FF00300FFF7F2BB6FF00C00FFF7EEBB2D
:105470006FF00D00FFF7EABB000100440000024599
:1054800000C0042400001346001804244269436845
:10549000107A5969137981F080015B00C1F3C01162
:1054A00003F002030B435179C90001F008010B43DB
:1054B0009179090101F010010B43D179490101F003
:1054C000200180010B4300F04000184370470000AA
:1054D0004B6993F829305B0733D54B68002B33D0E9
:1054E00040B94A7812072FD51A6922F002021A61D0
:1054F00000207047012806D14A78100724D51A6980
:1055000042F00202F3E702280CD1B3F1884F02D037
:105510000F4A934218D14A78910615D51A6922F09C
:105520000102E4E70328E3D1B3F1884F02D0084A2F
:10553000934209D14A78920606D51A6942F00102CF
:10554000D5E74FF0FF3070476FF00300704700BFA2
:1055500000010044426830B5044612B3436993F831
:10556000293013F004001DD065789269A07815F0F9
:10557000100318BFC2F3001315F0400118BFC2F3A7
:10558000401110F0010018BFC2F380102C060DD599
:10559000C2F3C01243EA410343EA820343EAC00074
:1055A00030BD1046024601460346F3E70022F1E70C
:1055B000194BDB6919072CD4184BD3F8742122F04E
:1055C0000202C3F87421D3F874210A2000BF013805
:1055D00010F0FF00FAD1D3F87421520707D4D3F8A2
:1055E0007421D10703D4D3F86C21920709D40B4A54
:1055F000D2F8743143F00203C2F8743100F00100B4
:1056000070470222C3F87021D3F87021A622C3F894
:1056100078210120F2E700BF000008120080004658
:10562000064BD3F8742142F00202C3F8742102221F
:10563000C3F86C21A62002F059BC00BF00800046D0
:1056400041F20273984221D011DC41F20453984296
:105650001CD005DCF8B101280CBF212001207047C7
:1056600041F2017398420CBF11200120704742F2B1
:10567000041398420CD042F2061398420AD042F228
:10568000031398420CBF212001207047212070474E
:10569000282070472B207047014BDB695B6E184751
:1056A00000013000014BDB699B6B184700013000A3
:1056B000014BDB695B6A184700013000454B99429A
:1056C00070B50C4615460AD9434B4FF400125A6286
:1056D000424B10229A615A6C42F010025A6401281F
:1056E00042D0022861D060BB3D4B3E4EDB690121B8
:1056F000D3F8EC30A422084698473B4B9C60FFF758
:10570000D7FF3A4B9D4205D106F0C6FF736823F4DC
:10571000404373604FF45943A6F86030304BDB6967
:105720002A469B6821464FF08C40984750B9304B31
:105730009C420BD82F4B4FF40032DA664FF4802294
:10574000DA660020BDE87040FFF77ABF2A4B9C4222
:10575000F7D9284BDA6E9203F3D44FF480229A667D
:105760004FF400329A66ECE71F4B1E4E5C61FFF768
:1057700093FF1E4B9D4205D106F08EFF736823F404
:10578000404373604FF45943A6F8A030144BDB69D3
:105790002A469B6D21464FF08C4098470028D1D176
:1057A000592CC7D95A2CD4D1CBE70F4B9C61FFF7AA
:1057B00079FF06F071FF0B4B4FF45942A3F8E0203C
:1057C000074BDB692A46DB6B21464FF08C4098473C
:1057D000B8E700BFFF0D2707000028200080004623
:1057E0000001300000801846282F0100005A620294
:1057F0007F4A5D0500840424BF8C6C05052870B5C4
:1058000005460E4637D81D4B99420DD81C4A536A9F
:1058100023F4001353621B4B9A6922F010029A6121
:105820005A6C22F010025A64002211464FF08C404C
:1058300001F07EFA0446FFF703FF0246E0B9DDB14E
:10584000042D13D1104A31460120FFF737FF04B26F
:105850002046FFF7F5FE024670B929464FF08C400E
:1058600001F066FABDE87040FFF7EABE022DEFD105
:10587000054A3146E9E72122104670BDFF0D270792
:105880000000282000800046005A620213B506F08E
:1058900003FF03214FF08C4001F02AFB06F0FCFED1
:1058A000032001F0A9FC0C490220FFF7A7FF0B4AD7
:1058B0000B490120FFF702FF0A4B0122DB6900922E
:1058C000D3F8A04000231A4602214FF08C40A04795
:1058D000002002B010BD00BF0095BA0A005A620253
:1058E0000068890900013000012808B50CD00228A1
:1058F00012D0C8B919B1FFF7DBFE002008BD0B4B71
:10590000DB691B6A9847F8E711B1FFF7C5FEF4E7BA
:10591000064BDB695B6DF5E711B1FFF7C3FEECE702
:10592000024BDB695B6BEDE72120E7E7000130000C
:1059300013B500F09BF9022802D1002002B010BD7F
:1059400002214FF08C4001F0D3FA022001F054FC08
:1059500000210846FFF752FF0028EFD1064B012235
:10596000DB690092D3F8A0400246034601464FF09F
:105970008C40A047E1E700BF0001300037B50D467D
:10598000062800F29280DFE800F004047F450A8CCC
:1059900004000224FCF756F8204603B030BD06F0A0
:1059A0007BFE03214FF08C4001F0A2FA06F074FE5A
:1059B000032001F021FC85B13D490220FFF71EFFC5
:1059C00004460028E6D13B4A3B490120FFF776FE1A
:1059D00004460028DED102250EE038490220FFF7F8
:1059E0000DFF04460028D5D1324A34490120FFF783
:1059F00065FE04460028CDD1314B0122DB690092BF
:105A0000D3F8A04000231A4629464FF08C40A04707
:105A10000024BFE706F040FE03214FF08C4001F068
:105A200067FA06F039FE032001F0E6FB8DB1254947
:105A30000220FFF7E3FE04460028ABD11D4A2149AE
:105A40000120FFF73BFE04460028A3D101230225D5
:105A500014E029462846FFF7D1FE164A04461146AF
:105A60002846FFF72BFE002C94D1124A0120114644
:105A7000FFF724FE044600288CD10223104AD26985
:105A80000093D2F8A040BDE701F0CEF80E4B9A6922
:105A9000142161F315429A610C4A0D4BD3620D4AF1
:105AA0001360FFF745FF044674E7212472E700BF47
:105AB0000095BA0A005A62020068890900E1F505FA
:105AC0000001300000B4C40400810424282F010028
:105AD000002D3101782F0100134BDB691B0713B533
:105AE00020D4124BDA69022161F30202DA61DA6929
:105AF00061F31242DA614FF08C439A6D002AFCDAAE
:105B00009A6A6FF303029A62094B0122DB690092E1
:105B1000D3F8A04000231A4619464FF08C40A04706
:105B200002B010BD0020FBE7000008120081042431
:105B300000013000F8B58B1EDBB2022B9CBF174A68
:105B4000D45C00F1FF3306460F4688BF0024052BC6
:105B500006D8DFE803F00F0C0903121544F0020425
:105B60000F4B1D687DB9F8BD44F00804F8E744F018
:105B70002004F5E744F04004F2E744F08004EFE746
:105B800044F48074ECE76B681A68144203D05B68D5
:105B90003946304698472D68E4E700BF04D920080D
:105BA0001038010038B50A4D2C786CB972B6094826
:105BB00006F062FD084B1C601C7100F051FC0123D3
:105BC0002B7062B6204638BD62B61220FBE700BFDC
:105BD00014380100103801000A380100054A127813
:105BE0001AB120B1002100F04FBA112070472220D5
:105BF000704700BF14380100034B1B780BB100F055
:105C0000AFBA1120704700BF14380100044A12785F
:105C100012B118B100F0B8BA1120704722207047B5
:105C20001438010008B50B4B1B78014673B10128ED
:105C30000ED8094A094B30B972B618781170FFF7BF
:105C40009DFE62B608BD72B60121F6E71120F9E7A4
:105C50002120F7E7143801000F380100800600000A
:105C6000014B1878704700BF0F380100014B1878BE
:105C7000704700BF80060000084B042013F8012D78
:105C80001AB9013810F0FF00F8D1054B1B78034317
:105C9000DBB2002B08BF0520704700BF0F380100A2
:105CA0000A38010000B591B001A803F043F89DF84F
:105CB0000430032B03D1002011B05DF804FBFFF783
:105CC000DBFF0528F7D106F0EFFC0028F3D0FFF743
:105CD0006FFCF1E738B5114D0521287800F02CFA5A
:105CE000B8B10F4B1B78B3B1287800F0A9F904467E
:105CF00068B9FBF787FB0028F6D10A4B1878FFF745
:105D000091FF044618B929780520FFF713FF2046B4
:105D100038BD0224FBE71124F9E700BF800600002C
:105D2000143801000F38010008B5FFF799FFBDE8EE
:105D3000084001460320FFF721BE08B5FFF790FF9A
:105D4000BDE8084001460420FFF718BE194A1A4969
:105D500042F2100310B59360D1F8843443F0440349
:105D6000C1F8843401239366144BD3F874211107CE
:105D700009D4D3F8742142F00102C3F87421D3F896
:105D800074211207FBD50D4C1023C4F86C3101238C
:105D9000C4F87431D4F874311B07FBD5FBF7E6FC6B
:105DA00002F0AAF80223C4F86C31BDE8104006F0F6
:105DB0004FBC00BF008404240080042400800046FF
:105DC000F8B5474B0446D86910F008000E4602D1DA
:105DD0000121FFF789FDE368424D434F2068D4E974
:105DE0000121012BC5F8007FA7F10217C5F8CC7F70
:105DF00007D10027C5F8C87F3C4DAD696D69A8473C
:105E000036E0032B32D0052BF6D1394BD3F80426DC
:105E1000970403D4D3F880351D0211D54FF0905369
:105E2000D3F8C830D90304D4324BD3F8C830DA03DE
:105E300006D52F4AD2F8803543F40063C2F8803586
:105E40002B4BD3F8802522F47F22C3F88025D3F88A
:105E50008025400000F47F201043C3F88005D3F86C
:105E6000802542F48012C3F8802501E0C5F8281F80
:105E70004FF00262D36A03F100631B689B0706D5EB
:105E8000D36A126B1344174A4033C2F8343F144BA1
:105E9000DD6915F008050BD129462846FFF724FDDA
:105EA00029460120FFF720FD29460220FFF71CFDAF
:105EB000217C304606F0D4FB41F2017398420DD0AC
:105EC00005DC18B101280CBF21200120F8BD41F2EA
:105ED000027398420CBF21200120F7E71120F5E75B
:105EE0000000081200100624AFBEAFBE0001300053
:105EF00000800424000004127FB50B4B1B6813F0D4
:105F0000407F0ED00123094A8DF81430084BCDE9AB
:105F10000123084B03930021032301A80493FFF7F7
:105F20004FFF07B05DF804FB00810424FC1E06242B
:105F3000002020081D1D000008B5264BDB691A074C
:105F400046D5254B5A6942F040625A615A6942F07F
:105F500040725A615A6942F440025A615A6942F4E5
:105F600040125A615A6942F400225A615A6942F455
:105F700070425A615A6942F470625A611A6C6FF346
:105F8000D3421A645A686FF300025A600A2200BFB3
:105F9000013A12F0FF02FAD10E49CA6912F0080262
:105FA000FBD10E48C16B21F03F01C163596862F318
:105FB0004201084A5960D3695B07FCD400F0F8FD40
:105FC00000F002FEC82300BF013B13F0FF03FAD12B
:105FD00008BD00BF000008120081042400840424CE
:105FE00008B5FFF7A9FF094BDB690022D3F8983009
:105FF000012110469847FFF733FE01460420FFF7C2
:10600000BDFCBDE80840FFF7A1BE00BF00013000A5
:1060100008B5FFF791FF094BDB690022D3F89830F0
:10602000012110469847FFF71BFE01460320FFF7AA
:10603000A5FCBDE80840FFF789BE00BF00013000A5
:1060400010B5831E022B86B016D80C4A0C4B0228C2
:10605000CDE901230B4B03934FF0000414BF112330
:1060600003238DF814400493FBF7D3F9214601A8CC
:10607000FFF7A6FE06B010BD2120FBE7FC1E06249C
:10608000002020081D1D000010B5002845D0026822
:106090001AB1244B1340002B41D043683BB98068B0
:1060A00050B9002932D0002A2BD1002010BD1E4C3F
:1060B000234234D08068D0B11C4C20422FD01C4CDD
:1060C00051B122B11B498A60F3B92060EDE7002B82
:1060D000FBD0184A5364F8E722B11649CA60D3B915
:1060E0006060E2E7002BFBD0124A9364F8E71148A6
:1060F00019B102B182604364D7E702B1C260836420
:10610000D3E70C4B9A60D0E74B64DEE7002ACCD093
:10611000084BDA60C9E78B64E2E72220C6E721205A
:10612000C4E700BF106A46000000EC1FFE07010034
:10613000008004240084042406280DD806290BD8E6
:106140003C2302385843054B00EBC1010B4418793E
:10615000003818BF012070472120704708D9200857
:10616000074B18420AD0074B1A6819B11043186040
:106170000020704722EA00021A60F9E721207047E8
:1061800000007F3F00810424002871D003793BB9CF
:106190000288C02A02D84188082922D921207047C4
:1061A000816851B9C3686BB9902232490B681343B7
:1061B00043F040030B6000207047CBB2002BEDD0C2
:1061C000C3680BB11A07E9D0C84300F47C7200071A
:1061D00042D1003A18BF012212012748C161416132
:1061E0003EE0032A10D9072A10D843F0020343F0F7
:1061F000040343F0080343F0100343F0200343F08B
:10620000400343F080030FE00123EEE70B2AEED9B1
:106210000F2AEED91F2AEED93F2A4FF00003ECD9FE
:106220007F2AECD9C02AECD1012913D903294FF0D8
:10623000000101D841F00401DA4312F00F020E48C8
:1062400018BF0122D201016642F010020165C3614C
:106250004361AAE70221EDE742B190220029BCD1B7
:10626000002BA2D004490B660B659EE78022B4E7A1
:1062700022207047008104240084042408B51B4BAD
:10628000DB694FF08061D3F884304FF08C40984741
:10629000174800F0A7FB174800F0A4FB164B17485F
:1062A0005A6A22F400325A62154AD2F880106FF30B
:1062B0008611C2F880101349D1F8842422F04402D8
:1062C000C1F884241A6A42F001021A621A69342160
:1062D00061F306021A611A691F2161F316421A61FD
:1062E000BDE80840084900F067BF00BF000130006A
:1062F000544F00003C4F000000810424008204241D
:106300000084042400800424FF7F3E0013B5002095
:10631000FFF7B4FFFFF7A4FC01460220FFF72EFBB6
:10632000354BDB690020D3F89C309847002301935C
:10633000324BDB6913F0080357D13149314CD1F8A6
:10634000242442F00402C1F824242F4A5269019205
:106350006268012161F3420262600193019B092B93
:1063600045DD264A019B01330193D3695907F9D5CD
:106370006269012363F39B626261626963F319627C
:106380006261626963F39752626163691F4A6FF3E6
:106390001553636163696FF3D343636163696FF39B
:1063A0001043636163696FF35143636163696FF322
:1063B0005143636163686FF310436360636943F043
:1063C0001F036361D36B43F03F03D36300F0F6FB1D
:1063D00000F008FC6368094A43F001036360019B15
:1063E00001330193D3691B07F9D502B010BD00BF7B
:1063F000019B0133B1E700BF00013000000008122B
:1064000000100424008104240014042400840424C3
:10641000FFF77CBF10B586B00223002404934FF42D
:10642000D833CDE9013401204FF4F03303938DF8D4
:106430001440FFF723FFFAF7ECFF21460520FFF792
:106440009DFA054A136823F480031360012101A813
:10645000FFF7B6FC06B010BD00810424FFF7DABFD9
:1064600038B50D4C636A23F480236362FFF7FEFBAB
:106470000546FFF7F5FB01462846FFF77FFA0120A6
:10648000FFF7FCFE236843F480032360236843F492
:106490008023236038BD00BF0081042410B5074C61
:1064A000202384F81A3301214FF48020FFF7A4FB46
:1064B00010B94FF08063236010BD00BF00E100E021
:1064C0004FF4804000F07ABD044B4FF48072DA63E1
:1064D000034B4FF400629A60704700BF00810424B0
:1064E0000000081208B5284B4FF400621A60274AD2
:1064F000D2F88C3743F4004343F08003C2F88C3762
:10650000D2F88C375B06FBD5D2F88C27204BDFED19
:10651000216A9FED216A214902F03F021A601A6840
:10652000262A84BF26221A601D4A9268EAB11D48B5
:10653000C2F315020260D3ED007A90ED007AF8EE16
:10654000677AB8EE477A77EEA67A37EE267A67EE64
:10655000867AC7EE876AC1ED006AFFF7B5FF0A4B7E
:106560004FF400625A60086808BDD3ED007AF8EE77
:10657000677A77EEA67ADFED0C6A67EE867A87EEA9
:10658000A67A81ED007AE8E70000081200A0052451
:106590002038010089410B42333353401838010041
:1065A000CC4D00001C380100C4A08342F0B5A24CC1
:1065B000A24BA2680578A24E02EA0301027802F01B
:1065C00001020A439F49A2608A6802EA03044278F2
:1065D00002F00102920042EA951222438A600A699F
:1065E000457802EA03040278C2F344022243964C3F
:1065F0000A61A26802EA0301827802F003025201F2
:1066000042EAD5020A439149A2608A6884781A4016
:1066100042EA94028E4C8A60A268C1781A4001F066
:106620001F011143A160B268047902EA030504F076
:106630003F04C278640044EAD214C2F3411242EA31
:1066400084022A43B260834E4579B26802EA0304A9
:10665000027905F07F05920942EA850222437E4DC8
:10666000B260AA6802EA0304C27902F00F02224370
:106670007A4CAA60A268C579067A1A4042EA1512D5
:10668000774DA260AA6802EA0304427C02F07F020E
:106690002243AA60734DAA6802EA0304027A02F058
:1066A0007F022243AA60704DAA6802EA0304427A7C
:1066B00002F01F02520042EAD61222436B4EAA6039
:1066C000B268857A02EA0304C27A520042EAD5121D
:1066D000057B05F0010542EA45222243644DB26084
:1066E000AA68467A02EA0304827A02F07F02D200A4
:1066F00042EA56122243AA605E4D5F4EAA6802EA41
:106700000304B0F80D202243AA60B268457D02EA76
:106710000304027D05F00F0542EA05222243574D8E
:10672000B260AA68564E02EA0304427DC2F3021226
:106730002243AA60B268C57D477902EA0304827DDC
:1067400005F00F0542EA05222243B2604D4EC57D99
:10675000B26802EA0304027E120142EA1512457E83
:1067600005F00F0542EA05322243474DB260AA68A0
:10677000467E02EA0304827E120142EA1612224396
:10678000AA60424DAA6802EA0304B0F81B20224323
:10679000AA603F4DAA6802EA03048279560802F013
:1067A0000102520042EAD71242EA86022243847C66
:1067B000AA60457C90F8246004F00F02520052EA6F
:1067C000D512344D1EBFA96819401143A960324D3E
:1067D0001A4AAB6803EA0201437F03F00F030B433D
:1067E000AB602E4DAB6803EA0201837FC3F38303E2
:1067F0000B43AB602A4DAB6803EA020190F82530E9
:1068000003F007035B0043EAD6130B43AB60254D4F
:10681000AB6803EA0201C37C03F003035B0043EAB5
:10682000D4130B432049AB608B681A40837CC3F3BD
:10683000021313438B60F0BDAC4E00000000C0FF9C
:10684000344E0000984E0000804E0000684E00005C
:106850005C4E0000184E0000F04D0000E44D0000BA
:10686000744E0000D84D0000CC4D0000C04D00001B
:10687000C44E0000A84D0000B44D0000244D00009F
:106880009C4D0000904D0000844D0000784D0000AC
:10689000FC4D0000504E00006C4D0000604D0000AB
:1068A000544D00003C4D0000484D0000FAF7CEBEAC
:1068B000F0B5194D194C2B88E5B004F110010026F4
:1068C00000274FF4C2726846ADF88431CDE96267A3
:1068D00004F066F894E80F0000F090FE62A800F063
:1068E0004BFF2B78687843EA002000F0F5FFDDE9E4
:1068F000624532463B462046294602F073FE48B1C7
:10690000074B00222046294602F058FE10B1002015
:10691000FAF7F0FE65B0F0BD38080000A4060000EC
:1069200000004E4010B50A4A0A4BD2F80815D3F8B9
:106930000240E405FBD440EA5110C2F80805D3F840
:106940000220D205FBD4024BD3F8083510BD00BF9E
:1069500000A005240000052410F4405F0F4B0BD06D
:10696000D3F8042522F48012C3F80425D3F80425B3
:1069700022F40012C3F80425D3F80825084BD3F8F5
:106980000210C905FBD4C04300EA5210034AC2F802
:106990000805D3F80220D205FBD4704700A00524D7
:1069A000000005240D4A0E49D2F81035013823F0B5
:1069B000030310B5C0B2C2F81035D1F80230DC05BF
:1069C000FBD4D2F81045012383402343C2F810358D
:1069D000D1F80230DB05FBD410BD00BF00A00524B8
:1069E0000000052430B58BB000230193029303937C
:1069F0000493059306930793089309938DF8023047
:106A00008DF8033010B901200BB030BD019A50F859
:106A100022200292029A002AF5D001930121019CC2
:106A2000029A944201D30020EEE7019A00EBC202E1
:106A300052680392019A013250F832200492049A6B
:106A4000C2F384528DF80320049AD20E8DF80220EE
:106A50009DF802209DF80340121B01320592059A11
:106A6000162AD0D8039A126807929DF80320D2B252
:106A7000069208930993069C079A01FA04F422EA05
:106A800004020792099A089C01FA02F22243089232
:106A9000069A01320692099A013209929DF8032062
:106AA000059D069C2A44A242E5D8089C049A2240EF
:106AB0000492049A9DF80350079CAA402243049232
:106AC000039A049C1460019A01320192A7E730B541
:106AD0008BB00023019302930393049305930693D1
:106AE0000793089309938DF802308DF80330039AC9
:106AF00010B901200BB030BD019A50F8222002924B
:106B0000029A002AF5D001930121019C029A944235
:106B100001D30698EEE7019A013250F8322006922E
:106B2000069AC2F384528DF80320069AD20E8DF88D
:106B300002209DF802209DF80340121B01320492AE
:106B4000049A162AD5D89DF80320D2B2059208934C
:106B50000993099A089C01FA02F222430892059AC5
:106B600001320592099A013209929DF80320049D91
:106B7000059C2A44A242ECD8089C069A2240069220
:106B8000069A9DF80350079CAA4022430692019A58
:106B900001320192B9E700000148FFF723BF00BFAF
:106BA000984F00000148FFF71DBF00BF504E000086
:106BB0000148FFF717BF00BFD84F00000148FFF79B
:106BC00011BF00BFCC4F000008B50448FFF70AFF13
:106BD000BDE808400248FFF705BF00BFB84F0000FE
:106BE000244D000008B50448FFF7FCFEBDE808404E
:106BF0000248FFF7F7BE00BFA44F0000304D000071
:106C0000064B074A996C0748DA620229D96C08BF1B
:106C10001A60022908BF5A60FFF7E4BE282F01005E
:106C20000048E801804E000008B50848FFF7DAFE8A
:106C300050B9074B074A996CDA620229D96C08BF30
:106C40001A60022908BF5A6008BD00BF744E0000D8
:106C5000282F0100002D3101024B034A03485A63DB
:106C6000FFF7C0BE282F01000048E801684E000071
:106C7000064B074A996C07481A630529D96C08BF67
:106C80001A60052908BF5A60FFF7ACBE282F010023
:106C9000002D3101D84D0000034B04484FF4FA4257
:106CA0001A62FFF79FBE00BF282F01005C4E000054
:106CB000034B04484FF4FA425A62FFF793BE00BFF9
:106CC000282F0100FC4D00000148FFF700BF00BF66
:106CD000C04D00000148FFF7FABE00BFC44E0000DF
:106CE0000148FFF7F4BE00BFB44D00000148FFF7B4
:106CF000EEBE00BF9C4D00000148FFF7E8BE00BF9C
:106D0000904D00000148FFF7E2BE00BF844D000037
:106D10000148FFF7DCBE00BF784D00000148FFF7D7
:106D2000D6BE00BFA84D000001B108477047000063
:106D300010B5002852D03E2A50D82B4BDB689C0758
:106D400048BF5208052949D8DFE801F003481B264F
:106D5000313C836A6FF303038362244B1B6824492D
:106D60000B60846DE405FCD5846A62F309148462C7
:106D700012B1B3FBF2F30B601C4B0A68DA6000201F
:106D800010BD836D9B062BD5836A022161F303033B
:106D90008362164B9B68E2E7836D5C0620D5836AAD
:106DA000032161F303038362104B1B69D7E7836DF3
:106DB000190715D5836A042161F3030383620B4B22
:106DC0005B69CCE70B4B5B6A5B0709D5836A0521DE
:106DD00061F303038362054B9B6BC0E70120CFE7A0
:106DE00041F20170CCE700BF00860424282F010087
:106DF000782F01000014042407B50B46114606281D
:106E00001ED8DFE800F00421333B47586400364ABF
:106E1000106A40025EBF106A40F48000106213B92D
:106E20000A20FFF781FF314BD3F81C2122F080129A
:106E3000C3F81C21D3F81C2142F00122C3F81C2105
:106E4000002003B05DF804FB274A106A800207D4D3
:106E5000106A40F480101062106A40F40010106252
:106E6000002BEDD10A20FFF75FFFE9E71E4A106A09
:106E7000C002F5D4106A40F48010F0E71A4A106A94
:106E800000035EBF106A40F400201062002BD7D1CF
:106E90000220E8E7144B1A6A5203D1D41A6A42F46A
:106EA00080221A624FF4FA700191FFF73DFF0199B9
:106EB00040F2DC50D7E70C4A106A80035EBF106ACC
:106EC00040F400301062002BBAD1FA20CBE7064A1A
:106ED000106AC0035EBF106A40F480301062002B5D
:106EE000AED19620BFE700BF0081042400800424B7
:106EF00010B50446002858D00139052955D8DFE8D7
:106F000001F003131D273445294BD969012262F38F
:106F10000201D961274B9A645B6C264A1360A36D0A
:106F2000002BFCDA002010BD214BD969022262F34C
:106F30000201D9611F4B9A64DB6AEEE71C4BD969E9
:106F4000032262F30201D9611A4B9A64DB6BE4E716
:106F5000194B40229A83164BD969042262F302012D
:106F6000D961144B9A641B6CD7E7114B1A6AD20291
:106F70005EBF1A6A42F480121A62D969052262F36E
:106F80000201D9610B4B9A641B6BC6E701210022F9
:106F90000846FFF731FF064BD969062262F302016A
:106FA000D961044B9A645B6BB7E70120BBE700BF74
:106FB00000810424282F010000801341C10704D55B
:106FC000584A01239360584AD363820742BF554B06
:106FD00002229A60430742BF524B04229A60010783
:106FE00042BF504B08229A60C20642BF4D4B10224E
:106FF0009A60830642BF4B4B20229A60410605D51A
:10700000494B1022DA63474B40229A60020605D5AD
:10701000454B2022DA63434B80229A60C30506D594
:10702000414B4022DA633F4B4FF480729A608105F6
:1070300006D53D4B8022DA633A4B4FF400729A60DA
:10704000420505D5374A4FF480639360364AD363CF
:10705000030507D5344B4FF48072DA63314B4FF49C
:1070600000629A60C10407D52F4B4FF40072DA63B7
:107070002C4B4FF480529A60820416D52B4BD3F8D8
:10708000042442F00102C3F80424D3F8042422F0BB
:107090000102C3F80424D3F8002442F00102C3F82B
:1070A0000024204B4FF400529A60430442BF1D4B12
:1070B0004FF480429A60C10306D51A4B4FF48032D8
:1070C0009A60194B0822DA63820306D5154B4FF4F8
:1070D00000329A60144B0422DA63430306D5114B45
:1070E0004FF480229A60104B0222DA63010306D526
:1070F0000C4B4FF400429A600B4B01229A63C20280
:1071000006D5084B4FF400429A60074B01229A6360
:10711000830206D5034B4FF400429A60024B0122D2
:107120009A637047000008120081042400200424A0
:10713000036861F300030360704737B5002304461A
:107140000D460193FFF7C6FD0190019A636862F353
:1071500009036360A36865F31643A360FFF7B4FDFA
:107160000190019AA36862F30903A36003B030BDE4
:107170000368DB04FCD50069C0F30A00704743686C
:10718000DB0005D501290DD0436861F31C7308E0CD
:10719000436813F0805F4368F7D10129F5D143F0CC
:1071A000805343607047836861F3D753836083687B
:1071B00062F3565383607047A0B10C4B1B6A03F017
:1071C0000703042B0CD0022B094B18BF0023426885
:1071D00063F3180242604368002BFCDA002070471A
:1071E000044BF4E741F20160704700BF00800424C3
:1071F000FF7F3E00FF083D00013808B5052850D844
:10720000DFE800F003101A243140274BD96901222E
:1072100062F31241D961254BDA645B6C234A00208A
:10722000536008BD204BD969022262F31241D96133
:107230001E4BDA64DB6AF1E71B4BD969032262F368
:107240001241D961194BDA64DB6BE7E7184B402236
:107250009A83154BD969042262F31241D961134B09
:10726000DA641B6CDAE7002201210220FFF7C4FD7B
:107270000D4BD969052262F31241D9610B4BDA64D7
:107280001B6BCBE7012100220846FFF7B5FD064B3B
:10729000D969062262F31241D961044BDA645B6B4F
:1072A000BCE70120BDE700BF00810424282F0100B6
:1072B0000080134141F20273984221D011DC41F267
:1072C000045398421CD005DCF8B101280CBF2120E2
:1072D0000120704741F2017398420CBF1120012038
:1072E000704742F2041398420CD042F206139842BF
:1072F0000AD042F2031398420CBF212001207047AC
:1073000021207047282070472B2070470378012BDD
:1073100006D84378013B0F2B94BF002021207047F3
:1073200021207047174B1B78012B0CBF03780023DB
:10733000C2185278012A22D800EB83004369D3B1E6
:10734000114A934219D8D0F81431104A934207D900
:10735000D0F854010E4B98428CBF2120002070477A
:10736000B3F53D3F0BD8D0F85431B3F53E3F34BFB1
:107370000020212070472D207047282070472120B1
:10738000704700BF24380100A0252600FFFF052418
:10739000001B062411B1042900D07047014B1B6863
:1073A000184700BF2838010084B030B52DED028B9E
:1073B000E7B06CAC84E80F00424B9DF845439DED6F
:1073C000D28A1C70D1A8FFF7A1FF002868D16CA851
:1073D000FFF7A8FF002863D1012C08BF9DF8B0017A
:1073E0009DF844536CAB03EB4000012DB0F8F43032
:1073F00001D1012B62D8013B9BB240F2FE32934295
:107400005CD8314A3148D2F88C3743F40043C2F893
:107410008C37FFF7E7FA4FF48030FFF783FA2C4BF5
:107420000C22DA64DA652B4ABDF844336292ADF877
:1074300084314FF4C27270A96846002D37D1012CF7
:1074400035D903F0ADFA6CAB0FCBFBF759FEFFF764
:1074500031FF28BB00236593FFF744F865909DED4D
:10746000657ADFED1D7AB4EEE77AF1EE10FA02D517
:107470001A48FFF7B7FADFED1A7A6599B4EEE78A92
:10748000F1EE10FA1CD4DFED177AB4EEE78AF1EED4
:1074900010FA15DC18EE100AFAF72AFEFFF70AFFB9
:1074A00067B0BDEC028BBDE8304004B0704703F01C
:1074B00077FA6CAB0FCBFBF7C3FEC8E72B20EFE7E7
:1074C0002120EDE72438010000A00524604F0000D2
:1074D00000840424958320089A9919400C500000D8
:1074E0006666E63F6666664084B000B5E3B00DF5BB
:1074F000C87C8CE80F00C9A8FFF708FFD0B964A8C2
:10750000FFF710FFB0B99DF82423BDF82433B2B9BA
:107510009DF82523012A12D94FF4C27268A9684642
:10752000ADF8843103F03CFA64AB0FCBFCF77CF888
:10753000FFF7C0FE63B05DF804EB04B0704768A9C4
:107540004FF4C2726846ADF8843103F029FA64AB97
:107550000FCBFCF74DFAEBE7034620B1044A106865
:1075600018B913607047222070470420704700BF8D
:107570002838010008B50348FCF756FCBDE8084070
:10758000FFF798BE0038042407B5ADF8040001A841
:10759000FFF7BCFE20B90198FBF7F4F8FFF78AFE6D
:1075A00003B05DF804FB07B5ADF8040001A8FFF7D0
:1075B000ADFE20B90198FBF755FFFFF77BFE03B046
:1075C0005DF804FB07B5ADF8040001A8FFF79EFEC7
:1075D00020B90198FBF7FAFFFFF76CFE024B00227F
:1075E0001A6003B05DF804FB28380100042902BFCB
:1075F000014B01221A7070473438010084B000B585
:10760000E5B00DF5CC7C8CE80F009DF82C33012BF8
:107610003BD19DF82D33013B0F2B36D89DF8993186
:10762000002B32D11E4B6B9A9A4234D8BDF88C3263
:10763000012B32D11B4B62934FF4C272BDF82C3335
:10764000ADF884316AA9684603F0AAF966AB0FCB9E
:10765000FFF7AAFED0B9BDF82C33ADF884314FF452
:10766000C2726AA9684603F09BF966AB0FCBFFF7BD
:107670003BFF58B90C48FFF76FFF38B9CB9865B09E
:107680005DF804EB04B0FFF77FBF212065B05DF823
:1076900004EB04B070472820F8E72B20F6E700BF82
:1076A000404B4C003D0A2740ED85200884B000B5D2
:1076B000E3B00DF5C87C8CE80F0014238DF8E4319D
:1076C0000E4A0F4B0F4881930021FCF784FC0E4BB0
:1076D00068A91B88ADF884314FF4C272684603F084
:1076E0005FF964AB0FCBFFF7FFFE003818BF012036
:1076F00063B05DF804EB04B0704700BF8206000081
:1077000000004C42143A042438080000012801D13A
:10771000FFF730BF38B9054BD3F8E02160F3000222
:10772000C3F8E02170472120704700BF00380424CF
:1077300084B000B5E3B00DF5C87C8CE80F001723CA
:1077400001208DF8E431FFF7E1FF68B9094B4FF4F0
:10775000C2721B88ADF8843168A9684603F020F92D
:1077600064AB0FCBFFF7C0FE63B05DF804EB04B071
:10777000704700BF380800002DE9F0432DED028B63
:107780000646E3B0002800F092804A4D4FF4C272E2
:1077900005F11001684603F003F995E80F00FFF7C3
:1077A00085FF2F460446002873D1434B1A7862B1F7
:1077B00018706A7841480121FCF7F4FB07EE900A43
:1077C0003F4BF8EEE77AC3ED007A3E494FF4C272C0
:1077D000684603F0E5F897E80F00FFF7A9FF0446B5
:1077E000002856D1DFF8D490374F4FF00A086A7856
:1077F00000214846FCF7D6FB07EE900A08F1FF3857
:10780000F8EEE77A18F0FF08C7ED007AEFD102052D
:1078100045D520F400631B041B0C07EE903AF8EEEC
:10782000E77AC7ED007AFFF76DFA08EE100AFFF766
:1078300057FA08EE900AFFF771FA214B97ED007A9C
:10784000D3ED007ADFED216AB8EE488AC0F570709A
:1078500037EE487A77EEC87A0130C7EE275A07EE3E
:10786000900AF8EEE77AF8EE688A87EEA67A88EE54
:10787000A66AF0EE477A45EE867ADFED156A9FED4F
:10788000157A17EEA67A17EE100A01F0C3FBC6E9C7
:107890000001204663B0BDEC028BBDE8F08340F4EC
:1078A00000631BB207EE903AF8EE677AB9E722243C
:1078B000EFE700BFA40600003438010000380424BC
:1078C0002C380100B40600003038010000007A4472
:1078D00000009B430080884307B5ADF80400C0B2A8
:1078E000012816D19DF80530013B0F2B11D80A4B0A
:1078F0005B68DB0705D4019803B05DF804EBFFF784
:1079000061BE0198FFF74FFE0028F4D003B05DF888
:1079100004FB2120FAE700BF00380424F8B504680E
:10792000012C054622D8124E56F8242042B1536845
:1079300010498B4204D010498B4201D01120F8BD70
:107940000E4B0F49DB680F481F680F4B51F824108E
:1079500053F8243050F82400B8472B6846F8240028
:1079600056F82330002BE9D00020E8E72120E6E795
:10797000483D01000000034400800724000130005E
:107980003C080000440800004C0800002DE9F041CC
:1079900029B1012803D80B6818B9202B0AD9212056
:1079A00028E00C2BFBD8012AF9D82C4C64681CBBAE
:1079B00011201FE0012AF2D8284C2468002CF7D0AF
:1079C000BBBB4FF0200C264D264C0023AE46A046F4
:1079D0005E1CC0B9277927BB1824634308EB030456
:1079E0000E60C4E90200012548F8032025710B68E8
:1079F00083B30020BDE8F08113B11948013B1AE0C0
:107A00004FF00C0CDFE72F795FB9182043430EEBE2
:107A1000030001240E60C0E902774EF803200471D0
:107A2000E5E7B445334605F1180504F11804CFD154
:107A3000DDE70C48013B18256B43C41824795CB979
:107A4000C2500B68013B05FB03030122C3E902445A
:107A50001A71CEE74620CDE74520CBE7483D01002F
:107A60003838010058390100012810B503D811B188
:107A700018B9202909D9212016E00C29FBD8C2B158
:107A80000D4B5B688BB911200EE092B10A4B1B685D
:107A9000002BF8D01068094B0139182404FB01337E
:107AA00098605268DA60002010BD1068044B0139FC
:107AB000F3E72220F8E700BF483D010058390100F4
:107AC00038380100012830B536D8002934D0E8B95B
:107AD000202931D8531E022B2ED8194B53F82030B1
:107AE00063B302F00203D20721D54C1E182578B9E2
:107AF000144A05FB0422906033B1124B013918225D
:107B000002FB01310023CB60002030BD0C29E0E7EF
:107B10000D4A05FB042200209060002BF4D00A4B94
:107B20001822013902FB01330022DA60ECE7002B56
:107B3000EAD00028E1D0F2E72120E6E71120E4E7CF
:107B4000483D01005839010038380100034BC0009E
:107B50001A580AB107221A50704700BF0412134680
:107B600010B50020FFF7F2FF024BBDE810401B6884
:107B700000201847943D010010B50120FFF7E6FFF3
:107B8000024BBDE810405B6801201847943D01009E
:107B900010B50220FFF7DAFF024BBDE810409B68EA
:107BA00002201847943D010010B50320FFF7CEFFD7
:107BB000024BBDE81040DB6803201847943D0100EC
:107BC00010B50420FFF7C2FF024BBDE810401B694F
:107BD00004201847943D010010B50520FFF7B6FFBB
:107BE000024BBDE810405B6905201847943D010039
:107BF00010B50620FFF7AAFF024BBDE810409B69B5
:107C000006201847943D010010B50720FFF79EFF9E
:107C1000024BBDE81040DB6907201847943D010086
:107C200010B5002000F0B8F8024BBDE810401B680A
:107C3000002018478C3D010010B5012000F0ACF881
:107C4000024BBDE810405B68012018478C3D0100E5
:107C500010B500F0B1F8C00702D5012000F0A6F879
:107C600000F0AAF810F0020403D0022000F09EF801
:107C7000012400F0A1F8410703D5042000F096F894
:107C8000022400F099F8020703D5082000F08EF8CE
:107C9000032400F091F8C30603D5102000F086F805
:107CA0000424044B53F824301BB12046BDE8104097
:107CB000184710BD503D010010B5002000F084F8B9
:107CC000012802D1002000F087F8012000F07CF8A4
:107CD000012804463ED100F07FF8022000F074F83D
:107CE000012803D1022000F077F80224032000F0DD
:107CF0006BF8012803D1032000F06EF80324042060
:107D000000F062F8012803D1042000F065F8042493
:107D1000052000F059F8012803D1052000F05CF897
:107D20000524062000F050F8012803D1062000F0B9
:107D300053F80624072000F047F8012803D1072054
:107D400000F04AF80724044B204653F82430BDE8DD
:107D5000104018470024C0E76C3D010010B5002119
:107D6000042000F055F8012802D1002000F03EF870
:107D70000121042000F04CF80128044608D100F04D
:107D800035F8044B204653F82430BDE8104018471E
:107D90000024F6E7643D0100034BC0001A5842F08E
:107DA00001021A50704700BF44121346014B4000B5
:107DB0009860704700000812024BD868C0F3440076
:107DC000704700BF00000812024BC000185800F0B6
:107DD0000100704704D20424034BC0001A5842F03B
:107DE00001021A50704700BF04D20424034BC000A4
:107DF0001A5842F001021A50704700BF44D20424BE
:107E00000A460146014802F0BDBB00BFBCD92008AC
:107E1000052870B506460D4601F5127411D91148B2
:107E200040F24B31FFF7ECFF012D04D90D484FF420
:107E30005371FFF7E5FFE30003F18C4303F598135B
:107E40000DE0012904D907484FF45371FFF7D8FF1B
:107E5000042EF0D1E30003F1105303F59823586882
:107E600070BD00BFE2D9200808B504F021FC0C4A1F
:107E7000D2F8FC3043F08073C2F8FC30A2F55D42CA
:107E8000136843F001031360064BD3F87421D20743
:107E900042BFD3F8742122F00102C3F8742108BD57
:107EA00000ED00E000800046B0F1005F70B518D131
:107EB0000C4C0D48236804225D6C00210623A84762
:107EC000236809485D6C052206230021A847236822
:107ED00005485C6C0022A4460623BDE870401146AC
:107EE000604770BD0001300000C00424014BC3F89E
:107EF0007C01704700800046094BA622C3F87C2114
:107F0000D3F8742142F00202C3F874214FF0E02349
:107F10004FF48062C3F80821142283F84A24704782
:107F2000008000461FB50E2200210DF1020002F074
:107F300081FC01238DF800301049802301A88DF8C1
:107F4000013000F0A7FEBDF80A301BB94FF4807372
:107F5000ADF80A30BDF80C301BB94FF40073ADF822
:107F60000C304FF4E063002269467520ADF80E3006
:107F700000F054FD05B05DF804FB00BF76DB20087F
:107F80001FB5034600689B880190002203917E2064
:107F900001A9ADF80A20ADF8083000F03FFD05B0AA
:107FA0005DF804FB41F20603984209D13C4B1B6883
:107FB0009A68D27C012A70D1DB680B60032070477D
:107FC00040F2055398420BD0431E062B08D9A0F16E
:107FD0008D039BB21A2B09D9A0F59773012B16D8E4
:107FE0002F4B1B689B680B60012070472D4A42FA9B
:107FF00003F3DB07F4D5BE28F2D0B0F5967FEFD0BF
:10800000A0F17503172B0DD8254B1B68D4E700F59D
:10801000FF4370339BB20C2BEDD8234A42FA03F393
:10802000DA07DDD5A0F192039BB2162B15D9A0F18A
:10803000AA030E2BE8D9A0F1BA03072BE4D940F22A
:108040002D139842E0D040F26F139842DCD06FF4C9
:10805000B8728318032B05D8D6E7144A42FA03F303
:10806000DB07D1D5A0F1F2030B2BCDD940F20113E0
:108070009842C9D06FF48273C318262BC4D95028F4
:10808000C2D041F2FF539842BED0A0F5A8534A2B6C
:10809000BAD941F6FF739842B6D0FF20704700BFAF
:1080A000E83D0100F8DFFFF9DEEFFFFFC07BB0FF26
:1080B000012903463DD0032938D1A0F17502092AD0
:1080C00037D9B0F5837F2ED01FD8B0F5817F13D27A
:1080D000C02828D8972806D87E2847F2F85098BF9D
:1080E0004FF4FA407047A0F19C03242B47F2247010
:1080F00088BF4FF4FA40704740F2051247F22470EF
:10810000934218BF4FF4FA40704740F26F1290420A
:1081100009D0B0F5B87F09D240F20712904208D0DA
:1081200040F22B12EAE747F2F85070474FF4FA405A
:10813000704747F22470704710B50C4C2468E4680F
:10814000646A6468C4E90F23029B6364039BA364AD
:10815000049BE364059B2365069B6365079BA365FE
:10816000089BE365C4E90D0110BD00BFE83D0100B7
:10817000A72810B50B46144629D010D88F2847D011
:1081800005D8012827D005283CD0002031E09A28C6
:1081900048D0A628F9D10B681361042029E0B0F576
:1081A000977F27D00BD8BE2863D0B0F5967FECD14F
:1081B000832204F1100002F0F3FB832019E048F25F
:1081C0001002904228D048F215029042DDD11B885F
:1081D000238202200DE0103401F1300253F8041B19
:1081E00044F8041B9342F9D11A8822809B78A3702B
:1081F000332010BD304A1268926891880129C4D199
:10820000002191801A6822619B88A3820620F0E7F2
:108210000B7813740120ECE70A6822614A686261F6
:108220000820E6E70A782274132A06D0142A11D00F
:10823000082AEFD04FF6FE70DBE7103401F1180288
:1082400053F8041B44F8041B9342F9D11B88238084
:108250001A20CEE7103401F1100253F8041B44F841
:10826000041B9342F9D11A8822809B78A3701320B3
:10827000BFE7097811745A78627441EA02214FF617
:108280001442914211D04FF61B4291427FF47DAFD0
:10829000103403F1240253F8041B44F8041B9342E6
:1082A000F9D11B7823702520A3E71A8822829B78B6
:1082B000A37403209DE700BFE83D01002DE9F74FBF
:1082C000034610467F4A1268B3F5977FD7680C467D
:1082D00080F0E7804F2B40F2F380503BDD2B00F223
:1082E000EF80DFE813F06101ED00ED00ED00ED003F
:1082F000ED00ED00ED00ED00ED00ED00ED00ED0016
:10830000ED00ED00ED00ED00ED00ED00ED00ED0005
:10831000ED00ED00ED00ED00ED00ED00ED00ED00F5
:10832000ED00ED00ED00ED00ED00ED00ED00ED00E5
:1083300002011F0125014001ED00300148015301F8
:1083400053015901A1017201A101A1017F01A10104
:108350008B019201A101AB01B301BF01BF01C701B4
:10836000ED00ED00ED00ED00ED00D001DB01E301DB
:108370003C02F4012B02ED00ED00ED00ED001401D4
:10838000ED00ED00ED00ED00360253014002480122
:108390005602ED00ED001401ED0053015C025301A3
:1083A0006002ED005C02360259016B02ED005301E0
:1083B00040016B0256025301ED00720281025C0221
:1083C000ED00ED00ED00ED005901ED00ED00ED00D8
:1083D000ED00ED00ED00ED00ED00ED00ED00ED0035
:1083E000ED00ED00ED00ED00ED00ED00ED00ED0025
:1083F000ED00ED00ED00ED00ED00ED00ED00ED0015
:10840000ED00ED00ED00ED00ED00ED00ED00ED0004
:10841000ED00ED00ED00ED00ED00ED00ED00ED00F4
:10842000ED00ED00ED00ED00ED0087029502A702E2
:10843000B002B902CB02D402DF02F302FC0207034E
:108440001303ED00ED00ED003602ED00ED00ED0050
:10845000400136022103E901ED00400128032E030B
:10846000ED00ED00ED00ED004001ED00ED00ED0050
:10847000ED00ED00ED00ED00ED00ED00ED00ED0094
:10848000ED00ED00ED00ED00ED00ED00ED00ED0084
:10849000ED00ED00ED00ED00ED00ED005301ED000D
:1084A0003903B3F5BA7F00F07A810DD840F26F122C
:1084B000934200F0558240F27112934200F05782CD
:1084C00000254CE0E83D010041F6FF729342F7D1F0
:1084D000103001F1180354F8042B40F8042B9C428F
:1084E000F9D1238803801A2509E0103001F1100327
:1084F00054F8042B40F8042B9C42F9D11025BB887A
:108500009A0740F1858243F40043BB8027E0103096
:1085100001F1200354F8042B40F8042B9C42F9D1BC
:108520002025ECE70B6803614B6843610825E6E70B
:10853000103001F1140354F8042B40F8042B9C4232
:10854000F9D11425DBE7103001F10C0354F8042BAA
:1085500040F8042B9C42F9D1238803800E2528463D
:1085600003B0BDE8F08F0B6803618B8883828B7941
:1085700083750725F3E7103001F1200354F8042B2D
:1085800040F8042B9C42F9D12025E8E70B680361F1
:108590004B6843610825E2E70B6803614B68436160
:1085A0008B6883610C25DAE70B78CD78012B1BBF34
:1085B000B1F8035004350335ADB22A46013110300D
:1085C00002F0EEF90023BB74C9E7103001F11C037F
:1085D00054F8042B40F8042B9C42F9D10023BB74BF
:1085E0001C25BCE7103001F1200354F8042B40F89F
:1085F000042B9C42F9D10023BB74C5E70B680361CF
:108600004B6843610023BB74C4E7103001F11003D1
:1086100054F8042B40F8042B9C42F9D123880380A2
:108620000023BB7412259AE70B6803614B68436112
:108630000B8903830023BB740A2590E7F9221030CD
:1086400002F0AEF90023BB74F92588E7F922103057
:1086500002F0A6F94FF000084646C2464FF0010965
:10866000F9253FE0FB22103002F09AF90023BB7499
:10867000FB2574E70B6803618B8883828B79837594
:108680000023BB7475E7103001F1180354F8042B74
:1086900040F8042B9C42F9D1182560E74FF488720A
:1086A000103002F07DF94FF4887558E7F42210304D
:1086B00002F076F9F42552E70B6803614FF00008E9
:1086C0004B6843610126C246C14608250AE0FA22EA
:1086D000103002F065F94FF000084646C2464FF0F0
:1086E0000109FA250622214607F1300002F092F82E
:1086F0008346002800F04A810622214607F14800FF
:1087000002F088F800287FF42AAF0124A346002E47
:1087100040F03E81B9F1000F40F05C81BAF1000FEA
:108720003FF41DAF182303FB0B7B01239BF83D2077
:10873000002A00F0668187F8213110E7FA22103014
:10874000002602F02DF941F20D584FF0010AB14612
:10875000C7E70B6803618B8883820625FFE60B88D9
:1087600003820225FBE600230093ADF804300B687A
:1087700003618B88838200F1100506226946284632
:1087800002F048F80028E8D1A349284600F082FA10
:10879000E3E7FA22103002F003F9FA25DFE6236856
:1087A00003610425DBE6103001F1280354F8042BA3
:1087B00040F8042B9C42F9D12825D0E60B680361D0
:1087C0004B6843610B89038336E7103001F11403D2
:1087D00054F8042B40F8042B9C42F9D123880380E1
:1087E000A37883701725BAE60B8803828B7883748D
:1087F0000325B4E60B6803614B6843610B8903836F
:1088000041F2095800264FF0010AB1460A2569E7EE
:108810000B46103001F11C0253F8041B40F8041BF6
:108820009342F9D1002641F202584FF0010AB146B5
:108830001C2557E70B6803614B6843610B89038371
:1088400041F20358DEE70B6803614B6843610B8913
:10885000038341F20458D5E70B46103001F12002A2
:1088600053F8041B40F8041B9342F9D1002641F24F
:1088700005584FF0010AB146202533E70B68036124
:108880004B6843610B89038341F20158BAE70B68D7
:1088900003614B68436141F2065800264FF0010A1C
:1088A000B14612E70B46103001F1100253F8041BD9
:1088B00040F8041B9342F9D11B880380002641F243
:1088C00008584FF0010AB14612250BE70B68036107
:1088D0004B6843610B89038341F2075892E7F92201
:1088E0001030002602F05CF841F20A584FF0010AFD
:1088F000B146B5E6FB221030002602F051F841F2F5
:108900000B584FF0010AB146FB25EBE60B680361FB
:108910008B8883828B798375002641F20C584FF047
:10892000010AB1460725DDE60B6803614B68436128
:1089300041F21C58B1E7FC22103002F031F8FC255E
:108940000DE6103001F1100354F8042B40F8042B0D
:108950009C42F9D1102502E60B7803740125FEE54F
:10896000FA22103002F01CF80023BB7415E7CF2266
:10897000103002F015F8BB88D90704D543F4004342
:10898000BB80CF25EBE543F00203F9E70446BEE6E2
:10899000182606FB0B73586C18B14FF0FF3103F02B
:1089A0003FFE06FB0B7393F8370093F838108842AC
:1089B00009D0022287F82021586C00283FF4CFAD5F
:1089C00003F036FECBE5586C08B103F031FE87F8B2
:1089D0002241C4E5182404FB0B73586C18B14FF006
:1089E000FF3103F01DFE04FB0B7393F837200AB927
:1089F0000122DFE70021013A87F8201183F83720B0
:108A0000DAE787F821918BF83D30ABF83E80A6E598
:108A100043F0010379E500BF88DB20082DE9F04F22
:108A200087B000238B4604A9CDE9033307460192A2
:108A30000593FFF7B7FAFF2881462DD0B7F5977F4A
:108A400006D1644B1B689B689B88012B40F0BE805D
:108A500049463846FFF72CFB049C8246606928B9DA
:108A60006FF02406304607B0BDE8F08F514603F0A2
:108A7000FBFD05460028F3D153464FF49E7203A92F
:108A800005A803F00DFEDDF80C800646B8F1000FD6
:108A900005D1606903F0F8FD6FF00306E2E71022EC
:108AA0002946404601F0C6FE01239945A37419D119
:108AB0004FF48E72294608F1100001F0BBFE4246C9
:108AC00059463846FFF754FBB4F8203103BBB4F9DC
:108AD0000430002B1CDB502F04BF9BF8003088F8BB
:108AE0000E3024E0B9F1030F47D14FF48E722946BE
:108AF00008F1100001F09EFE424659463846FFF745
:108B0000DDFB41F6FF739F42DED1B4F820314BB15B
:108B1000059803F095FD94F82031022B2FD16FF0CA
:108B2000320634E0B4F90430002BF1DB7727C0F3D0
:108B30000B01404600F074F8394608F1020000F0DD
:108B40006FF8019BE36048F210039F4208BF40F2B8
:108B50000553278202BF23820123A374A37C059AB5
:108B60000321F8B203F0A8FDA06948BB6FF01D0314
:108B7000236000232668A37418E02846A4E7012B8D
:108B800018D094F82131002B18BF6FF02606B4F9E5
:108B90000420A388002A06DADA070ED413F0020FA5
:108BA00018BF6FF036060023A4F82031606903F087
:108BB0006BFD57E76FF01E06E9E76FF03506F2E749
:108BC000514603F051FD0028D0D1D2E76FF00206E4
:108BD00048E700BFE83D010030B58FB005463222BE
:108BE00000210DF1050001F025FE284601F0E6FE0A
:108BF000312828BF31200446024629460DF10500E0
:108C000001F0CEFE04F138036B44002201A90120DB
:108C100003F8332C8DF80440FFF700FF0FB030BD90
:108C2000054A12681278CBB2090A12B90370417072
:108C30007047437001707047E83D0100C0B2A0F179
:108C40003003DBB2092B01D858B27047A0F14103C1
:108C5000052B02D8373840B27047A0F16103052BCD
:108C600001D85738F7E70020704738B50546F8F7C0
:108C7000F1FB002104460A46CBB2A34201F10101F7
:108C800001D3104638BDE856FFF7D8FF00EB0212BB
:108C900052B2F1E72DE9F3470F4605461121384658
:108CA000F8F7CDFB0026804605243346B146F1B2E5
:108CB000414505EB040A1A460CD308336B440022E5
:108CC000684603F8082CFFF7D0FF2855284602B065
:108CD000BDE8F08779563A290DD108336B446846D0
:108CE00003F8089CFFF7C1FF013CE4B28AF80000DA
:108CF00000230136DBE708326A440133DBB202F8B5
:108D0000081CF6E708B500F00BF8034A034B0028EF
:108D100014BF1046184608BDEC3D0100206000005D
:108D2000034B5868C0F30800003818BF0120704793
:108D300000ED00E008B5044B1B781BB103F0A0FC6C
:108D4000002008BD1120FCE7843F010081F00041B4
:108D500002E000BF83F0004330B54FEA41044FEA20
:108D6000430594EA050F08BF90EA020F1FBF54EABB
:108D7000000C55EA020C7FEA645C7FEA655C00F057
:108D8000E2804FEA5454D4EB5555B8BF6D420CDD28
:108D90002C4480EA020281EA030382EA000083EAAB
:108DA000010180EA020281EA0303362D88BF30BD4B
:108DB00011F0004F4FEA01314FF4801C4CEA1131A1
:108DC00002D0404261EB410113F0004F4FEA033300
:108DD0004CEA133302D0524263EB430394EA050F8B
:108DE00000F0A780A4F10104D5F1200E0DDB02FAFA
:108DF0000EFC22FA05F2801841F1000103FA0EF28E
:108E0000801843FA05F359410EE0A5F120050EF153
:108E1000200E012A03FA0EFC28BF4CF0020C43FA84
:108E200005F3C01851EBE37101F0004507D54FF091
:108E3000000EDCF1000C7EEB00006EEB0101B1F5E1
:108E4000801F1BD3B1F5001F0CD349085FEA300027
:108E50004FEA3C0C04F101044FEA445212F5800F32
:108E600080F09A80BCF1004F08BF5FEA500C50F1CF
:108E7000000041EB045141EA050130BD5FEA4C0CB2
:108E8000404141EB0101013C28BFB1F5801FE9D20F
:108E900091F0000F04BF01460020B1FA81F308BF32
:108EA0002033A3F10B03B3F120020CDA0C3208DDFE
:108EB00002F1140CC2F10C0201FA0CF021FA02F1D9
:108EC0000CE002F11402D8BFC2F1200C01FA02F149
:108ED00020FA0CFCDCBF41EA0C019040E41AA2BF6E
:108EE00001EB0451294330BD6FEA04041F3C1CDA36
:108EF0000C340EDC04F11404C4F1200220FA04F056
:108F000001FA02F340EA030021FA04F345EA0301FF
:108F100030BDC4F10C04C4F1200220FA02F001FAC1
:108F200004F340EA0300294630BD21FA04F0294643
:108F300030BD94F0000F83F4801306BF81F48011DC
:108F40000134013D4EE77FEA645C18BF7FEA655C4F
:108F500029D094EA050F08BF90EA020F05D054EA21
:108F6000000C04BF1946104630BD91EA030F1EBF26
:108F70000021002030BD5FEA545C05D1400049412A
:108F800028BF41F0004130BD14F580043CBF01F51D
:108F9000801130BD01F0004545F0FE4141F4700103
:108FA0004FF0000030BD7FEA645C1ABF19461046DE
:108FB0007FEA655C1CBF0B46024650EA013406BFDF
:108FC00052EA033591EA030F41F4002130BD00BF9E
:108FD00090F0000F04BF0021704730B54FF480645B
:108FE00004F132044FF000054FF0000150E700BFDC
:108FF00090F0000F04BF0021704730B54FF480643B
:1090000004F1320410F0004548BF40424FF0000127
:109010003EE700BF42004FEAE2014FEA31014FEA6A
:1090200002701FBF12F07F4393F07F4F81F06051B9
:10903000704732F07F4208BF704793F07F4F04BF04
:1090400041F40021704730B54FF4607401F00045E1
:1090500021F000411CE700BF50EA010208BF704741
:1090600030B54FF000050AE050EA010208BF704732
:1090700030B511F0004502D5404261EB41014FF49B
:10908000806404F132045FEA915C3FF4D8AE4FF0A3
:1090900003025FEADC0C18BF03325FEADC0C18BF86
:1090A000033202EBDC02C2F1200300FA03FC20FAD7
:1090B00002F001FA03FE40EA0E0021FA02F1144424
:1090C000BDE600BF70B54FF0FF0C4CF4E06C1CEA3D
:1090D00011541DBF1CEA135594EA0C0F95EA0C0FAE
:1090E00000F0DEF82C4481EA030621EA4C5123EA21
:1090F0004C5350EA013518BF52EA033541F4801150
:1091000043F4801338D0A0FB02CE4FF00005E1FB02
:1091100002E506F00042E0FB03E54FF00006E1FB4C
:1091200003569CF0000F18BF4EF0010EA4F1FF048F
:10913000B6F5007F64F5407404D25FEA4E0E6D41CF
:1091400046EB060642EAC62141EA55514FEAC520E0
:1091500040EA5E504FEACE2EB4F1FD0C88BFBCF55C
:10916000E06F1ED8BEF1004F08BF5FEA500E50F10D
:10917000000041EB045170BD06F0004646EA0101D3
:1091800040EA020081EA0301B4EB5C04C2BFD4EB05
:109190000C0541EA045170BD41F480114FF0000EFE
:1091A000013C00F3AB8014F1360FDEBF002001F06C
:1091B000004170BDC4F10004203C35DA0C341BDCE6
:1091C00004F11404C4F1200500FA05F320FA04F0B8
:1091D00001FA05F240EA020001F0004221F00041EC
:1091E00010EBD37021FA04F642EB06015EEA430E5F
:1091F00008BF20EAD37070BDC4F10C04C4F120058F
:1092000000FA04F320FA05F001FA04F240EA020041
:1092100001F0004110EBD37041F100015EEA430E12
:1092200008BF20EAD37070BDC4F1200500FA05F232
:109230004EEA020E20FA04F301FA05F243EA0203B1
:1092400021FA04F001F0004121FA04F220EA0200C0
:1092500000EBD3705EEA430E08BF20EAD37070BD06
:1092600094F0000F0FD101F00046400041EB0101E6
:1092700011F4801F08BF013CF7D041EA060195F0C8
:10928000000F18BF704703F00046520043EB030382
:1092900013F4801F08BF013DF7D043EA060370476F
:1092A00094EA0C0F0CEA135518BF95EA0C0F0CD07A
:1092B00050EA410618BF52EA4306D1D181EA0301C0
:1092C00001F000414FF0000070BD50EA410606BFBA
:1092D0001046194652EA430619D094EA0C0F02D1FF
:1092E00050EA013613D195EA0C0F05D152EA033644
:1092F0001CBF104619460AD181EA030101F0004162
:1093000041F0FE4141F470014FF0000070BD41F0AA
:10931000FE4141F4780170BD70B54FF0FF0C4CF484
:10932000E06C1CEA11541DBF1CEA135594EA0C0FA3
:1093300095EA0C0F00F0A7F8A4EB050481EA030EF0
:1093400052EA03354FEA013100F088804FEA0333D7
:109350004FF0805545EA131343EA12634FEA0222A5
:1093600045EA111545EA10654FEA00260EF0004166
:109370009D4208BF964244F1FD0404F5407402D2B8
:109380005B084FEA3202B61A65EB03055B084FEA49
:1093900032024FF480104FF4002CB6EB020E75EB46
:1093A000030E22BFB61A754640EA0C005B084FEA6E
:1093B0003202B6EB020E75EB030E22BFB61A7546EB
:1093C00040EA5C005B084FEA3202B6EB020E75EB36
:1093D000030E22BFB61A754640EA9C005B084FEAAE
:1093E0003202B6EB020E75EB030E22BFB61A7546BB
:1093F00040EADC0055EA060E18D04FEA051545EAAA
:1094000016754FEA06164FEAC30343EA52734FEA52
:10941000C2025FEA1C1CC0D111F4801F0BD141EACB
:1094200000014FF000004FF0004CB6E711F4801F30
:1094300004BF01430020B4F1FD0C88BFBCF5E06F10
:109440003FF6AFAEB5EB030C04BFB6EB020C5FEA20
:10945000500C50F1000041EB045170BD0EF0004E75
:109460004EEA113114EB5C04C2BFD4EB0C0541EAA7
:10947000045170BD41F480114FF0000E013C90E6A4
:1094800045EA060E8DE60CEA135594EA0C0F08BF68
:1094900095EA0C0F3FF43BAF94EA0C0F0AD150EA67
:1094A00001347FF434AF95EA0C0F7FF425AF1046FA
:1094B00019462CE795EA0C0F06D152EA03353FF422
:1094C000FDAE1046194622E750EA410618BF52EA9F
:1094D00043067FF4C5AE50EA41047FF40DAF52EA73
:1094E00043057FF4EBAE12E74FF0FF3C06E000BF10
:1094F0004FF0010C02E000BF4FF0010C4DF804CD1D
:109500004FEA410C7FEA6C5C4FEA430C18BF7FEADC
:109510006C5C1BD001B050EA410C0CBF52EA430C0A
:1095200091EA030F02BF90EA020F0020704710F18A
:10953000000F91EA030F58BF994208BF90422CBF19
:10954000D8176FEAE37040F0010070474FEA410C12
:109550007FEA6C5C02D150EA013C07D14FEA430C30
:109560007FEA6C5CD6D152EA033CD3D05DF8040BA1
:10957000704700BF8446104662468C4619466346D3
:1095800000E000BF01B5FFF7B7FF002848BF10F1AA
:10959000000F01BD4DF808EDFFF7F4FF0CBF0120EF
:1095A00000205DF808FB00BF4DF808EDFFF7EAFF6B
:1095B00034BF012000205DF808FB00BF4DF808ED26
:1095C000FFF7E0FF94BF012000205DF808FB00BF1B
:1095D0004DF808EDFFF7CEFF94BF012000205DF8A5
:1095E00008FB00BF4DF808EDFFF7C4FF34BF0120B2
:1095F00000205DF808FB00BF4A0011D212F50012EE
:1096000011D20DD56FF47873B3EB62520ED44FEADA
:10961000C12343F0004343EA505323FA02F070475A
:109620004FF00000704750EA013002D14FF0FF3098
:1096300070474FF00000704753B94AB9002908BF7E
:1096400000281CBF4FF0FF314FF0FF3000F06AB927
:10965000ADF1080C6DE904CE00F006F8DDF804E089
:10966000DDE9022304B070472DE9F047089D0C4660
:10967000002B4ED194468C458646B2FA82F262D9CE
:109680004AB1C2F12003914020FA03F30CFA02FC24
:10969000194300FA02FE4FEA1C471FFA8CF6B1FB91
:1096A000F7F44FEA1E4307FB141143EA014304FB9E
:1096B00006F199420AD91CEB030304F1FF3080F054
:1096C0001381994240F21081023C6344591A1FFAF7
:1096D0008EF3B1FBF7F007FB101143EA014300FBE7
:1096E00006F69E420AD91CEB030300F1FF3180F01D
:1096F000FD809E4240F2FA80634402389B1B40EAA0
:10970000044000211DB1D3400022C5E90032BDE86C
:10971000F0878B4205D90DB1C5E90001002108464B
:10972000F5E7B3FA83F1002946D1A34202D3904270
:10973000C0F0F180861A64EB03030120002DE6D00F
:10974000C5E90063E3E7002A40F09180A1EB0C0437
:109750004FEA1C481FFA8CF70121B4FBF8F64FEAD8
:109760001E4308FB164443EA044307FB06F09842F5
:1097700008D91CEB030306F1FF3402D2984200F231
:10978000CE8026461C1A1FFA8EF3B4FBF8F008FBB5
:10979000104443EA044300FB07F79F4208D91CEB3F
:1097A000030300F1FF3402D29F4200F2B180204651
:1097B000DB1B40EA0640A5E7C1F120068B4022FAF8
:1097C00006F71F4320FA06FC04FA01F343EA0C03F0
:1097D000F44000FA01F8380C4FEA1349B4FBF0FEEC
:1097E0001FFA87FC00FB1E4449EA04440EFB0CF9F7
:1097F000A14502FA01F20AD93C190EF1FF3A80F0B4
:109800008580A14540F28280AEF1020E3C44A4EB7B
:1098100009041FFA83F9B4FBF0F300FB134449EA8F
:10982000044403FB0CFCA44507D93C1903F1FF30A9
:1098300068D2A44566D9023B3C4443EA0E40A0FBF3
:109840000293A4EB0C049C42CE469C4652D34FD0CC
:1098500055B1B8EB0E0364EB0C0404FA06F6CB40EA
:10986000CC401E43C5E900640021BDE8F087C2F189
:10987000200320FA03F10CFA02FC24FA03F39440CB
:109880000C434FEA1C4800FA02FE1FFA8CF7B3FBA8
:10989000F8F008FB1031230C43EA014300FB07F109
:1098A000994208D91CEB030300F1FF362CD29942F0
:1098B0002AD9023863445B1AA4B2B3FBF8F108FB5F
:1098C000113344EA034401FB07F3A34208D91CEB1C
:1098D000040401F1FF3613D2A34211D902396444C2
:1098E000E41A41EA004138E70446EFE6084605E796
:1098F000C845ADD2B9EB020E63EB070C0138A7E700
:109900003146EDE7034698E73046D4E7D6467EE792
:10991000634402384CE70646234608460EE7023EFB
:1099200063442FE7704700BF1FB514461A46094B22
:109930001B680546D86854B9074B1C46CDE901346D
:1099400000912B46054900F0EDFD01F03FF8044B76
:10995000F4E700BF6408000060DB200804DE200894
:10996000F7DD200870B5A1FB02543CB9294600F090
:109970003FF8064628B90026304670BD0C2202602A
:10998000F9E72A46214600F055FFF5E7024B01466C
:10999000186800F02DB800BF64080000024B0146B3
:1099A000186801F0CFBE00BF6408000070B50F4E0C
:1099B0000C463168054611B900F07CFF3060214645
:1099C000284600F077FF431C03D14FF0FF342046B8
:1099D00070BDC41C24F00304A042F8D0211A28460C
:1099E00000F068FF0130F2D1EFE700BFD03F010087
:1099F0002DE9F041CD1C25F0030508350C2D38BFAD
:109A00000C25002D064601DBA94204D90C23336046
:109A10000020BDE8F081314F00F062F83B681C4641
:109A200044BB29463046FFF7C1FF431C044650D1D2
:109A30003C682146002941D1002C44D0236830469F
:109A400004EB030800F036FF80453CD121686D1A15
:109A500029463046FFF7AAFF013034D023682B4453
:109A600023603B68002B36D05A68A24229D10022DD
:109A70005A600EE02268521B1DD40B2A16D96119B8
:109A8000A342256018BF5960636808BF39606251FE
:109A90004B60304600F02AF804F10B00231D20F043
:109AA0000700C21AB5D01B1AA350B2E7A3426268DE
:109AB000DED13A60EDE723466468B1E70C464968B9
:109AC000B8E71346CEE70C233360304600F00EF8BB
:109AD0009EE70560DDE75B60FFDE00BFD43F01006D
:109AE000014800F00ABF00BF18410100014800F022
:109AF00005BF00BF184101002DE9F04F89B0DDE935
:109B00001598002B1D461446BCBF03F100431446B4
:109B100028F0200A149AB6BF1D4600232D23BAF15F
:109B2000460FDDE9126B137005D0BAF1450F00D175
:109B30000136022300E0032307AA049206AACDE916
:109B40000292CDE9003622462B4600F0D1FFB8F153
:109B5000670F074619D11BF0010F0ED007EB06085F
:109B60000022002320462946FFF714FD08B1CDF856
:109B70001C803022079B434521D3079B179ADB1B90
:109B80003846136009B0BDE8F08FB8F1470FE2D056
:109B9000BAF1460F00EB0608E2D10378302B0AD168
:109BA0000022002320462946FFF7F4FC18B9C6F12D
:109BB0000106C9F80060D9F800309844D0E7591C74
:109BC00007911A70D6E7F7B50029BABF49422D238D
:109BD0002B2309290270437029DD0DF107031D466F
:109BE0000A271A46B1FBF7F607FB1614303402F8C1
:109BF000014C0C46632C03F1FF333146F1DC30316C
:109C0000941E03F8011C411C2346AB420AD30DF1FC
:109C100009039B1AAC4288BF002302330344181A7D
:109C200003B0F0BD13F8016B01F8016FEDE73023CD
:109C300030318370C170031DF1E700002DE9F04F52
:109C400091B00C46DDF8688016461F46054600F0C8
:109C5000F9FD03680893184600F0B0FE00230E9348
:109C6000D8F800300990073323F0070303F1080206
:109C700094F818A0D4F800B0C8F80020D3E90089FF
:109C800029F000430B93CDF82880C4E91289DDE95F
:109C90000A019C4B4FF0FF3202F076FC70BBDDE90D
:109CA0000A01984B4FF0FF32FFF788FC30BB0022CF
:109CB000002340464946FFF777FC10B12D2384F876
:109CC0004330914A914BBAF1470F94BF9046984662
:109CD000032323612BF0040323604FF00009009756
:109CE00033460FAA2146284600F0DEF9013040F045
:109CF00099804FF0FF3011B0BDE8F08F42464B46DF
:109D00004046494602F040FC40B14B46002BBCBFE8
:109D10002D2384F843307E4A7E4BD4E763685A1C77
:109D200029D1062363604BF48063002223600692EE
:109D30000EAACDE904A20DAA03920DF13302CDE9DA
:109D400001326368009342464B462846FFF7D4FE33
:109D5000BAF1670F0D99804615D1CB1C3BDB6368C8
:109D6000994238DC0E9B994255DB23682161D80764
:109D700045D54B1C42E00AF0DF02472AD3D1002B25
:109D8000D1D10123CEE7BAF1470F07D1C81C25DB9B
:109D900063688B4222DB4FF0670AE3E7BAF1650F95
:109DA0001FD80139524604F150000D91FFF70BFF07
:109DB0000E9A1318012A8146236102DC2268D20719
:109DC00001D5013323619DF83330002B87D02D233B
:109DD00084F8433083E74FF0650AE2E74FF0450A25
:109DE000DFE7BAF1660FBDD1002963680BDD2161A1
:109DF00013B92268D00702D501330B442361A16552
:109E00004FF00009DFE713B92268D20701D502330A
:109E1000F4E70123F2E70029D4BFC1F102020122D5
:109E20001344EBE723685A0507D4236942463146B9
:109E30002846B84701302BD15BE7BAF1650F40F2F5
:109E4000DC80D4E9120100220023FFF7A3FB0028E5
:109E500033D0314A012331462846B84701303FF418
:109E600048AFDDE90D38434502DB2368D8070FD53D
:109E7000DDE9082331462846B84701303FF439AFC1
:109E80004FF0000908F1FF3804F11A0AC84509DC4F
:109E900023689B0700F10281E0680F9B9842B8BFDE
:109EA000184628E70123524631462846B847013074
:109EB0003FF41FAF09F10109E8E70D9B002B38DCE7
:109EC000154A012331462846B84701303FF411AF07
:109ED000DDE90D3959EA030302D12368D907D7D543
:109EE000DDE9082331462846B84701303FF401AF89
:109EF0004FF0000A04F11A0B0D9B5B4253450DDC39
:109F00004B4693E7FFFFEF7F34DF200838DF200860
:109F10003CDF200840DF200844DF200801235A46A8
:109F200031462846B84701303FF4E3AE0AF1010A52
:109F3000E2E7A36DDDF838A05345A8BF5346002BD8
:109F4000994636DC4FF0000B29EAE97904F11A0250
:109F5000A36D0A93A3EB09035B4531DC0D9B9A4586
:109F60003ADC2368DA0737D40D9BAAEB03090A9B76
:109F7000AAEB03039945A8BF9946B9F1000F33DC5A
:109F80004FF0000829EAE97904F11A0B0D9BAAEBBE
:109F90000303A3EB090343457FF77AAF01235A4636
:109FA00031462846B84701303FF4A3AE08F1010816
:109FB000ECE7424631462846B8470130C2D198E620
:109FC0000123314628460A92B84701303FF491AE4A
:109FD0000A9A0BF1010BBBE7DDE90823314628465D
:109FE000B8470130C0D184E60A9A4B464244314614
:109FF0002846B8470130C3D17BE6DDF838A0BAF176
:10A00000010F01DCDB0736D50123424631462846E5
:10A01000B84701303FF46DAEDDE9082331462846EC
:10A02000B84701303FF465AED4E9120100220023A5
:10A030000AF1FF3AFFF7AEFAC0B9534608F1010240
:10A0400031462846B84701300CD152E601235A4622
:10A0500031462846B84701303FF44BAE08F10108BD
:10A06000D045F3DB4B4604F15002E0E64FF0000828
:10A0700004F11A0BF4E701234246E1E701234A46C3
:10A0800031462846B84701303FF433AE08F10108A5
:10A09000E3680F995B1A4345F0DCFDE64FF00008DA
:10A0A00004F11909F4E700BF2DE9F0471646984678
:10A0B0008A680B69DDF820909342B8BF134633607D
:10A0C00091F8432007460C460AB1013333602368F8
:10A0D000990642BF336802333360256815F00605E0
:10A0E00006D104F1190AE36832689B1AAB4226DCF8
:10A0F00094F843302268003B18BF012392062BD40A
:10A1000004F1430241463846C84701301ED0236857
:10A11000226903F00603042B02BFE5683368ED1AD9
:10A12000A3680CBF25EAE57500259342C4BF9B1ABE
:10A13000ED1800261A34B5421AD1002008E0012398
:10A14000524641463846C847013003D14FF0FF30F0
:10A15000BDE8F0870135C6E7E1185A1C302081F8C8
:10A160004300224494F8451082F843100233C7E7B5
:10A170000123224641463846C8470130E6D0013621
:10A18000D9E700002DE9FF470F7E0C9E782F9146FE
:10A1900080460C469A4601F1430207D8622F0AD83E
:10A1A000002F00F0DD80582F00F0C38004F142063C
:10A1B00084F842703AE0A7F16303152BF6D801A1A9
:10A1C00051F823F01DB2200831B22008ADB12008AB
:10A1D000ADB12008ADB12008ADB1200831B22008E2
:10A1E000ADB12008ADB12008ADB12008ADB1200857
:10A1F00047B32008BFB22008FFB22008ADB1200845
:10A20000ADB1200869B32008ADB12008BFB2200865
:10A21000ADB12008ADB1200807B3200833681A1D7E
:10A220001B68326004F1420684F842300123A8E042
:10A2300031682368081D30601E0601D50D6803E0F3
:10A240005D06FBD5B1F900506168002D78DA2D204C
:10A25000002984F84300A1602DDA5E486D420A238C
:10A260001646B5FBF3F103FB1157C75D06F8017DF8
:10A270002F46BB420D46F4D9082B0BD12368DF07CC
:10A2800008D5236961689942DEBF302306F8013C96
:10A2900006F1FF36921B2261CDF800A04B4603AABF
:10A2A00021464046FFF700FF01306FD14FF0FF30ED
:10A2B00004B0BDE8F08723F004032360CDE72168F4
:10A2C0003368080653F8045B02D4490648BFADB2B0
:10A2D0006F2F4048336014BF0A230823002184F8FD
:10A2E00043106668A660002EBADB216821F00401E5
:10A2F0002160002DB4D1002EB2D11646BCE72368F0
:10A3000043F0200323603448782784F8457023689D
:10A3100031681F0651F8045B02D45F0648BFADB236
:10A320003160D90744BF43F0200323601DB11023DF
:10A33000D4E72848E9E7236823F020032360F6E701
:10A3400024480A23CDE7336825686169181D306009
:10A350002E061B6801D5196002E06806FBD519803E
:10A3600000232361164697E733681A1D32601E6882
:10A3700062680021304600F0C3FA08B1801B6060BB
:10A3800063682361002384F8433085E723693246FC
:10A3900049464046D047013088D023689B0714D4F3
:10A3A000E068039B9842B8BF184681E70123324614
:10A3B00049464046D04701303FF478AF0135E36865
:10A3C00003995B1AAB42F1DCEAE7002504F11906B8
:10A3D000F5E700BF46DF200857DF2008002310B54F
:10A3E0000446C0E90033C0E90433836081814366D9
:10A3F000C2818361194608225C3000F01BFA0D4BC4
:10A4000063620D4BA3620D4BE3620D4B23630D4B57
:10A4100024629C4206D003F16802944202D0D033F9
:10A420009C4205D104F15800BDE8104000F064BA28
:10A4300010BD00BF65B6200887B62008BFB620084B
:10A44000E3B62008D83F0100024A0349034800F060
:10A450007BB800BF5808000071D2200868080000CF
:10A4600041680C4B994210B5044601D001F000FF41
:10A47000A168094B994202D0204601F0F9FEE1683B
:10A48000064B994204D02046BDE8104001F0F0BED2
:10A4900010BD00BFD83F010040400100A8400100AE
:10A4A00010B50B4B0B4C0C4A1A60204600220421BD
:10A4B000FFF794FF04F1680001220921FFF78EFFE6
:10A4C00004F1D0000222BDE810401221FFF786BF40
:10A4D00010410100D83F010049B42008014800F0B4
:10A4E0000CBA00BF19410100014800F007BA00BFD3
:10A4F0001941010010B50446FFF7F0FF236A1BB1B4
:10A50000BDE81040FFF7F0BF044B2362044B1B680B
:10A51000002BF5D1FFF7C4FFF2E700BF61B42008BC
:10A52000104101000EB403B5014603AB054853F8D2
:10A53000042B0068019301F0FFFC02B05DF804EB0E
:10A5400003B07047640800002DE9F84307468846C9
:10A5500014460026D4E90195B9F1010905D524680E
:10A56000002CF7D13046BDE8F883AB89012B07D921
:10A57000B5F90E30013303D029463846C0470643AB
:10A580006835E9E70FB407B5064904AB086853F826
:10A59000042B8168019301F0CFFC03B05DF804EB5C
:10A5A00004B0704764080000036A70B5846805460B
:10A5B0000E460BB9FFF79EFF636EDB0705D4A38938
:10A5C000980502D4A06D00F098F9A389190702D567
:10A5D0002369002B35D12146284600F0C5F880B309
:10A5E0004FF0FF35636EDA0705D4A3899B0502D4CB
:10A5F000A06D00F083F9284670BD002B15DB2368A1
:10A600005A1C22601970A36816F8011F013BA36051
:10A610000029F2D1002B16DA22460A21284600F042
:10A6200064F80130DCD00A25DCE7A2699A4201DC3B
:10A630000A29E4D12246284600F057F80130E2D139
:10A64000CEE7013EDFE723685A1C22600A221A7017
:10A65000E9E70000024B01461868FFF7A5BF00BFFD
:10A660006408000010B50C46B1F90E1000F010F9A6
:10A670000028ABBF636DA3891B1823F48053ACBFC4
:10A680006365A38110BD2DE9F0411F468B89DB0571
:10A6900005460C46164605D5B1F90E1002230022D8
:10A6A00000F0E4F8A389B4F90E1023F48053A381D9
:10A6B00032463B462846BDE8F04100F00BB910B5E4
:10A6C0000C46B1F90E1000F0D1F8431CA38915BF58
:10A6D000606523F4805343F48053A38118BFA381A2
:10A6E00010BDB1F90E1000F0B1B8F8B50E46144621
:10A6F000054618B1036A0BB9FFF7FCFEA369A36016
:10A70000A3891A0701D5236943B92146284600F0D9
:10A710002BF818B14FF0FF373846F8BD236822698F
:10A72000981A6369F6B28342374605DC214628460B
:10A7300001F09EFD0028EDD1A368013BA3602368D2
:10A740005A1C22601E706269431C9A4204D0A3897D
:10A75000DB07E1D50A2EDFD12146284601F088FD2E
:10A760000028D9D0D6E7000038B5294B054618682F
:10A770000C4618B1036A0BB9FFF7BCFEB4F90C30F4
:10A78000190722D4DA0607D409222A6043F04003CD
:10A79000A3814FF0FF3033E0580712D5616B41B110
:10A7A00004F14403994202D0284600F0CBFF002375
:10A7B0006363A38923F02403A381002363602369D7
:10A7C0002360A38943F00803A38123694BB9A389BC
:10A7D00003F42073B3F5007F03D02146284601F02F
:10A7E00095FDB4F90C3013F001020AD00022A260EA
:10A7F00062695242A261226942B913F08000C5D158
:10A8000038BD990758BF6269A260F4E70020F7E7F6
:10A810006408000010B501390244904201D10020C3
:10A8200005E0037811F8014FA34201D0181B10BDB9
:10A830000130F2E702440346934200D1704703F827
:10A84000011BF9E700487047A409000038B5064D20
:10A850000023044608462B60F7F794F9431C02D105
:10A860002B6803B1236038BD1441010038B5074D92
:10A8700004460846114600222A601A46F7F78CF96A
:10A88000431C02D12B6803B1236038BD1441010081
:10A8900038B5074D04460846114600222A601A467C
:10A8A000F7F77CF9431C02D12B6803B1236038BD54
:10A8B0001441010038B5064D0023044608462B60BC
:10A8C00001F0A0FE431C02D12B6803B1236038BD08
:10A8D0001441010038B5074D0446084611460022D0
:10A8E0002A601A46F7F72CF9431C02D12B6803B1F2
:10A8F000236038BD14410100704770477047000065
:10A9000001F0FF01102A2BDB10F0070F08D010F820
:10A91000013B013A8B422DD010F0070F42B3F6D124
:10A92000F0B441EA012141EA014122F007047FF03D
:10A9300000070023F0E80256083C85EA010586EA94
:10A94000010685FA47F5A3FA87F586FA47F6A5FAD0
:10A9500087F68EB9EED1F0BC01F0FF0102F00702DC
:10A9600032B110F8013B013A83EA010313B1F8D187
:10A970000020704701387047002D06BF3546033868
:10A98000073815F0010F07D1013015F4807F02BFA1
:10A99000013015F4C03F0130F0BC0138704700BFF2
:10A9A0000A44914200F1FF3300D1704710B511F80D
:10A9B000014B03F8014F9142F9D110BD034613F842
:10A9C000012B002AFBD1181A0138704708B5062060
:10A9D00001F000FD0120F7F7ADF82DE9F74F03690D
:10A9E0000C69A34207467EDB013C01F11408A30079
:10A9F00000F11405009305EB8403019358F824300B
:10AA000055F8242001339A4208EB8409B2FBF3F68F
:10AA10002ED34FF0000AC446AE46D3465CF8043B42
:10AA200098B206FB00A0020C1B0C06FB0323DEF809
:10AA3000002080B292B2121A5A44DEF800004FEAA7
:10AA4000134A9BB2C3EB224303EB104392B242EA98
:10AA50000342E1454EF8042B4FEA234BDED2009B24
:10AA6000EB582BB9019B043B9D421A462FD33C6106
:10AA7000384601F02FF9002825DB2946002058F838
:10AA8000042BD1F800C01FFA82FE1FFA8CF3A3EB4F
:10AA90000E030344120CC2EB234202EB1C429BB296
:10AAA00043EA0243C14541F8043B4FEA2240E6D263
:10AAB00055F8242005EB840322B9043B9D421A4635
:10AAC0000BD33C610136304603B0BDE8F08F12680D
:10AAD000043B002ACBD1013CC6E71268043B002AA4
:10AAE000EFD1013CEAE70020EEE7000000000000A3
:10AAF0002DE9F04FC76997B014461D46CDE90445CE
:10AB0000239E83467FB91020FEF740FF0246CBF814
:10AB10001C0020B9A64BEF21A648FEF705FFC0E9AF
:10AB200001770760C760DBF81C30196859B15A68B3
:10AB30004A60012393408B60584600F08DFEDBF89D
:10AB40001C3000221A602B1EB9BF23F0004305936E
:10AB500000233360059F984BBCBF01223260BB438A
:10AB600019D1229A42F20F731360C7F313032343E0
:10AB700000F0DE85249B53B9904B21E0904B089365
:10AB80000833249A1360089817B0BDE8F08F8B4BF8
:10AB900008930333F5E79DED047B002251EC170B7E
:10ABA00000238DED0C7BFEF7F5FC804650B1229A18
:10ABB00001231360249B13B1249A824B1360824BB0
:10ABC0000893E0E714AB019315AB00935846DDE919
:10ABD0000C2301F02FF9C7F30A560390002E79D009
:10ABE0000D9BCDF84C80C3F31303DDE90C0143F05A
:10ABF0007F5343F44013A6F2FF3619460022734BED
:10AC0000FEF7A8F864A3D3E90023FEF75BFA64A378
:10AC1000D3E90023FEF7A0F8044630460D46FEF7C0
:10AC2000E7F961A3D3E90023FEF74CFA02460B468D
:10AC300020462946FEF790F804460D4601F0BAFC7E
:10AC400000220746002320462946FEF7ADFC40B10E
:10AC50003846FEF7CDF922462B46FEF79BFC00B99D
:10AC6000013F162F53D85A4B03EBC703D3E90023F8
:10AC7000DDE90C01FEF798FC00284AD0013F0023D3
:10AC80001293149B9B1B5A1E45BFC3F101030993EA
:10AC9000002300230A9254BF09930A93002F3ADB42
:10ACA0000A9B0F973B440A9300230B93209B092B8D
:10ACB00067D8052BC4BF043B2093209BA3F102035C
:10ACC000CCBF00240124032B00F28680DFE803F0D0
:10ACD0002B383657DDE914631E4406F23243202B2D
:10ACE000C1BFC3F140039F4006F2124324FA03F3AD
:10ACF000D6BFC3F1200347EA030004FA03F0FEF7CE
:10AD000067F90122A1F1F873013E139275E701235F
:10AD1000B6E71290B5E7099BDB1B09937B420B93C7
:10AD200000230F93C2E700230E93219B002B56DCD8
:10AD30000123069399461A4621920CE00123F3E77A
:10AD400000230E93219BFB1803F1010906934B4648
:10AD5000012BB8BF0123DBF81C000021042202F103
:10AD600014059D423FD94160584600F035FD0890DA
:10AD700000283BD1174B024640F2AF11CCE601232D
:10AD8000DFE70124002320930E944FF0FF33069356
:10AD9000994600221223CFE761436F63A787D23F12
:10ADA000B3C8608B288AC63FFB799F501344D33FBA
:10ADB00075DF20088CDF20080000F07F71DF20089D
:10ADC00068DF200845DF200844DF20080000F83F46
:10ADD00088E02008E5DF200801230E93D5E7219BBA
:10ADE00006939946B7E701315200B8E7DBF81C300B
:10ADF000089A1A60B9F10E0F6FD8002C6DD0002F91
:10AE000036DDA14B07F00F0203EBC20393ED007B8D
:10AE1000F8058DED107B4FEA271417D59B4BDDE924
:10AE20000C01D3E90823FEF777FACDE9040104F019
:10AE30000F044FF00308954D5CB9DDE91023DDE9FF
:10AE40000401FEF769FACDE904012BE04FF0020896
:10AE5000F1E7E10709D5DDE91001D5E90023FEF7A7
:10AE600031F9CDE9100108F1010864100835E3E774
:10AE700000F007817C42844B844D04F00F0203EB09
:10AE8000C203D3E90023DDE90C01FEF71BF9CDE98C
:10AE90000401241100234FF00208002C40F0E5804B
:10AEA000002BD0D1129BDDE90445002B00F04B8133
:10AEB000774B002220462946FEF776FB002800F05B
:10AEC0004281B9F1000F00F03E81069B002B00F398
:10AED000E380DDE90C34CDE90434159B002B02DB63
:10AEE0000E2F40F341820E9A002A40F066820B9C9E
:10AEF000DDF824800025B8F1000F0DD00A9B002B4F
:10AF00000ADD4345099AA8BF4346D21A09920A9A14
:10AF1000A8EB0308D31A0A930B9B0BB30E9B002BD1
:10AF200000F0A582002C00F0A08229462246584657
:10AF300000F00AFE039A01460546584600F05AFD05
:10AF400003990646584600F087FC0B9B1B1B0B938E
:10AF500000F090820B9A3146584600F0F5FD0390C0
:10AF60000121584600F030FD0F9B0446002B00F0F5
:10AF700083821A460146584600F0E6FD209B012BCD
:10AF8000044603DC049B002B00F07B82002623692F
:10AF900004EB8303186900F0C7FC0F96C0F1200092
:10AFA0000A9B184410F01F0000F09082C0F12003AB
:10AFB000042B40F38082099BC0F11C0003440993D9
:10AFC0000A9B034480440A93099B002B05DD0399E7
:10AFD0001A46584600F012FE03900A9B002B05DD2E
:10AFE00021461A46584600F009FE0446129B002BE3
:10AFF00000F075820398214600F06CFE002880F274
:10B000006E82002303990A22584600F047FC0E9BEB
:10B0100003907E1E002B00F05B82002329460A224B
:10B02000584600F03BFC069B002B054603DC209BAA
:10B03000022B00F35D82B8F1000F05DD2946424680
:10B04000584600F0DBFD05460F9B002B00F0CF8239
:10B050006968584600F0C0FB0746002840F07E8231
:10B060000C4B024640F2EF2156E5E20706D5D5E942
:10B070000023FEF727F808F10108012364100835C2
:10B080000BE74FF002080DE788E0200860E0200899
:10B090000000F03FE5DF20082046AD4B00222946A6
:10B0A000FEF710F8CDE90401069C7E1E08F10108A8
:10B0B0004046FDF79DFFDDE90423FEF703F8A54BAD
:10B0C0000022FDF749FEA1F15073CDE91001119363
:10B0D000002C3BD1DDE904019F4B0022FDF73AFE35
:10B0E00002460B46CDE90423DDE91023FEF77AFA88
:10B0F000002840F05781DDE9102101F10043DDE92E
:10B100000401FEF751FA00283FF4E3AE002425467F
:10B11000219BDDF820A0DE434FF000082146584671
:10B1200000F09AFB002D00F0A980B8F1000F05D0C7
:10B13000A84503D04146584600F08EFB29465846A4
:10B1400000F08AFB9AE03E464C46B1E7834B03EBA6
:10B15000C40353E90201089B1C440E9B002B4AD0F8
:10B1600002460B4600207E49FEF7D6F8DDE91023A3
:10B17000FDF7F0FDCDE91001DDF820A0DDE90401C7
:10B1800001F018FA0546FDF733FF02460B46DDE9EC
:10B190000401FDF7DFFD3035CDE9040102460B4621
:10B1A0000AF8015BDDE91001FEF71CFA002865D101
:10B1B000DDE904236B490020FDF7CCFD02460B4678
:10B1C000DDE91001FEF70EFA002840F00D81A245DE
:10B1D00000F0EA80DDE910015D4B0022FDF772FF0F
:10B1E0005B4BCDE910010022DDE90401FDF76AFFA8
:10B1F000CDE90401C2E7DDE91023FDF763FFCDE9E6
:10B200001001DDF820A0A046DDE9040101F0D2F92B
:10B210000546FDF7EDFE02460B46DDE90401FDF7AC
:10B2200099FD30350AF8015B02460B46A245CDE98F
:10B2300004234FF0000223D1494BDDE91001FDF753
:10B240008BFD02460B46DDE90401FEF7CBF9002831
:10B2500040F0CA80DDE9102341490020FDF77AFD66
:10B2600002460B46DDE90401FEF79EF970B1C246C5
:10B2700008F1FF381AF8013C302BF8D0374655E07A
:10B28000334BFDF71FFFCDE90401BDE7DDE90C34C9
:10B29000CDE90434159B002BFFF629AE0E2F3FF7A6
:10B2A00026AE2E4B03EBC70393ED007B219B002BB7
:10B2B0008DED067B02DAB9F1000F64D0DDE90445BB
:10B2C000DDF820A0DDE9062320462946FEF724F814
:10B2D00001F070F90646FDF78BFEDDE90623FDF768
:10B2E000F1FE02460B462046294606F13004FDF7E2
:10B2F00031FD0AF8014B089CAAEB0404A145024663
:10B300000B4640F08280FDF727FDDDE90623044669
:10B310000D46FEF767F9002865D1DDE906232046D2
:10B320002946FEF737F908B1F3075CD4039958466C
:10B3300000F092FA00238AF80030229B01371F6048
:10B34000249B002B3FF41FACC3F800A01BE400BFFC
:10B350000000244000001C400000144088E0200849
:10B360000000E03F0000F03FA24B03EBC70393ED6A
:10B37000007B219B002B8DED067B9FDAB9F1000F3E
:10B380009CDC7FF4C3AE9C4B0022DDE90601FDF797
:10B3900099FEDDE90423FEF71BF9044600287FF43B
:10B3A000B5AE3E462546B4E0DDE90C34CDE90434C3
:10B3B000159B002B01DB0E2FD6DD209A012A36DCEF
:10B3C000139A82B303F233430B9CDDF82480099A6D
:10B3D0001A4409920A9A01211A4458460A9200F026
:10B3E000F3FA054687E53E4653469A4613F8012D83
:10B3F000392A06D1089A9A42F7D1089930220136A3
:10B400000A701A7801321A7038E77C4B0022FDF777
:10B4100059FE0022002304460D46FEF7BBF8002823
:10B420003FF450AF82E7149BC3F13603CCE70B9B8C
:10B4300009F1FF34A34208DBB9F1000FA3EB0404C8
:10B440000EDBDDF824804B46C1E70B9B0F9A0B9473
:10B45000E31A1A44DDF824800F924B460024B6E725
:10B46000099BA3EB09080023B1E7039E72E50B9A41
:10B47000039971E5039673E5209B012B17DC049B70
:10B48000ABB9059BC3F313039BB9059B23F000469F
:10B49000360D360536B1099B013309930A9B0133FA
:10B4A0000A9301260F9B002B7FF471AD0F960120AC
:10B4B00076E50026F6E73FF487AD099A1C331A4477
:10B4C00009920A9A1A4498440A927DE50346F4E7E1
:10B4D000069B002B2BDC209B022B09DC27E0B9F11B
:10B4E000000F1DDC209B022B1ADDCDF818903E4684
:10B4F000069B002B7FF40CAE21460522584600F037
:10B50000CDF901460446039800F0E4FB00287FF7DC
:10B51000FFADDDF820A031230AF8013B0136FBE541
:10B520000E9BCDF818903E46002B7FF484AD089F0B
:10B5300003982146FFF751FA00F1300907F8019B03
:10B54000089B069AFB1A9A4240F3CB80039900238A
:10B550000A22584600F0A2F90390E9E72A6902326C
:10B56000920005F10C010C30FFF71AFA012239465E
:10B57000584600F043FB089B089A03F1010A069B1A
:10B5800013440A93049B03F00103A8460B9305465A
:10B590000AF1FF33214603980693FFF71EFA41464E
:10B5A000099000F13009039800F094FB2A462146E7
:10B5B0000746584600F0AAFBC268014602B3584647
:10B5C00000F04AF9002F3ADA03990122584600F0B8
:10B5D00015FB2146039000F07DFB002803DC29D1F8
:10B5E00019F0010F26D0B9F1390F1DD132E02846EC
:10B5F000C1E700BF88E0200800001440000024409C
:10B600000E90039800F066FB0E990C90584600F0DF
:10B6100023F90C9A5ABB209B53B90B9B43B9B9F140
:10B62000390F17D0002F05DD099B03F1310901E027
:10B63000002F2ADADDF818A00AF8019B6EE5209B9E
:10B640003B4304D1049B03F00103002BBCD0B9F1B0
:10B65000390F36D1069F392307F8013BBA46013F1F
:10B660001AF8013C392B5BD001333B7056E5002FB3
:10B6700006DB209B3B4306D1049B03F0010313B977
:10B68000002AA1DCD6E7002AE1DC0A9B0AF8019C2B
:10B69000534557462FD0039900230A22584600F0FD
:10B6A000FDF8A84503904FF000034FF00A02414611
:10B6B00058460BD100F0F2F8804605460AF1010A1F
:10B6C00066E7DDF818A009F10109B5E700F0E6F832
:10B6D0002946804600230A22584600F0DFF8054636
:10B6E000ECE7069B002BC8BF1F46089BD8BF01276D
:10B6F0001F444FF0000803990122584600F07EFADB
:10B700002146039000F0E6FA0028A7DC02D119F0E8
:10B71000010FA3D1BA4617F8013D302BFAD0FDE452
:10B72000089BBB429AD1089A312301361370F5E485
:10B73000249B002B7FF422AA014BFFF741BA00BFE4
:10B7400068DF200838B50546002941D051F8043C8F
:10B750000C1F002BB8BFE418FEF7C2F91D4A13688E
:10B7600033B9636014602846BDE83840FEF7BEB9BF
:10B77000A34208D9206821188B4201BF19685B6871
:10B7800009182160EDE71A465B680BB1A342FAD9AC
:10B7900011685018A0420BD1206801445018834210
:10B7A0001160E0D118685B68536008441060DAE704
:10B7B00002D90C232B60D6E7206821188B4204BFE6
:10B7C00019685B68636004BF091821605460CAE7A8
:10B7D00038BD00BFD43F010070B5C66904460D46B0
:10B7E00076B91020FEF7D2F80246E06120B9184B76
:10B7F00018486B21FEF798F8C0E901660660C6603C
:10B80000E669F36883B1E369DB6853F82500B8B9EA
:10B81000012101FA05F6721D92002046FEF7A2F8FA
:10B8200060B1C0E901560EE0212204212046FEF756
:10B8300099F8E369F060DB68002BE4D1002070BD6B
:10B84000026843F825200023C0E90333F7E700BF6F
:10B8500075DF2008F6DF200870B5C66905460C467E
:10B8600076B91020FEF792F80246E86120B9094B3C
:10B8700009488F21FEF758F8C0E901660660C660E6
:10B880003CB1EB696268DB6853F82210216043F831
:10B89000224070BD75DF2008F6DF20082DE9F04159
:10B8A0000D6907460C461E4601F1140C0020DCF819
:10B8B000003099B202FB01611E0C0B0C02FB063337
:10B8C00089B2013001EB034185424CF8041B4FEA79
:10B8D0001346ECDC0EB3A368AB4219DC6168384652
:10B8E0000131FFF779FF804628B902460C4B0D481D
:10B8F000BA21FEF719F82269023204F10C01920014
:10B900000C30FFF74DF821463846FFF7A5FF4446B7
:10B9100004EB850301355E6125612046BDE8F081B9
:10B92000E5DF2008F6DF2008B0F5803F034636BF8C
:10B93000030400201020B3F1807F3CBF1B020830BD
:10B94000B3F1805F3CBF1B010430B3F1804F03D3E0
:10B95000002B0ADB013070479B0001D50230704795
:10B960005B0001D503307047202070470368024612
:10B9700013F007000BD0D90721D4980749BF5B0803
:10B980009B08012013605CBF13600220704799B2CE
:10B9900009B91B0C1020D9B209B908301B0A1907C4
:10B9A00004BF1B090430990704BF9B080230D90764
:10B9B00003D45B0800F1010003D01360704700203E
:10B9C000704720207047000010B50C460121FFF79A
:10B9D00003FF024628B9054B054840F24511FDF723
:10B9E000A3FF01234461036110BD00BFE5DF200810
:10B9F000F6DF20082DE9F04F14460A6923699A42C0
:10BA0000A8BF23460F46A4BF0C461F46D4F810A07B
:10BA1000D7F81090A36861680AEB0906B34285B0B5
:10BA2000B8BF0131FFF7D8FE30B90246444B454854
:10BA30004FF4B171FDF778FF00F1140505EB8608AE
:10BA40002B460022434521D307F1140104F11402CF
:10BA500002EB8A0201EB89030293131B153B23F0CF
:10BA60000303043304F11507BA4238BF04230193DA
:10BA7000029B03918B420CD8002E03DD58F8043D45
:10BA8000002B5BD0066105B0BDE8F08F43F8042BB6
:10BA9000D8E7B1F800A0BAF1000F24D004F1140ED9
:10BAA000A9464FF0000C5EF8047BD9F800301FFA6D
:10BAB00087FB9BB20AFB0B334FEA174BD9F8007098
:10BAC00063444FEA174C0AFB0BC707EB13479BB2C3
:10BAD00043EA0743724549F8043B4FEA174CE2D862
:10BAE000019B45F803C0039BB3F802900431B9F100
:10BAF000000F21D02B6804F1140CAE464FF0000A61
:10BB0000BCF800B0BEF8027009FB0B7757449BB23B
:10BB100043EA07434EF8043B5CF8043B4FEA134A00
:10BB2000BEF8003009FB0A3303EB174362454FEAC6
:10BB3000134AE5D8019FEB51043599E7013E9BE795
:10BB4000E5DF2008F6DF20082DE9F843154612F05E
:10BB5000030207460E4607D0254C013A002354F84D
:10BB60002220FFF79BFE0646AD103DD0FC697CB954
:10BB70001020FDF70BFF0246F86128B91D4B1E4847
:10BB800040F2B311FDF7D0FEC0E901440460C46087
:10BB9000D7F81C80D8F808404CB940F271213846DB
:10BBA000FFF712FF0023C8F80800044603604FF0B7
:10BBB0000009EB070AD5314622463846FFF71AFF3F
:10BBC000314680463846FFF747FE46466D100BD09B
:10BBD000206838B9224621463846FFF70BFF20601F
:10BBE000C0F800900446E4E73046BDE8F88300BFA3
:10BBF00050E0200875DF2008F6DF20082DE9F04727
:10BC00000C464968236903EB6218A368074691460E
:10BC10004FEA621A08F10106B3420BDB3846FFF720
:10BC2000DBFD054648B90246284B29484FF4EF7121
:10BC3000FDF77AFE01315B00EEE7002300F114010D
:10BC400000F110021846534533DB20692AEAEA7AEC
:10BC500004F1140319F01F0901EB8A0103EB800CB6
:10BC60002BD0C9F1200E8A460022186800FA09F08C
:10BC700010434AF8040B53F8042B9C4522FA0EF2A9
:10BC8000F3D8ACEB0403153B23F00303043304F1B6
:10BC90001500844538BF0423CA500AB108F10206D2
:10BCA000013E38462E612146FFF7D6FD2846BDE805
:10BCB000F08742F8040F0133C5E7043953F8042B29
:10BCC00041F8042F9C45F9D8EAE700BFE5DF2008DA
:10BCD000F6DF20080A6903460069801A30B50ED1E4
:10BCE0001433143103EB820401EB820154F8045D38
:10BCF00051F8042D954203D005D24FF0FF3030BDEE
:10BD0000A342F3D3FBE70120F9E700002DE9F74F49
:10BD100089460646114648461446FFF7DBFF051ED6
:10BD200012D129463046FFF757FD024628B93F4B4E
:10BD300040F237213E48FDF7F7FD0123C0E9043505
:10BD4000104603B0BDE8F08FBCBF4B46A14630465D
:10BD5000D9F80410BABF1C4601250025FFF73CFDA9
:10BD6000024618B9314B40F24521E3E7D9F810708B
:10BD70002669C56009F1100309F1140504F1140ED8
:10BD800000F1140B05EB87080EEB86060193D946EC
:10BD90004FF0000C019B5EF8040B53F804AF0193C5
:10BDA0001FFA8AF3194683B2CB1A000C6344C0EB26
:10BDB0001A4000EB23409BB243EA0043764549F822
:10BDC000043B4FEA204CE5D8331B153B23F003031B
:10BDD00015340433A64238BF04231D445B441E4679
:10BDE0002C4644450ED308F10301491B21F0030101
:10BDF000033DA84538BF00210B4453F8041D91B101
:10BE000017619DE754F8041BE646080C1CFA81FCF8
:10BE1000714400EB2C4089B241EA004146F8041B12
:10BE20004FEA204CDDE7013FE7E700BFE5DF2008F0
:10BE3000F6DF20082DE973430121089E90469946BC
:10BE4000FFF7CAFC044630B90246244B244840F2AE
:10BE50000F31FDF769FDC9F30A55C9F313030DB19D
:10BE600043F480130193B8F1000324D06846009393
:10BE7000FFF77CFDDDE90012D8B1C0F1200302FA22
:10BE800003F30B43C24063610192019BA361002B4A
:10BE90000CBF012202222261ADB1A5F23345054457
:10BEA0003560C0F13500099B1860204602B0BDE83E
:10BEB00070836161E9E701A8FFF758FD019B6361A9
:10BEC00020300122E7E704EB8203A0F23240306029
:10BED0001869FFF729FDC0EB4210E4E7E5DF200811
:10BEE000F6DF20089368013B002B10B4936008DA5A
:10BEF0009469A34201DB0A2903D15DF8044BFEF7E4
:10BF0000F4BB1368581C1060197008465DF8044BA8
:10BF10007047F8B506460F461446D518AC4201D115
:10BF2000002007E014F8011B3A463046FFF7DAFF1D
:10BF3000431CF3D1F8BD00002DE9F04F0D469DB034
:10BF400014469846064618B1036A0BB9FEF7D2FAB2
:10BF50006B6ED90705D4AB899A0502D4A86DFEF79C
:10BF6000CCFCAB891B0701D52B699BB92946304610
:10BF7000FEF7FAFB70B16B6EDC0704D54FF0FF30B3
:10BF80001DB0BDE8F08FAB899805F7D4A86DFEF71A
:10BF9000B5FCF3E70023099320238DF82930CDF871
:10BFA0000C803023DFF8AC818DF82A304FF0010986
:10BFB00023469A4613F8012B0AB1252AF9D1BAEB88
:10BFC000040B0BD05B46224629463046FFF7A1FF03
:10BFD000013000F0A780099A5A4409929AF800307B
:10BFE000002B00F09F8000234FF0FF32CDE90523A6
:10BFF0000AF1010A049307938DF853301A935446BB
:10C00000052214F8011B5348FEF77AFC049AD8B9AC
:10C01000D10644BF20238DF85330130744BF2B2390
:10C020008DF853309AF800302A2B15D0079A5446D1
:10C0300000204FF00A0C214611F8013B303B092B40
:10C040004BD9B0B1079214E0A0EB080309FA03F34F
:10C0500013430493A246D2E7039B191D1B68039167
:10C06000002BBBBF5B4242F0020207930793B8BFAD
:10C07000049223782E2B0AD163782A2B32D1039B8A
:10C080001A1D1B68039243EAE37302340593DFF839
:10C09000D4A0217803225046FEF732FC38B1049B2D
:10C0A000A0EB0A004022824013430134049314F8A9
:10C0B000011B29488DF828100622FEF721FC0028D4
:10C0C0003FD0264B1BBB039B073323F007030833EA
:10C0D0000393099B3B4409936AE70CFB02320C462D
:10C0E0000120A8E700230134059319464FF00A0CFC
:10C0F000204610F8012B303A092A03D9002BC6D06C
:10C100000591C4E70CFB012104460123F0E703ABD2
:10C1100000932A46124B04A93046FDF78FFD0746CF
:10C12000781CD6D16B6ED90705D4AB899A0502D499
:10C13000A86DFEF7E3FBAB895B063FF51FAF0998DF
:10C140001EE703AB00932A46054B04A93046FEF7D1
:10C1500019F8E4E750E120085AE120083DAC200836
:10C1600013CF200856E12008B1F90C202DE9F04149
:10C17000170705460C4656D44B68002B02DC0B6CA7
:10C18000002B3DDDE66A002E3AD0002312F48052E7
:10C190002F68216A2B6025D0626DA389580705D5C9
:10C1A0006368D21A636B0BB1236CD21A216AE66AF8
:10C1B00000232846B047411C24D000236360236934
:10C1C0002360A389DA0400D56065616B2F60B9B183
:10C1D00004F14403994202D02846FFF7B3FA002342
:10C1E00063630DE001232846B047461C0246D4D1C4
:10C1F0002B68002BD1D01D2B01D0162B2BD12F60FB
:10C2000000202FE02A68B4F90C3042B11D2A01D079
:10C21000162A22D10023636023692360D5E7626078
:10C2200022692260CEE70F69002FE9D093070E68DC
:10C2300008BF4B690F6018BF0023A6EB07088B608F
:10C24000B8F1000FDCDD216AA66A43463A4628466B
:10C25000B047002808DCB4F90C3043F04003A38158
:10C260004FF0FF30BDE8F0810744A8EB0008E7E796
:10C2700038B50B6905460C4613B90025284638BD6C
:10C2800018B1036A0BB9FEF735F9B4F90C30002B7D
:10C29000F3D0626ED00704D4990502D4A06DFEF7E6
:10C2A0002CFB28462146FFF75FFF636EDA07054641
:10C2B000E4D4A3899B05E1D4A06DFEF71FFBDDE765
:10C2C00070B50C46B1F90E10002996B015461E4601
:10C2D0000DDAA38913F0800F4FF0000114BF402343
:10C2E0004FF48063002031602B6016B070BD6A4649
:10C2F00000F078F80028ECDB019901F47041A1F519
:10C300000053594259414FF48063EBE78B89F7B5ED
:10C310009D0706460C4607D504F1470323602361B9
:10C320000123636103B0F0BD01AB6A46FFF7C8FFAC
:10C33000009F054639463046FDF75AFB48B9B4F927
:10C340000C309A05EED423F0030343F00203A381DB
:10C35000E2E7A389206043F08003A381019BC4E945
:10C3600004075BB1B4F90E10304600F04DF828B167
:10C37000A38923F0030343F00103A381A3891D4391
:10C38000A581CFE71F2938B505460C4604D91623E9
:10C3900003604FF0FF3038BDC26B12B152F821304C
:10C3A0004BB9284600F052F8224601462846BDE81F
:10C3B000384000F039B8012B0AD0591C03D116239C
:10C3C00003600120E7E7002142F824102046984747
:10C3D0000020E0E7024B01461868FFF7D3BF00BF1B
:10C3E0006408000038B5074D00230446084611468E
:10C3F0002B60F5F7CAFB431C02D12B6803B1236005
:10C4000038BD00BF1441010038B5064D0023044675
:10C4100008462B60F5F7BEFB431C02D12B6803B125
:10C42000236038BD1441010038B5074D0023044690
:10C43000084611462B60F5F775FB431C02D12B68AB
:10C4400003B1236038BD00BF14410100F5F768BB9C
:10C4500082B001B901A942B14BB113780B601278D7
:10C46000101E18BF012002B070471046FBE76FF0A6
:10C470000100F8E70346084641B1FF2A04D98A22A1
:10C480001A604FF0FF3070470A70012070470000BB
:10C49000C1F30A5C2DE9F041ACF2FF35132D0246E1
:10C4A0000B460C46064634DC002D20DBDFF8D4803A
:10C4B00048FA05F801EA080C5CEA000C0F462DD09A
:10C4C0002DA3D3E90023FCF747FC00220023FDF74E
:10C4D00089F840B1002C03DD4FF480132B411F4439
:10C4E00027EA0804002621463046BDE8F08122A351
:10C4F000D3E90023FCF730FC00220023FDF772F89B
:10C500000028F0D0002C33DB344300D01C4C002634
:10C51000E9E7332D06DDB5F5806F26D010461946C4
:10C52000BDE8F081ACF2134C4FF0FF3727FA0CF75F
:10C530003842F3D010A3D3E90023FCF70DFC00220E
:10C540000023FDF74FF80028CDD0002C334609DD3D
:10C55000142D06D0C5F134050122AA4013449E4291
:10C5600000D9013423EA0706BDE7FCF7F5FBD7E75E
:10C5700000264FF00044B6E79C7500883CE4377E07
:10C580000000F03FFFFF0F004FEA410C7FEA6C5CB8
:10C5900002D150EA013C0AD14FEA430C7FEA6C5CBD
:10C5A00002D152EA033C02D14FF0000070474FF035
:10C5B000010070474FEA410212F5001215D211D561
:10C5C0006FF47873B3EB625212D94FEAC12343F090
:10C5D000004343EA505311F0004F23FA02F018BF12
:10C5E000404270474FF00000704750EA013005D1DB
:10C5F00011F0004008BF6FF0004070474FF000009E
:10C60000704700BF044A05491368002B08BF0B465A
:10C6100018441060184670471C4101002071010049
:10C620005FF800F0893200005FF800F01930000078
:10C630005FF800F0E93200005FF800F049130000F5
:10C640005FF800F06D4500005FF800F0C52F0000B6
:10C650005FF800F0650B00005FF800F0F5310000B6
:10C660005FF800F0A11D00005FF800F0413300000A
:10C670005FF800F0D93E00005FF800F0CD24000024
:10C680005FF800F0954500005FF800F0B53300005A
:10C690005FF800F0F92F00005FF800F0CD0B00000C
:10C6A0005FF800F0350C00005FF800F0F545000081
:10C6B0005FF800F0511D00005FF800F0FD0F000072
:10C6C0000D0A534D5020535543434553530D000D10
:10C6D0000A504153534B45592052455155455354E7
:10C6E0002052454345495645440D00504153534B54
:10C6F00045592053454E44204641494C4544203A33
:10C7000020256C640D0A00504153534B455920536A
:10C71000454E54203A2025640D0A005349393137DB
:10C720005F424C4500536574204E616D6520466143
:10C73000696C6564203A20256C640D0A00416476BA
:10C740006572746973696E67204661696C656420FF
:10C750003A20256C640D0A000D0A424C45204144E4
:10C76000564552544953494E47205354415254451B
:10C77000440D000D0A534939313720424C452049B8
:10C780004E495420444F4E450D0049444C450054F9
:10C790006D725100546D72205376630000080424BA
:10C7A000E8D72008E4D72008E0D72008DCD7200805
:10C7B0000000000000000000000000001000000069
:10C7C0000000000000000000B82F01009C2F0100B5
:10C7D000030000000300000000000000000A010048
:10C7E00000080100000201000001010000000145F5
:10C7F00038D8200834D8200830D820082CD8200871
:10C800000000000000000000000000002C000000FC
:10C810000000000000000000E02F0100C42F010014
:10C8200002000000030400000000000000090804EA
:10C83000001A0800001C0800001B08000000024449
:10C8400088D8200884D8200880D820087CD82008E0
:10C850000000000000000000000000002F000000A9
:10C86000000000000000000008300100EC2F010073
:10C87000010000000304000000000000001C030091
:10C8800000190300001B0300001A0300E52E200816
:10C89000052F2008993020087D30200865302008B9
:10C8A0001D302008D52F2008812F2008752F200843
:10C8B000692F2008352F2008292F20081D2F200838
:10C8C000112F2008000A08000001030000090300DE
:10C8D000000B0300000A0605000B06060006060111
:10C8E00000070602002F020B0030020C00090204B0
:10C8F00000060201001D0200001E020000080203E3
:10C9000002020A0210040100020000000000000000
:10C910000000000001000000F96E20080000000087
:10C92000000000000100000011702008010000005C
:10C93000E16F20080100000000000000010000007D
:10C940000000000003000000010000005D742008EA
:10C950000000000000000000010000001174200829
:10C960000000000000000000010000003B6D2008F6
:10C9700001000000000000000100000000000000B5
:10C9800004000000010000001574200800000000F1
:10C9900000000000010000000D73200801000000ED
:10C9A000296D2008000000000000000001000000C8
:10C9B00000000000010000000000000041737365EA
:10C9C0007274206661696C65643A2066696C6520E2
:10C9D0002573206F6E206C696E6520256C75200DA7
:10C9E0000A00433A2F55736572732F426861726172
:10C9F0006E6964686172616E20522F53696D706C4C
:10CA0000696369747953747564696F2F53444B7308
:10CA10002F73696D706C69636974795F73646B2FD0
:10CA2000657874656E73696F6E2F77697365636F70
:10CA30006E6E6563742F636F6D706F6E656E747369
:10CA40002F6465766963652F73696C6162732F73F8
:10CA5000693931782F6D63752F64726976657273E9
:10CA60002F756E69666965645F7065726970686567
:10CA700072616C5F647269766572732F7372632F73
:10CA8000736C5F73693931785F706572697068655E
:10CA900072616C5F6770696F2E6300433A2F557344
:10CAA0006572732F42686172616E69646861726158
:10CAB0006E20522F53696D706C6963697479537479
:10CAC0007564696F2F53444B732F73696D706C6974
:10CAD000636974795F73646B2F657874656E7369CD
:10CAE0006F6E2F77697365636F6E6E6563742F6306
:10CAF0006F6D706F6E656E74732F646576696365B4
:10CB00002F73696C6162732F73693931782F77697C
:10CB100072656C6573732F6168625F696E746572AC
:10CB2000666163652F7372632F7273695F68616CEE
:10CB30005F6D63755F6D345F726F6D2E630025737B
:10CB40003A25733A25643A0D0A20494E56414C491C
:10CB50004420494E54455252555054200D0A0D0A56
:10CB600000736C695F6D345F696E746572727570A5
:10CB7000745F6973720030303A31353A38333A367F
:10CB8000413A36343A31370030303A32333A41376D
:10CB90003A31323A33343A353600433A2F557365D9
:10CBA00072732F42686172616E6964686172616E4E
:10CBB00020522F53696D706C696369747953747571
:10CBC00064696F2F53444B732F73696D706C696385
:10CBD0006974795F73646B2F657874656E73696FC0
:10CBE0006E2F77697365636F6E6E6563742F636F05
:10CBF0006D706F6E656E74732F6465766963652FF3
:10CC000073696C6162732F73693931782F77697238
:10CC1000656C6573732F7372632F736C5F727369C6
:10CC20005F7574696C6974792E630025733A257396
:10CC30003A25643A52534E204F55492025303278D8
:10CC40003A253032783A253032782E0A0D0A0025FE
:10CC5000733A25733A25643A50616972776973654E
:10CC60002063697068657220737569746520636FED
:10CC7000756E743A2025752E0A0D0A00717565755A
:10CC8000652D3E7461696C203D3D204E554C4C0035
:10CC9000736C695F73693931785F72656D6F766542
:10CCA0005F6275666665725F66726F6D5F717565EE
:10CCB00075655F62795F636F6D70617261746F72C9
:10CCC0000071756575652D3E68656164203D3D2088
:10CCD0004E554C4C00433A2F55736572732F426882
:10CCE0006172616E6964686172616E20522F53696E
:10CCF0006D706C696369747953747564696F2F53CF
:10CD0000444B732F73696D706C69636974795F73D9
:10CD1000646B2F657874656E73696F6E2F776973B6
:10CD200065636F6E6E6563742F636F6D706F6E6594
:10CD30006E74732F6465766963652F73696C6162C5
:10CD4000732F73693931782F776972656C657373E6
:10CD50002F7372632F736C5F73693931785F6472FC
:10CD6000697665722E630025733A25733A25643A15
:10CD70004576656E743A2025752C2071756575654C
:10CD80002025750A0D0A00736C695F736939317863
:10CD90005F706F705F66726F6D5F627566666572F9
:10CDA0005F717565756500736C695F73693931789A
:10CDB0005F617070656E645F746F5F6275666665F3
:10CDC000725F717565756500736C695F7369393180
:10CDD000785F6472697665725F776169745F666FA8
:10CDE000725F726573706F6E73655F7061636B65A0
:10CDF000740004040402042C2066756E6374696F69
:10CE00006E3A2000617373657274696F6E2022251B
:10CE10007322206661696C65643A2066696C6520DE
:10CE2000222573222C206C696E65202564257325CC
:10CE3000730A0000202020202020202020282828DD
:10CE400028282020202020202020202020202020D2
:10CE5000202020208810101010101010101010101A
:10CE6000101010100404040404040404040410103A
:10CE700010101010104141414141410101010101D7
:10CE80000101010101010101010101010101011083
:10CE900010101010104242424242420202020202AC
:10CEA0000202020202020202020202020202021054
:10CEB0001010102000000000000000000000000022
:10CEC0000000000000000000000000000000000062
:10CED0000000000000000000000000000000000052
:10CEE0000000000000000000000000000000000042
:10CEF0000000000000000000000000000000000032
:10CF00000000000000000000000000000000000021
:10CF10000000000000000000000000000000000011
:10CF20000000000000000000000000000000000001
:10CF300000000000494E4600696E66004E414E00FA
:10CF40006E616E0030003031323334353637383967
:10CF50004142434445460030313233343536373868
:10CF60003961626364656600496E66696E697479E9
:10CF7000004E614E005245454E54206D616C6C6F01
:10CF80006320737563636565646564002F64617411
:10CF9000612F6A656E6B696E732F776F726B73703A
:10CFA0006163652F474E552D746F6F6C63686169BF
:10CFB0006E2F61726D2D31322F7372632F6E657714
:10CFC0006C69622D63796777696E2F6E65776C691E
:10CFD000622F6C6962632F7374646C69622F64746E
:10CFE0006F612E630042616C6C6F632073756363C5
:10CFF0006565646564002F646174612F6A656E6B9A
:10D00000696E732F776F726B73706163652F474E14
:10D01000552D746F6F6C636861696E2F61726D2D31
:10D0200031322F7372632F6E65776C69622D63796D
:10D030006777696E2F6E65776C69622F6C696263C2
:10D040002F7374646C69622F6D707265632E630058
:10D0500005000000190000007D0000000000000035
:10D060000080E03779C34143176E05B5B5B89346E4
:10D07000F5F93FE9034F384D321D30F94877825AB0
:10D080003CBF737FDD4F1575000000000000F03FCE
:10D090000000000000002440000000000000594093
:10D0A0000000000000408F40000000000088C340E6
:10D0B00000000000006AF8400000000080842E415B
:10D0C00000000000D01263410000000084D79741A7
:10D0D0000000000065CDCD41000000205FA00242AD
:10D0E000000000E876483742000000A2941A6D4222
:10D0F000000040E59C30A2420000901EC4BCD64215
:10D1000000003426F56B0C430080E03779C34143BF
:10D1100000A0D8855734764300C84E676DC1AB4335
:10D12000003D9160E458E143408CB5781DAF154453
:10D1300050EFE2D6E41A4B4492D54D06CFF080442E
:10D14000F64AE1C7022DB544B49DD9794378EA4443
:10D15000232D302B2000686C4C00656667454647E0
:10D16000004300504F534958002E00FF7F4902787A
:10D17000D1F80035F0B502F001024478877CC57C17
:10D18000DFF8E8E123F4802343EA8243C1F8003565
:10D19000427F017804F001039B0012F00F0643EA7E
:10D1A00091134FEAC3431FBFC7F3021C43EA8C230A
:10D1B00005F0030C4FEA4C0C1CBF4CEAD71C43EAA9
:10D1C000CC13DEF89CC42CF4601C08BF43F410633D
:10D1D0002CF4FC5C43EA0C0CCEF89CC4DFF8A0C134
:10D1E000ACF80030C3F3C21CC3F38223042B98BFF6
:10D1F0000133BCF1000F00F0B080BCF1010F00F072
:10D20000AF80ACF1020EBEF1020F01D80CF1010C9F
:10D210009B0243EACC13DFF86CC1ACF80030534BEF
:10D22000D3F8ACC4C1F344012CF01F0C41EA0C014B
:10D23000C3F8AC14D3F8101421F4FE1C817801F06B
:10D240000301490141EAD4014CEA8131C3F81014C9
:10D25000D3F80414847821F4FC11A40841EAC43101
:10D26000C3F80414D3F80814447C07F00F077F00B8
:10D2700047EAD41721F4F81141EA0741C3F808142A
:10D28000D3F80C1484793A4F640821F4FE1141EA72
:10D290008431C3F80C14D3F83814C47921F4F03174
:10D2A00004F00F0441EA4431C3F83814D3F81414DD
:10D2B000047A21F4FE1104F07F0441EA8431C3F8BA
:10D2C0001414C37A847AD7F808155B0043EAD413A0
:10D2D000047B21F47F7104F0010421F0030143EA8F
:10D2E00044230B432349C7F80835234CD1F8347441
:10D2F0000123C1F83434D4F8103A23F00F0343EA81
:10D300001513C4F8103AC1F8347466B302F00F0272
:10D3100052041A4990F82440D1F8403723F4F0130E
:10D320001A43C1F84027D1F87C27837F22F00F02EF
:10D33000C3F383031343C1F87C3790F82530D1F849
:10D34000482703F007035B0022F4F03243EAD413CA
:10D3500042EA4333C1F84837F0BD4FF0020C57E7BB
:10D360004FF0000C54E74FF4C012D2E700A00524A0
:10D3700000800424001004240030042400800524CC
:10D38000FE2D0100FC2D0100E0C2FF7F0100000026
:10D39000000000000000000000000000000000008D
:10D3A000000000000000000000000000000000007D
:10D3B000000000000000000000000000000000006D
:10D3C000000000000000000000000000000000005D
:10D3D000000000000000000000000000000000004D
:10D3E000000000000000000000000000000000003D
:10D3F000000000000000000000000000000000002D
:10D40000000000000000000000000000000000001C
:10D41000000000000000000000000000000000000C
:10D4200000000000000000000000000000000000FC
:10D4300000000000000000000000000000000000EC
:10D4400000000000000000000000000000000000DC
:10D4500000000000000000000000000000000000CC
:10D4600000000000000000000000000000000000BC
:10D4700000000000000000000000000000000000AC
:10D48000000000000000000000000000000000009C
:10D49000000000000000000000000000000000008C
:10D4A000000000000000000000000000000000007C
:10D4B000000000000000000000000000000000006C
:10D4C000000000000000000000000000000000005C
:10D4D000000000000000000000000000000000004C
:10D4E000000000000000000000000000000000003C
:10D4F000000000000000000000000000F8B500BFC0
:10D50000F8BC08BC9E467047F8B500BFF8BC08BC24
:10D510009E467047C00004000000000000000000AC
:10D520000000000037000000AAAAAAAA0080072471
:10D530000A000000001C0624000003442100000033
:10D5400000FC020009060000001804240C00000082
:10D550000000000000000000003401000000000096
:10D56000D0D82008CCD82008C8D82008C4D8200893
:10D5700000000000000000000000000000000000AB
:10D580000000000000000000891F000000000245AC
:10D5900027000000000000000000000030340100FF
:10D5A00000000000E0D82008DCD82008D8D82008E7
:10D5B000D4D8200800000000000000000000000097
:10D5C0000100000000000000000000009FFF1F009D
:10D5D00000000044260000000000000000000000E1
:10D5E00060340100FCD82008F8D82008F4D82008BE
:10D5F000ECD82008F0D82008E8D82008E4D8200883
:10D600000000000001000000000000000000000019
:10D6100003010001040001000000000100010002FC
:10D6200003000100000000010100000000000000F4
:10D6300000000000000000000000000000000000EA
:10D64000000000000000000028230000000000008F
:10D6500000000000000000000000000000000000CA
:10D6600000000000000000000000000000000000BA
:10D6700000000000000000000000000000000000AA
:10D68000000000000000000000000000000000009A
:10D69000000000000000000000000000000000008A
:10D6A000000000000000000000000000000000007A
:10D6B000000000000000000000000000000000006A
:10D6C000000000000000000000000000000000005A
:10D6D000000000000000000000000000000000004A
:10D6E000000000000000000000000000000000003A
:10D6F000000000000000000000000000000000002A
:10D700000000000000000000000000000000000019
:10D710000000000000000000000000000000000009
:10D7200000000000000000000100000000000000F8
:10D7300000000000000000000000000000000000E9
:10D7400000000000000000000000000000000000D9
:10D7500000000000000000000000000000000000C9
:10D7600000000000000000000000000000000000B9
:10D7700000000000000000000000000000000000A9
:10D780000000000000000000000000000000000099
:10D790000000000000000000000000000000000089
:10D7A0000000000000000000000000000000000079
:10D7B0000000000000000000000000000000000069
:10D7C00000000000000000000101000000FC020059
:10D7D000001C0624A80500009C050000D03C0100A8
:10D7E000583C0100FF0000000000000003000000A2
:10D7F000D83F01006808000000000000D83F010089
:10D8000040400100A84001000000000000000000AE
:10D810000000000000000000000000000000000008
:10D8200000000000000000000000000000000000F8
:10D8300000000000000000000000000000000000E8
:10D840000000000043000000000000000000000095
:10D8500000000000000000000000000000000000C8
:10D860000000000043000000000000000000000075
:10D8700000000000000000000000000000000000A8
:10D880000000000043000000000000000000000055
:10D890000000000000000000000000000000000088
:10D8A0000000000043000000000000000000000035
:10D8B0000000000000000000000000000000000068
:10D8C0000000000043000000000000000000000015
:10D8D0000000000000000000000000000000000048
:10D8E00000000000430000000000000000000000F5
:10D8F0000000000000000000000000000000000028
:10D9000000000000430000000000000000000000D4
:10D910000000000000000000000000000000000007
:10D920000000000075D4200851D420080000000039
:10D9300033DE200869E1200860DB200860DB200876
:10D9400060DB200860DB200860DB200860DB20084B
:10D9500060DB200860DB200860DB2008FFFFFFFFA2
:10D96000FFFFFFFFFFFFFFFFFFFF0000010041532C
:10D9700043494900000000000000000000000000D2
:10D980000000000000000000000000000000415303
:10D9900043494900000000000000000000000000B2
:10D9A0000000000000000000000000000000000077
:10D9B00008B572B6012809D1202000F021F80F4ADD
:10D9C000D2F870319806FBD462B608BD022808D19F
:10D9D000402000F015F8094AD2F870315906FBD4FE
:10D9E000F2E70328F0D14FF4807000F009F8034A01
:10D9F000D2F87031DB05FBD4E6E700BF00800046BB
:10DA0000014BC3F86C01704700800046064B074885
:10DA1000196810B503F0B0FD044618B94FF48060E2
:10DA200003F0A2FD204610BDBC3D0100C03D010039
:10DA300037B52A4CD4F880315D070DD5284B02212B
:10DA4000186802F001FB0423264AC4F88031C2F8AA
:10DA50009030002003B030BDD4F88031980705D550
:10DA6000FFF7D4FF0028F5D10223EDE7D4F8803189
:10DA7000D9050DD54FF48075C4F878514FF4804026
:10DA800003F072FD174BC4F88051C3F89050E0E7E3
:10DA9000D4F880319A0604D50220FFF789FF2023AD
:10DAA000D2E7D4F880311B0604D50320FFF780FFAE
:10DAB0008023C9E7D4F8803113F0100304D001208B
:10DAC000FFF776FF1023BFE70093074A074908488E
:10DAD0004FF49D7304F07CF800BEBAE70080004666
:10DAE000B83D01000000054161DB20089BDA2008F9
:10DAF0003EDB2008034AD2F8743123F00103C2F858
:10DB000074317047008000460B4BD3F8742142F00B
:10DB10000102C3F87421D3F874211207FBD5C3F8AE
:10DB20006C01D3F880211042FBD0C3F88001034B75
:10DB3000C3F89000FFF7DEBF0080004600000541FB
:10DB4000054908B50B782BB14FF48060FFF7DCFF77
:10DB500000230B7008BD00BFB43D010010B5114C8F
:10DB600023786BB9104AD2F880319B0509D54FF460
:10DB70000073C2F880310D4AC2F89030012323703F
:10DB800010BD03F00DFD40B14FF40070FFF7BCFF76
:10DB90004FF40060FFF7B8FFF0E7054B01221A7061
:10DBA000ECE700BFB43D01000080004600000541E5
:10DBB000B53D0100FFF73CBF407A0A78131A58427E
:10DBC0005841704773B50D460221064603F05AFCD2
:10DBD000044630B901460DF10602306803F082FCBC
:10DBE0002860204602B070BD38B504460D4604F0EA
:10DBF0002BF8636873B9236833B1074B074A0848A9
:10DC000040F6C41104F00CF825606560BDE83840AA
:10DC100003F0C6BF1D60F8E7C1DC2008A7DD2008BF
:10DC2000D5DC20082DE9F04385B01E4603294FF0CE
:10DC3000000381460D461746009310D101924FF420
:10DC40007A731822694602A8FFF7BCFF044630B376
:10DC5000019803F053FC204605B0BDE8F0834FF473
:10DC60007A7306F1100203A901A8FFF7ABFF04467F
:10DC70000028F0D1DDF80C8001461022404603F068
:10DC80007FFF2FB13246394608F1100003F0C0FF84
:10DC9000C6F30B06A8F80060A8F80290CFE7DDE90C
:10DCA00000321A600E4A5D71525D1A7110229A712B
:10DCB000D86003F0C9FF029906460A484C7200EB8F
:10DCC0008510FFF791FF084A012303FA05F0136856
:10DCD0000343136003F048FC304603F061FFBAE7EA
:10DCE000F2DD2008F43D0100883F010038B504460C
:10DCF0000D4603F0A9FF236873B9636833B10D4B78
:10DD00000D4A0E4840F6D31103F08AFF2B601B2406
:10DD100003F046FF204638BD2B60626893421CBF6B
:10DD20001B6823604FF0000208BFC4E900220024F2
:10DD3000EEE700BF7CDC200887DD2008D5DC20086A
:10DD40002DE9F04F85B098460F9B04460D461646C8
:10DD5000002B44D002F04CF9DFF890A0DFF890B02F
:10DD6000814600200E9B02221B1A3146284602F0F3
:10DD7000D1F9C31C012B34D9CDE900041A4A40F271
:10DD80000C435146584603F023FF276803973FB1E1
:10DD90007B7A434504D0012002F03EF90028F4D0FC
:10DDA000484603F0D5FB002FDCD07B7A4345D9D120
:10DDB00003A92046FFF79AFF0F9A039B136003F015
:10DDC00043FF236807461BB93146284602F074F921
:10DDD000384603F0E5FE002005B0BDE8F08F2120B5
:10DDE000FAE70720F8E700BFC8DD2008D5DC2008E7
:10DDF00067DD20082DE9F04788B01D460023049315
:10DE0000ADF80E3081460E4617464FF47A7318224D
:10DE100004A905A8DDF84480FFF7D4FE044630B11C
:10DE2000384603F06BFB204608B0BDE8F087002DB4
:10DE300071D0B8F1000F70D06B0F03F0020343F004
:10DE40000103B9F11C0F06D8484A22FA09F2D20799
:10DE500048BF43F00803049C454AA371925D109BA0
:10DE6000E36022712760667102F0C2F8002DACBF3A
:10DE700025F080434FF0FF332361606103F0E4FE3F
:10DE80003C4A3D4C13787B72591C117005998DF8F2
:10DE90000D304B7204EB861700230B608146384629
:10DEA000FFF7A2FE354A01201368B0400343136018
:10DEB00003F05AFB484603F073FE002D4FEA861A22
:10DEC00051D0ACBF25F080454FF0FF3506ABCDE912
:10DED00000532B499DF80D30096805360AF10800FA
:10DEE00001222044B240FFF72BFF0728044616D139
:10DEF000244A07AB0DF10D01384603F057FB0246EB
:10DF0000002890D10146079803F0ECFA006803F06E
:10DF1000F5FA079885E72B4693E7012391E7002858
:10DF200081D1069E01460DF10E02304603F0DAFA69
:10DF30000589B8F1000F0FD00368C8F800303046EB
:10DF400003F0DCFA0DB145F480340F4B224619780A
:10DF5000002003F07DFE66E783799B07EFD500681C
:10DF600003F0CCFAEBE705245DE700BF00002110C9
:10DF7000F2DD20083C3F0100F43D0100883F010034
:10DF8000383F0100290C000054080000042913B593
:10DF90000CD833B10023CDE90033FFF72BFF02B0DB
:10DFA00010BD02B0BDE81040FFF73CBE2720F6E7E9
:10DFB000064B38B9064AD269D20703D45A6B12F419
:10DFC000204FFBD1034A5A63704700BF0000054150
:10DFD00000000812D83D0100014B024ADA65704783
:10DFE00000000541C83D010038B5234B0222C3F8AB
:10DFF0008420BFF34F8FBFF36F8F204BD3F80028DF
:10E00000D30735D401231946202B01D11C4606E045
:10E0100001FA03F4144203F1010027D0DCB2184BDB
:10E0200003EB04139A68C2F38162032A22D09B682F
:10E030009B0F032B1ED0134B142202FB0433D3E996
:10E040000253ED1A18BF01250F4B0E4ADB680C492D
:10E05000DB690E4898472DB1084A01235169A34056
:10E060000B435361044B02225A6038BD0346CBE791
:10E070000024D4E70025E7E700E100E000000344C6
:10E0800000FC02000431010000013000A80500007E
:10E0900038B5244B4FF48062C3F88020BFF34F8F14
:10E0A000BFF36F8F204BD3F80028D30736D401235A
:10E0B00019460C2B01D11C4606E001FA03F4144268
:10E0C00003F1010028D0DCB2184B03EB04139A686B
:10E0D000C2F38162032A23D09B689B0F032B1FD0BE
:10E0E000134B142202FB0433D3E90253ED1A18BF79
:10E0F0000125104B0E4ADB680C49DB690E48984736
:10E100002DB1094A01235169A3400B435361054BCB
:10E110004FF480621A6038BD0346CAE70024D3E793
:10E120000025E6E700E100E000800724001C06244B
:10E1300014300100000130009C05000030B50E4C89
:10E14000416123688BB9206083600DE0891A9A6869
:10E1500041611D466AB113465A698A42F6D935B102
:10E16000A860521A83605A6130BD0025F4E7206030
:10E17000F7E798608260F7E7B852000038B500F022
:10E180003FFA094C094B1A6823680025C31A2AB1C3
:10E1900023B15169994203D3C91A5161206038BD36
:10E1A00055615B1A9268F2E7B4520000B852000061
:10E1B00038B5154D2B682BB35B69A3B1134A1468AE
:10E1C00002201C4400F026FA204600F02DFA1049E7
:10E1D0002A6800230B7022B1D08880070AD501235A
:10E1E0000B70002038BD022000F014FA022000F06D
:10E1F0006FFAECE79268002AF3D050690344012BD0
:10E20000EAD9EEE72220EDE7B8520000B452000050
:10E21000B052000070B516469DF814200271049AA1
:10E220000260C0E903360022BDF81830826004465F
:10E230000D46C380EEB900F0E3F92844A0619DB11A
:10E240002E4603F009FD0546FFF798FF31462046AC
:10E25000FFF774FF104B1B68A34201D1FFF7A8FF23
:10E26000284603F0EDFC02E0E36865617BB900201D
:10E2700070BD00F0C5F93044A061002DE0D1E36825
:10E280006561002BDDD0216820469847D9E72168D9
:10E2900020469847EBE700BFB85200000D490B68D5
:10E2A00098B100229BB1834203D1836822B90B60ED
:10E2B00003E01A469B68F5E7936083681BB15A69CF
:10E2C00041690A445A6100207047222070470220A9
:10E2D000704700BFB852000070B5154E03F0B4FC93
:10E2E00034780546FCB9134B1C60134B1C60134B70
:10E2F0001C6000F03FF9012000F08CF900F010FAEA
:10E300000F4B0246186020B9284603F049FC232031
:10E3100070BD23460B4840F2E73103F06DFC0A4B19
:10E32000186001233370284603F03AFC0020EFE721
:10E33000B1520000B8520000B4520000C0520000B8
:10E34000BC52000018FCFFFFAC52000038B5044678
:10E3500018B303F081FC0546FFF710FF104B186857
:10E36000A04209D02046FFF799FF044680B1284615
:10E3700003F066FC204638BDFFF790FF04460028F6
:10E38000F5D1FFF715FF222802D1022000F08AF90B
:10E39000284603F055FC0024ECE72224EAE700BFFE
:10E3A000B852000038B50C460546A8B1A1B100230B
:10E3B0000B7003F049FC094B1B68012133B903F0D2
:10E3C000EFFB002038BD9D4204D121702278002A45
:10E3D000F9D0F4E79B68F1E72220F3E7B852000098
:10E3E000F0B587B01F4600230D4616468DF817304E
:10E3F0000446A8B1C3610DF11701FFF7D3FF9DF8E3
:10E4000017207AB9BDF8343002939DF83030294690
:10E41000CDE9007320463346FFF7FCFE07B0F0BDA0
:10E420002220FBE70320F9E738B503F00DFC054691
:10E4300000F0E6F80446284603F0B2FB204638BD5B
:10E44000014B1868704700BFBC520000C2072DE99D
:10E45000F843044607D5444A136801331360FFF7B5
:10E460008DFEFFF7A5FEA3077CD503F0EDFB054667
:10E47000FFF784FE4FF000083C4F46463C680CB165
:10E480006369A3B13A4B0022012E1A7003D118F030
:10E49000020F18BF1E70FFF78BFE222802D1022048
:10E4A00000F000F92846BDE8F84303F079BB2346A5
:10E4B0005A693AB91A792179914288BF1C469B68FA
:10E4C000002BF5D1284603F06BFB2569DDB100F088
:10E4D00097F8A269A0EB02084FEAE873A84573F128
:10E4E000000311DB23691344A361E36813B12168BE
:10E4F00020469847B4F8068003F0A6FB013605468F
:10E50000FFF73CFEBAE7A84603F09EFB8146204693
:10E51000FFF7C4FE484603F043FB2369002BE4D019
:10E52000A38BB5EB080533B1E28B13449BB2B3F573
:10E530007A7F0FD2E38303F087FB2946804620468B
:10E54000FFF7FCFDA36922691344A361404603F071
:10E5500027FBCAE7A3F57A73E383A369013B013D77
:10E56000A361E8E7BDE8F883C0520000B85200009C
:10E57000A852000010B5002486B0012321460820CF
:10E58000ADF808308DF80430CDE903448DF8004033
:10E590008DF80A40059400F0D5F8684600F0FCF8C4
:10E5A00001AB02A9204603938DF8084000F004F95E
:10E5B0000F21204600F04CF90F21204600F056F9BB
:10E5C00000F0D0F80B4B9C61DA695207FCD40A4A80
:10E5D0004FF480615160094A4FF4800111601821A5
:10E5E00082F8161301221A61DA69002AFCD106B0FA
:10E5F00010BD00BF008C04240000081200E100E000
:10E60000014B9869704700BF008C04240021084624
:10E6100000F048B900F00101830748BF41F0020152
:10E62000002000F007B900002DE9F041044603F096
:10E6300013FB1A4D0746D5F81880FFF7E7FF06468B
:10E64000002000F021F9830705D4A6EB0803042B72
:10E6500001D8464514D1A969B4F1FF3F28BF013460
:10E66000C1F103032344072B98BFCC1C00210846AB
:10E67000621E00F031F90220FFF7CCFF00F04AF9EA
:10E68000384603F0DDFA064A13782BB1AB6C43F041
:10E690000103AB6400231370BDE8F081008C0424F7
:10E6A00081060000830700F0010109D5064B012215
:10E6B0001A70064A936C23F0010341F0020193643F
:10E6C000002000F0C5B800BF81060000008C0424C3
:10E6D000830742BF024B0222C3F84021704700BFAC
:10E6E000008C042438B500F023F903F0ADFA044699
:10E6F000002000F0C9F8830700F0010548BF45F08D
:10E70000020500F00301002000F0B0F82846FFF7F2
:10E710009DFE204603F044FABDE8384000F0FAB808
:10E720004FF4004070470000054B9A689107FCD4F5
:10E730005A689207F9D4DA69002AF6D1704700BF07
:10E74000008C0424064B1A6A61F397421A621A6A13
:10E7500060F34C221A621A6A9204FCD5704700BF1B
:10E7600000800424024B0122C3F80421704700BF3B
:10E77000008C0424074B5A68012A0AD102221A612C
:10E78000DA699207FCD40122C3F804229A60FFF7E9
:10E79000CBBF7047008C042410B5064CFFF7C4FFB4
:10E7A0006368012B03D1FFF7E5FFFFF7BDFF037897
:10E7B000E36010BD008C042410B101281CD0704708
:10E7C0004A680B7812B1127843EAC2034A7843EAE6
:10E7D00042038A6812B1127843EA82138A7843EAC4
:10E7E0008203CA6812B1127843EA4223104A936442
:10E7F000936D002BFCD170474A680B7812B11278E8
:10E8000043EAC2034A7843EA42038A6812B11278A3
:10E8100043EA82138A7843EA8203CA6812B1127803
:10E8200043EA4223024A9366936F002BFCD1704760
:10E83000008C042410B1012804D07047034BC3F8A6
:10E8400044117047014BC3F864117047008C0424D5
:10E8500010B1012804D07047034BC3F8441270472D
:10E86000014BC3F864127047008C042410B10128D6
:10E8700004D07047034BC3F840127047014BC3F8F4
:10E8800060127047008C042418B1012804D00020C5
:10E890007047034B186C7047014B186E704700BFF0
:10E8A000008C042418B101280BD00020704711B14E
:10E8B000012903D07047074BD86C7047054B186D82
:10E8C000704721B10129F0D1024B186F7047014BFD
:10E8D000D86E7047008C042410B101280CD070470A
:10E8E0000B4B29B1012905D09A6D002AFCD1704744
:10E8F000DA64F9E71A65F7E7054B29B1012905D074
:10E900009A6F002AFCD17047DA66F9E71A67F7E7D1
:10E91000008C0424044B4FF480625A60034B4FF484
:10E9200080021A60704700BF0000081200E100E09A
:10E93000094B4FF48002C3F88020BFF34F8FBFF321
:10E940006F8F064B4FF480629A601A60044AD36B53
:10E9500043F48063D363704700E100E000000812D5
:10E960000081042413B50446FFF75EFD194BDFED6B
:10E970001A6A1B68194A9C4228BF1C4607EE904A37
:10E98000B8EE677A164B1278C7EE267A93ED007AC6
:10E99000B8EE477A67EE877AFCEEE77A17EE903AA0
:10E9A0001AB1104A12689B1A603B0F4A1168421A4A
:10E9B0009A423EBF0131091AC9184FF00003CDE950
:10E9C00000330A4A0A4828BF0121FFF709FD02B0B7
:10E9D00010BD00BFC03F010000007A44C43F0100E9
:10E9E000943F01008C3F0100C83F0100651A000000
:10E9F000983F01002DE9F041FFF716FD0546EFF3C2
:10EA000011874FF0140383F31188BFF36F8FBFF3A7
:10EA10004F8F154B1C78B4B9144EDFF8548033680F
:10EA2000D8F80020EB1A934211D24CB14FF0E023FA
:10EA30004FF08052C3F8042DBFF34F8FBFF36F8F99
:10EA40000120FFF78FFF87F31188BDE8F08101F007
:10EA5000DDFE3368D8F800202043134414BF01249E
:10EA600000243360DBE700BFC43F0100C83F010062
:10EA7000CC3F0100154B002210B5DA77FFF7E0FC20
:10EA80004FF47A7300F2E732B2FBF3F2104B1A60E4
:10EA90004FF0FF33B3FBF2F30E4A04460A3B136018
:10EAA000FFF7C2FCB4F5004F06D0B4F5FA4F14BF1F
:10EAB0004FF4FA444FF40044074B1860074B012011
:10EAC0001C60BDE81040FFF74DBF00BF00ED00E047
:10EAD000CC3F0100C03F0100C83F0100943F01004E
:10EAE0007047000070B5FFF79FFC1A4A1A4B116877
:10EAF000D3ED006A9FED196A194D1A4E401A07EEC0
:10EB0000900AF8EE666AB8EE677A3068C7EE267A41
:10EB100067EE867AFCEEE77AB8EE677A17EE904AEF
:10EB200027EE267AC7EE067AFCEEE77A17EE903AE1
:10EB30000B4413602B681A19824206D2204601F05A
:10EB40004DFE2B681C442C6070BDC01A01F046FEBF
:10EB50003468F8E7C83F0100943F010000007A44A0
:10EB6000B83F0100BC3F01002DE9F041044672B6F8
:10EB7000BFF34F8FBFF36F8F02F054F910B962B635
:10EB8000BDE8F08102F0F4FF0028F8D00220FFF782
:10EB900089FD62B6254DDFF8B480AB69C8F8003056
:10EBA00003F04AF8224BDB691A0704D402F0F8FCA0
:10EBB00008B1FEF7C5FF1F4F1F4801263E70FFF743
:10EBC000C5FBAB69D8F800209B1A1C4A13606FF094
:10EBD0000F03EB642046FFF7C5FE72B6BFF34F8FFD
:10EBE000BFF36F8F2046FFF77BFF154B1C60154B63
:10EBF00000241C6002F0D0FFFFF774FF3C7062B687
:10EC00000D48FFF7A3FB3046FFF7ACFE084BDB696E
:10EC10001B07B5D40C4B186808B102F0F5FFFEF7DE
:10EC200069FFBDE8F04102F0C7BF00BF008C0424BB
:10EC300000000812C43F0100983F01008C3F010012
:10EC4000BC3F0100B83F0100803F0100903F010040
:10EC5000EFF30882054B1A60EFF30982044B1A6048
:10EC6000EFF31482034B1A60704700BF0C2E0100B3
:10EC7000082E0100042E010001B402B404B408B44B
:10EC800010B420B440B480B44DF8048D4DF8049D08
:10EC90004DF804AD4DF804BD4DF804CD00B5024A61
:10ECA0006B46136030BF7047202F01000B48D0F82F
:10ECB00000D05DF804EB5DF804CB5DF804BB5DF8B3
:10ECC00004AB5DF8049B5DF8048B80BC40BC20BCA9
:10ECD00010BC08BC04BC02BC01BC7047202F010062
:10ECE000114AD2F8103623F48073C2F810360F4B55
:10ECF000596B41F001015963596B41F002015963AD
:10ED00000423C2F8383482B000238DF807309DF810
:10ED10000730092B01D902B0704700BF9DF80730BA
:10ED20000133DBB2F1E700BF008004240084042437
:10ED30002DE9F04F89B0002388466E4A6E4904934E
:10ED40008246059306938DF80F300493049B022BA3
:10ED500040F3A9800023674A68490493049BEF2B82
:10ED600040F3AB800023664A66490493049B0B2B57
:10ED700040F3AD80644D654A6B68DFF8B4B1644C14
:10ED800013602B69CBF800302368990106D42368FF
:10ED9000DA0103D44FF4106002F0EEFEEE6916F0D3
:10EDA000080600F09F8001218DF80F102368C3F33F
:10EDB00040659B0100F194802368DF010FD4554B1F
:10EDC000D3F80455D3F8042522F40062C3F80425CF
:10EDD0000591236843F0007305F400652360236800
:10EDE000DE0600F18280012306934B4B4FF46072E4
:10EDF0001E69D3F818905A61DA6102F0B5FEBAF1D3
:10EE0000010F07D102F0C0FE02F0FAFE02F0ACFEE4
:10EE100002F00AFF9DF80F3003F0FF071BBB2368C9
:10EE2000D80120D518F0100F1DD03C4B3C48402293
:10EE30001A60192102F0D4FE3948394602F0CCFE9E
:10EE40003748012102F0C0FE36483A46012102F05F
:10EE5000E3FE334802F0CCFE0790079B2D2B02DD2A
:10EE6000314802F0E5FE2B4AD2F8103523F01C039E
:10EE7000C2F81035236A224B04221A619DF80F3024
:10EE800003F0FF07002B5AD0284B5F6908F00702F8
:10EE9000C7F34307032A00F28D81DFE812F0500028
:10EEA0004B00620165010498049B52F8200041F870
:10EEB0002300049B0133049348E7049B0498134404
:10EEC00093F800330B54049B0133049346E7049BEF
:10EED000049813441B7E0B54049B0133049345E7B1
:10EEE00000257CE73546B14687E74FF000094E46DE
:10EEF00083E700BF00E100E00C2F01001C2E0100A1
:10EF000000ED00E0102E010000000812242F010087
:10EF10000081042400A0052400840424008004242B
:10EF200000850424008204242050000000140424DE
:10EF3000002E01005A69022161F344025A61012046
:10EF400002F026FEFFF784FE9B4BD3F87C21009253
:10EF5000D3F86C2101920822C3F87021974BD3F8A3
:10EF6000102642F48072C3F81026D3F81036BAF196
:10EF7000000F40F0FC80FFF77FFE72B6BFF34F8FAB
:10EF8000BFF36F8F9DF80F300BBB8B4BD3F86C2109
:10EF900011071CD4D3F87421120709D4D3F87421B3
:10EFA00042F00102C3F87421D3F874211007FBD595
:10EFB000814BD3F88021110706D41022C3F86C21AD
:10EFC000D3F880211207FBD50822C3F86C217C4BB3
:10EFD0001B6883F31488BFF36F8F7A4B1B6883F32E
:10EFE0000988794B1B6883F308889DF80F3023B19B
:10EFF000764B5A6967F344025A61FFF771FE9DF838
:10F000000F3053B9724945F65A230A689A42FCD127
:10F010000120FEF7CDFFFEF7DFFF6E4B3E229A6028
:10F02000DBF800201A61002002F0B2FD6A4B1A687A
:10F0300022F00F021A601A6842F001021A6003F50A
:10F040002043D3F810359DF80F3013B12368DB014E
:10F0500026D418F0100F23D0584B604840221A6075
:10F06000192102F0BDFD5D48002102F0B5FD5B48AD
:10F07000012102F0A9FD5A480022012102F0CCFD35
:10F08000564802F0B5FD0790079B2D2B08DD55482B
:10F0900002F0CEFD544802F0CBFD544802F0C8FD0A
:10F0A000534BD3F80427C3F80425D3F80027C3F83B
:10F0B0000025D3F8102542F01002C3F810259DF862
:10F0C0000F300BB102F074FD4A4AD2F83C3443F0E1
:10F0D0000103C2F83C34059B2BB1236823F0007375
:10F0E000236000230593069A434B22B100221E6140
:10F0F000C3F81890069235B13D49D1F8042542F481
:10F100000062C1F804254FF400329A6002F058FD05
:10F110003A4B3B4A9A603B4B2E4A1B683A49DB43C9
:10F120005360009B244ADB43C2F87C31019BC2F848
:10F130006C310023354A0493049BEF2B1DDD002323
:10F14000334A2E490493049B0B2B20DD0023314AC4
:10F150002D490493049B022B22DD002009B0BDE859
:10F16000F08F5A690321E7E65A690521E4E623682E
:10F1700023F0B803236030BFFFE60498049B105CC3
:10F180000B4483F80003049B01330493D4E70498F1
:10F19000049B105C0B441876049B01330493D2E764
:10F1A0000498049B52F8200041F82300049B01338B
:10F1B0000493CFE70120D1E70080004600800424BB
:10F1C000042E0100082E01000C2E0100001404245E
:10F1D00000001F0800000812000005240085042418
:10F1E0000082042460500000484D00004C50000094
:10F1F00000A00524001004240084042400ED00E095
:10F2000000040000242F010000E100E01C2E01009A
:10F21000102E01000C2F01002DE9F843DDF820909D
:10F220000C4617469846064640B94FF0140383F340
:10F230001188BFF36F8FBFF34F8FFEE7B1F1807F6F
:10F2400008D34FF0140383F31188BFF36F8FBFF31C
:10F250004F8FFEE741B94FF0140383F31188BFF3DA
:10F260006F8FBFF34F8FFEE701F01AFED0B9B9F1EF
:10F27000000F08D04FF0140383F31188BFF36F8F92
:10F28000BFF34F8FFEE701F093FA356804EA0503F8
:10F29000B8F1000F32D09C4232D18FB325EA04047A
:10F2A00034602DE001F084FA356804EA0503B8F112
:10F2B000000F2AD1002BF0D1B9F1000F20D0391E58
:10F2C00018BF012109064A462143301D01F07EFC8A
:10F2D00001F032FB28B301F0C1FE830105460AD4D8
:10F2E00002F010FA356804EA0503B8F1000F23D1E3
:10F2F00023BB02F027FA25F07F4503E0002BCCD199
:10F3000001F01AFB2846BDE8F8839C42C5D0B9F14C
:10F31000000FF5D0391E18BF0121090641F08061A8
:10F32000D1E74FF0E0234FF08052C3F8042DBFF334
:10F330004F8FBFF36F8FCEE79C42DAD1002FD8D02A
:10F3400025EA04043460D4E770B50C46054640B99C
:10F350004FF0140383F31188BFF36F8FBFF34F8F08
:10F36000FEE7B1F1807F08D34FF0140383F31188D7
:10F37000BFF36F8FBFF34F8FFEE702F0C3F92E6824
:10F3800026EA04042C6002F0DDF9304670BDFFF778
:10F39000DBBF00000A4600230146014802F05EB8C8
:10F3A000FF230000EFF311834FF0140282F3118862
:10F3B000BFF36F8FBFF34F8F006883F311887047DF
:10F3C0002DE9F0410D46044640B94FF0140383F394
:10F3D0001188BFF36F8FBFF34F8FFEE7B1F1807FCE
:10F3E00008D34FF0140383F31188BFF36F8FBFF37B
:10F3F0004F8FFEE700F10C0601F0DAF9236820696F
:10F400002B43236000258642216807D121EA0501AC
:10F41000216001F091FA2068BDE8F081D0E9002870
:10F4200022F07F4312F0806F03EA010702D11FB977
:10F430004046E8E7BB42FBD1D20141F0007148BF32
:10F440001D4301F051FCF3E7FFF7BABF13460A462C
:10F450000146014802F002B8B9240000002303600D
:10F46000704700F108034FF0FF32C0E90223436008
:10F470000361002303607047002303617047436802
:10F480004B609A688A605160996003680861013333
:10F490000360704730B50C68631C0AD103695A6871
:10F4A0004A6091608B6059600368086101330360B2
:10F4B00030BD00F10802134652681568A542FAD91A
:10F4C000EDE7D0E9011203698A6051605968814211
:10F4D00008BF5A60002202611A68013A1A6018686F
:10F4E000704710B5044602F00DF9A46B02F02AF93A
:10F4F000B4FA84F0400910BD70B51646026C856BF5
:10F50000044642B906689EB9806801F017FDA660FE
:10F510000135A56370BD6EB9406802F079FB636880
:10F52000226C1344A2686360934224BF2368636023
:10F530000020EDE7C06802F06BFB226CE3685142EB
:10F540009B1A2268E36093423EBFA3685B18E360A6
:10F55000022EEDD10DB1013DEAE72846D8E703467A
:10F5600010B41A6C08466AB1DC68996814448C427D
:10F5700028BF1968DC6028BFD960D9685DF8044BE2
:10F5800002F046BB5DF8044B704770B5044602F0CC
:10F59000B9F894F8455004F124066DB2002D14DC3E
:10F5A000FF2384F8453002F0CDF802F0ABF894F870
:10F5B000445004F110066DB2002D12DCFF2384F8D4
:10F5C0004430BDE8704002F0BDB8636A002BE7D05C
:10F5D000304601F045FB08B101F01EFC013D6DB263
:10F5E000DCE72369002BE9D0304601F039FB08B194
:10F5F00001F012FC013D6DB2DEE738B50D46044660
:10F6000040B94FF0140383F31188BFF36F8FBFF33A
:10F610004F8FFEE702F076F8D4E90F31226862607E
:10F620004B43D0185B1A1A44A060FF230020A0634C
:10F63000E26084F8443084F84530A5B9236973B199
:10F6400004F1100001F00CFB48B14FF0E0234FF043
:10F650008052C3F8042DBFF34F8FBFF36F8F02F0BA
:10F6600071F8012038BD04F11000FFF7FAFE04F133
:10F670002400FFF7F6FEF2E7F8B5064617460D46FA
:10F68000C9B14843B0FBF1F39E4208D04FF01403D8
:10F6900083F31188BFF36F8FBFF34F8FFEE710F135
:10F6A000510F19D94FF0140383F31188BFF36F8FF3
:10F6B000BFF34F8FFEE7502002F07EF988B180F84B
:10F6C000465004462060C4E90F6501212046FFF73B
:10F6D00094FF84F84C7005E0503002F06DF9044658
:10F6E00010B900242046F8BD002380F84630503081
:10F6F000E8E737B50D461C4640B94FF0140383F3D5
:10F700001188BFF36F8FBFF34F8FFEE743B94FF000
:10F71000140383F31188BFF36F8FBFF34F8FFEE79E
:10F720004AB191BB4FF0140383F31188BFF36F8F7D
:10F73000BFF34F8FFEE741B14FF0140383F31188FD
:10F74000BFF36F8FBFF34F8FFEE750230193019BF1
:10F75000502B08D04FF0140383F31188BFF36F8F41
:10F76000BFF34F8FFEE7019B22460121C4E90F053D
:10F7700084F8461022602046FFF73FFF9DF81830BE
:10F7800084F84C30204603B030BD50230193019BD8
:10F79000502BDFD1019BE8E7F0B585B00E46019212
:10F7A0001D46044640B94FF0140383F31188BFF39C
:10F7B0006F8FBFF34F8FFEE751B9036C43B14FF02A
:10F7C000140383F31188BFF36F8FBFF34F8FFEE7EE
:10F7D000022D0BD1E36B012B08D04FF0140383F300
:10F7E0001188BFF36F8FBFF34F8FFEE701F058FB17
:10F7F00008B9019B03BB01F085FFA26BE36B9A4242
:10F8000023D22A4631462046FFF776FE636A1BB1B3
:10F8100004F1240001F024FA48B14FF0E0234FF046
:10F820008052C3F8042DBFF34F8FBFF36F8F01F0E9
:10F8300089FF012005B0F0BD4FF0140383F3118858
:10F84000BFF36F8FBFF34F8FFEE7022DD9D0002398
:10F850001F4637E013B902A801F08AFA01F072FFDF
:10F8600000F0A6FF01F04EFF94F84430FF2B08BFD4
:10F8700084F8447094F84530FF2B08BF84F8457035
:10F8800001F060FF01A902A801F07EFA002839D139
:10F8900001F038FFA26BE36B9A421AD101F052FFDC
:10F8A000019904F1100001F077F92046FFF76DFE91
:10F8B00001F042F8D8B101F025FFA36BE26B9A4248
:10F8C0009FD80123019A002AC4D101F03BFF0020F8
:10F8D000B0E701F037FF2046FFF757FE01F02CF8A4
:10F8E00001F010FFA26BE36B9A42EAD289E74FF076
:10F8F000E0234FF08052C3F8042DBFF34F8FBFF3C6
:10F900006F8FEDE72046FFF740FE01F015F8DEE7C8
:10F9100013B500220B46009011460120FFF7E9FEC7
:10F92000044638B1002383600360C3601A46194659
:10F93000FFF732FF204602B010BD38B5044640B98B
:10F940004FF0140383F31188BFF36F8FBFF34F8F12
:10F95000FEE7856801F09EFA85420BD1E368013B22
:10F96000E3600BB1012038BD1A4619462046FFF767
:10F9700013FFF7E70020F6E710B50246002101204B
:10F98000FFF77AFE044638B1002383600360C3604A
:10F990001A461946FFF700FF204610BD2DE9F8432F
:10F9A000894617461E46044640B94FF0140383F3B8
:10F9B0001188BFF36F8FBFF34F8FFEE751B9036C10
:10F9C00043B14FF0140383F31188BFF36F8FBFF37C
:10F9D0004F8FFEE7022E0BD1E36B012B08D04FF0C7
:10F9E000140383F31188BFF36F8FBFF34F8FFEE7CC
:10F9F00001F08CFFEFF311884FF0140383F31188AB
:10FA0000BFF36F8FBFF34F8FA26BE36B9A4201D3AB
:10FA1000022E29D194F84550A36B6DB23246494667
:10FA20002046FFF769FD6B1C0ED1636A3BB104F100
:10FA3000240001F015F910B10FB101233B60012042
:10FA400088F31188BDE8F8837F2D08D14FF01403A7
:10FA500083F31188BFF36F8FBFF34F8FFEE701353C
:10FA60006DB284F84550EAE70020E9E770B50D462D
:10FA7000044640B94FF0140383F31188BFF36F8F2E
:10FA8000BFF34F8FFEE7036C43B14FF0140383F3D2
:10FA90001188BFF36F8FBFF34F8FFEE7036853B931
:10FAA000836843B14FF0140383F31188BFF36F8F62
:10FAB000BFF34F8FFEE701F029FFEFF311864FF000
:10FAC000140383F31188BFF36F8FBFF34F8FA26BC3
:10FAD000E36B934224D994F845100132FF294BB2CD
:10FAE000A2630DD1636A3BB104F1240001F0B8F8C0
:10FAF00010B10DB101232B60012086F3118870BD78
:10FB00007F2B08D14FF0140383F31188BFF36F8F5D
:10FB1000BFF34F8FFEE701335BB284F84530EBE76C
:10FB20000020EAE7F0B585B00E460192044640B9E0
:10FB30004FF0140383F31188BFF36F8FBFF34F8F20
:10FB4000FEE751B9036C43B14FF0140383F31188FE
:10FB5000BFF36F8FBFF34F8FFEE701F0A1F950B9EC
:10FB6000019B43B14FF0140383F31188BFF36F8FF0
:10FB7000BFF34F8FFEE701F0C5FDA56BDDB1314648
:10FB80002046013DFFF7EBFCA563236973B104F147
:10FB9000100001F065F848B14FF0E0234FF08052BB
:10FBA000C3F8042DBFF34F8FBFF36F8F01F0CAFD71
:10FBB000012005B0F0BD019B1BB901F0C3FD002081
:10FBC000F7E702A801F0D4F82F4601F0BBFD00F0E2
:10FBD000EFFD01F097FD94F84430FF2B08BF84F847
:10FBE000447094F84530FF2B08BF84F8457001F04D
:10FBF000A9FD01A902A801F0C7F838BB2046FFF70C
:10FC000070FCE8B1019904F1240000F0C5FF204622
:10FC1000FFF7BBFC00F090FE48B94FF0E0234FF037
:10FC20008052C3F8042DBFF34F8FBFF36F8F01F0E5
:10FC300069FDA56B002DA2D1019B002BC5D1BCE7AE
:10FC40002046FFF7A2FC00F077FEF0E72046FFF722
:10FC50009CFC00F071FE2046FFF743FC0028E6D034
:10FC6000ADE7F0B585B00446019140B94FF01403FB
:10FC700083F31188BFF36F8FBFF34F8FFEE7056CDF
:10FC800045B14FF0140383F31188BFF36F8FBFF3B7
:10FC90004F8FFEE701F004F9064620B32E460027F9
:10FCA00001F030FDA36B53B3013BA363236813B989
:10FCB00001F0E0F9A060236973B104F1100000F0D5
:10FCC000CFFF48B14FF0E0234FF08052C3F8042D2E
:10FCD000BFF34F8FBFF36F8F01F034FD012005B0EC
:10FCE000F0BD3546DBE7019B002BFAD04FF0140343
:10FCF00083F31188BFF36F8FBFF34F8FFEE7019B34
:10FD000053B9002D66D04FF0140383F31188BFF36D
:10FD10006F8FBFF34F8FFEE716B902A801F028F8E6
:10FD200001F010FD00F044FD01F0ECFC94F84430CB
:10FD3000FF2B08BF84F8447094F84530FF2B08BFB0
:10FD400084F8457001F0FEFC01A902A801F01CF83E
:10FD500050BB2046FFF7C5FB00B323683BB901F059
:10FD6000D1FCA06801F0ACF8054601F0EBFC01996C
:10FD700004F1240000F010FF2046FFF706FC00F01D
:10FD8000DBFD48B94FF0E0234FF08052C3F8042D5B
:10FD9000BFF34F8FBFF36F8F012681E72046FFF738
:10FDA000F4FB00F0C9FDF7E72046FFF7EEFB00F09B
:10FDB000C3FD2046FFF795FB0028EDD065B101F0AB
:10FDC000A1FC616A19B1236B1968C1F13801A068FF
:10FDD00001F0F6F801F0B6FC002080E770B50D46A2
:10FDE000044640B94FF0140383F31188BFF36F8FBB
:10FDF000BFF34F8FFEE7866801F04CF8864204D1CE
:10FE0000E3680133E360012070BD29462046FFF717
:10FE100028FF0028F8D0E3680133E360F4E72DE918
:10FE2000F84389469046044640B94FF0140383F3E3
:10FE30001188BFF36F8FBFF34F8FFEE751B9036C8B
:10FE400043B14FF0140383F31188BFF36F8FBFF3F7
:10FE50004F8FFEE701F05AFDEFF311874FF01403C7
:10FE600083F31188BFF36F8FBFF34F8FA66B66B319
:10FE700094F8445049466DB22046FFF770FB013EAE
:10FE80006B1CA66311D1236953B104F1100000F07B
:10FE9000E7FE28B1B8F1000F02D00123C8F8003006
:10FEA000012087F31188BDE8F8837F2D08D14FF03A
:10FEB000140383F31188BFF36F8FBFF34F8FFEE7F7
:10FEC00001356DB284F84450EAE73046E9E70000B6
:10FED00030B5074A002352F8335002EBC3041DB972
:10FEE00042F83310606030BD0133082BF3D1FAE7DC
:10FEF000B85F000070B504460D46164601F002FCDE
:10FF000094F84430FF2B04BF002384F8443094F865
:10FF10004530FF2B04BF002384F8453001F012FC6C
:10FF2000A36B2BB93246294604F1240000F07AFE77
:10FF30002046BDE87040FFF728BB08B54FF0E0232E
:10FF40001B6900F0ADFF012803D0BDE8084001F0B7
:10FF500041BC08BDEFF3058373B9EFF31082094B81
:10FF600012B9EFF3118212B11A68022A04D018688C
:10FF700028B901221A6070476FF0050070474FF0F2
:10FF8000FF307047B45F000008B500F089FF38B15A
:10FF9000022804D0034B1868431E5842584108BD3C
:10FFA0000320FCE7B45F000010B5EFF30583ABB9A5
:10FFB000EFF310820C4B12B9EFF3118212B11A68F1
:10FFC000022A0BD01A68012A0BD1084A0024D477E0
:10FFD00002221A6000F0A4FB204610BD6FF005005D
:10FFE000FBE74FF0FF30F8E7B45F000000ED00E002
:10FFF000EFF305834BB9EFF3108313B9EFF31183DC
:020000040001F9
:100000002BB1044B1B68022B01D100F0DFBB00F0C9
:10001000D7BB00BFB45F000008B5EFF3058373B929
:10002000EFF3108313B9EFF311831BB1054B1B687A
:10003000022B04D008B100F0F3FC002008BD6FF0E3
:100040000500FBE7B45F000013B50C4658B3B1F1EF
:10005000807F28D2EFF305834BB9EFF3108313B9F8
:10006000EFF31183CBB1134B1B68022B15D1002387
:1000700001AA21460193FFF7E9F9B8B1019B4BB101
:100080004FF0E0234FF08052C3F8042DBFF34F8FA1
:10009000BFF36F8F204602B010BD214602B0BDE80D
:1000A0001040FFF78DB96FF00304F3E76FF002041F
:1000B000F0E700BFB45F000070B50E46054618B308
:1000C000B1F1807F20D2EFF305834BB9EFF31083BA
:1000D00013B9EFF311838BB10D4B1B68022B0DD1BC
:1000E0002846FFF75FF9314604462846FFF752F9E4
:1000F000002808BF6FF00204204670BD3146284634
:10010000BDE87040FFF720B96FF00304F4E700BFCB
:10011000B45F000073B50C461D4650B3B1F1807F4B
:1001200027D2EFF305833BBBEFF3108313B9EFF353
:1001300011831BB1124B1B68022B1DD002F001066C
:1001400082F00202C2F34002009533462146FFF7D7
:1001500063F804EA00024EB1A24205D0002D14BF9C
:100160006FF001006FF0020002B070BD002AF5D000
:10017000FAE76FF00300F7E76FF00500F4E700BF60
:10018000B45F000038B50546EFF3058313B10024D2
:10019000204638BDEFF3108313B9EFF311831BB181
:1001A0001C4B1B68022BF2D02DB36B681A07EED4E0
:1001B000D5E9021203F0010371B14F2AE7D993B1D7
:1001C0000420FFF7A5FB04460028E0D02968FFF7CC
:1001D0007FFE44F00104DBE7002AD8D1ABB1042054
:1001E000FFF7CAFBEFE70120FFF792FB0446002868
:1001F000CDD0296806E00120FFF7BEFB04460028A9
:10020000C5D02946FFF764FEC2E70120FFF7B4FB23
:10021000ECE700BFB45F0000034610B520F001001A
:100220000C4603F00102EFF30581E9B9EFF3108109
:1002300011B9EFF3118119B10E490968022913D0E0
:10024000012B14D9214662B1FFF7C8FD012801D165
:10025000002010BD002C14BF6FF001006FF00200F1
:10026000F7E7FFF7FEFCF1E76FF00500F1E76FF04D
:100270000300EEE7B45F0000024608B520F001007D
:1002800002F00103EFF30581C9B9EFF3108111B951
:10029000EFF3118119B10D49096802290FD0012A24
:1002A00010D93BB1FFF749FB01280CBF00206FF0CC
:1002B000020008BD1A461946FFF76EFAF4E76FF020
:1002C0000500F6E76FF00300F3E700BFB45F00003E
:1002D00013B50C4688B3EFF305834BB9EFF31083E6
:1002E00013B9EFF31183F3B1154B1B68022B1AD12D
:1002F0001CBB01AA21460194FFF791FD012803D000
:100300006FF0020002B010BD019B0BB90020F9E7AD
:100310004FF0E0234FF08052C3F8042DBFF34F8F0E
:10032000BFF36F8FF2E72146FFF79BFC0128EDD06A
:10033000002CE5D06FF00100E4E76FF00300E1E787
:10034000B45F000007B570B3EFF305834BB9EFF36B
:10035000108313B9EFF31183EBB1144B1B68022B1D
:1003600019D1002301A90193FFF780FB012804D0D4
:100370006FF0020003B05DF804FB019B4BB14FF03E
:10038000E0234FF08052C3F8042DBFF34F8FBFF32B
:100390006F8F0020EEE700231A461946FFF7FCF99D
:1003A0000128F6D0E4E76FF00300E3E7B45F000054
:1003B00070470000034B0360034B0B604FF48073E6
:1003C000136070473C5F00003C5B0000034B036020
:1003D000034B0B604FF4007313607047C45A000066
:1003E000C45200002DE9F041044601F08BF9304B76
:1003F000304E1A68304F01321A603568002D4BD1EB
:1004000034601B68012B1FD1B84640460135FFF709
:1004100028F8382D08F11408F7D1DFF8C480274DEB
:100420004046FFF71EF82846FFF71BF82448FFF761
:1004300018F82448FFF715F82348FFF712F8234B64
:10044000C3F80080224B1D60224A136801331360F9
:10045000214AA3641168E36A14208B4200FB0370F5
:1004600004F1040188BF1360FFF709F801F06AF98D
:100470001A4B1B6873B13368DA6AE36A9A4209D28D
:100480004FF0E0234FF08052C3F8042DBFF34F8F9D
:10049000BFF36F8FBDE8F081104B1A68E36A002A42
:1004A000D2D13268D26A9A4298BF3460CCE700BF9A
:1004B0001C600000F4640000946000006C600000A8
:1004C000506000003C600000246000006860000094
:1004D0006460000000600000146000001060000014
:1004E00080600000F8B5174B174D1C682B68064656
:1004F0002868002283F8722004300F46FEF7E1FFDF
:10050000731C07D137B129681048BDE8F8400431A1
:10051000FEF7B5BF2B68A4195C6007D30C4B1868B5
:100520002968BDE8F8400431FEF7B4BF094B1868EC
:1005300029680431FEF7AEFF074B1A68A24288BF54
:100540001C60F8BD18600000F46400002460000026
:100550006460000068600000FC5F00000C4B0D4A06
:100560001B6863B91268D06A78B90B4B1B68012B02
:100570000CD80A4B18680A4B1B68C01A70471368DE
:10058000D86A10B9044B1B6870470020704700BF41
:1005900014600000F464000094600000FC5F000040
:1005A00018600000064A13681968064B19B94FF025
:1005B000FF321A6070471268D2681268F9E700BF0C
:1005C00068600000FC5F000010B590F871300446D0
:1005D0003BB9006B01F08AFA2046BDE8104001F0FB
:1005E00085BA012BF9D0022B08D04FF0140383F306
:1005F0001188BFF36F8FBFF34F8FFEE710BD2DE95A
:10060000F047DDE909844FEA82094A4606460D466D
:10061000206BA5211F4601F0B3FA236BA9F1040951
:100620004B4423F00709C4F84490002D3CD06B1EC6
:1006300004F133020E3513F8011F02F8011F09B14E
:10064000AB42F8D1002384F84230089D372D28BFF3
:1006500037254FF0000AE5622565201DC4F854A037
:10066000FEF70AFFC5F1380504F11800FEF704FF94
:10067000142251462461A561646204F1580001F01E
:100680007FFAC4F86CA084F870A084F872A03A468F
:100690003146484601F00CF82060B8F1000F01D057
:1006A000C8F80040BDE8F08784F83450CDE770B555
:1006B00086B0DDE90B5445B94FF0140383F311887C
:1006C000BFF36F8FBFF34F8FFEE744B94FF01403B2
:1006D00083F31188BFF36F8FBFF34F8FFEE7782648
:1006E0000596059E782E08D04FF0140383F31188E9
:1006F000BFF36F8FBFF34F8FFEE72563022584F8AA
:10070000715004AD01950A9D02940095059EFFF776
:1007100076FF2046FFF766FE049806B070BD000025
:1007200010B588B0002407AA06A905A8CDE905449C
:10073000FFF740FE059B0293069B079A1649174850
:10074000CDE900432346FFF7B2FFA8B100F0F0FC6B
:10075000012815D14FF0140383F31188BFF36F8F75
:10076000BFF34F8F0E4B4FF0FF321A600D4B1860E6
:100770000D4B1C6001F044F80C4B1B6808B010BD19
:100780000130F9D14FF0140383F31188BFF36F8F59
:10079000BFF34F8FFEE700BF8AD72008D93A000089
:1007A000FC5F00001060000018600000940500006D
:1007B000024A136801331360704700BFF85F0000FE
:1007C000014B1868704700BF1860000008B501F0C1
:1007D0009DF8014B186808BD18600000094B0A49D4
:1007E0001A68096802448A4208D94FF0140383F357
:1007F0001188BFF36F8FBFF34F8FFEE71A68024473
:100800001A60704718600000FC5F00003F4B1B68D7
:100810002DE9F74F002B72D13D4B1C6801341C6051
:10082000BCB93C4B1A68126842B14FF0140383F311
:100830001188BFF36F8FBFF34F8FFEE7364A1968F9
:10084000106818601160354A136801331360FFF7B0
:10085000A9FE334D334E2B68334F9C424FF0000BB3
:1008600012D23A68D26A14214A43B258022A2F4A55
:10087000126828BF4FF0010B002A18BF4FF0010B80
:10088000584603B0BDE8F08FDFF88890DFF8A4A0E9
:10089000D9F8002012681AB94FF0FF322A60E0E759
:1008A000D9F80020D268D2F80C80D8F804108C4215
:1008B00001D22960D5E708F1040318460193FEF739
:1008C00000FED8F8281019B108F11800FEF7F9FD5C
:1008D000D8F82C00DAF800101423884288BFCAF830
:1008E0000000019903FB0060FEF7C9FD3868D8F8E5
:1008F0002C10C26A914228BF4FF0010BC8E70C4A86
:100900001368013313604FF0000BB9E7F85F000084
:10091000186000006860000064600000046000006F
:10092000FC5F000094600000F464000008600000B8
:100930000C600000146000002DE9F041304C236889
:1009400043B94FF0140383F31188BFF36F8FBFF3E4
:100950004F8FFEE700F0D6FE2368013B236024683A
:100960002CB1002400F0EEFE2046BDE8F081254BBE
:100970001B68002BF5D0244D244EDFF8A0801DE02D
:10098000EB68DC68271D04F11800FEF79AFD384675
:10099000FEF797FDE36A32681420934200FB038060
:1009A000394688BF3360FEF76AFD194BE26A1B685F
:1009B000DB6A9A4202D3174B01221A602B68002B84
:1009C000DED10CB1FFF7EEFD134D2C6844B1114E92
:1009D0000127FFF71BFF00B13760013CF9D12C6004
:1009E0000C4B1B68002BBCD04FF0E0234FF0805223
:1009F000C3F8042DBFF34F8FBFF36F8F0124B1E70E
:100A0000F85F00001C6000005060000014600000EF
:100A1000F4640000086000000C60000094600000B6
:100A200008B550B94FF0E0234FF08052C3F8042DC1
:100A3000BFF34F8FBFF36F8F08BD0A4B196841B1E9
:100A40004FF0140383F31188BFF36F8FBFF34F8F01
:100A5000FEE7FFF7ADFEFFF745FDFFF76DFF00284E
:100A6000E0D0E9E7F85F0000F8B5234C234F244DB0
:100A7000236823BB234B1B68012B09D94FF0E023CC
:100A80004FF08052C3F8042DBFF34F8FBFF36F8F29
:100A9000FFF78EFCFFF762FD6328E8D9FFF788FEB9
:100AA000194B1A68194B1B689A421BD24FF014035A
:100AB00083F31188BFF36F8FBFF34F8FFEE700F012
:100AC00021FEFB68DE68301DFEF7FBFC2B68013B56
:100AD0002B602368013B236000F034FE3046FFF7B3
:100AE00073FDC5E7FFF73AFD632801D9FEF73CF82F
:100AF000FFF722FFBBE700BF386000003C6000004A
:100B00001C60000094600000FC5F000018600000A2
:100B10001B4B1A681B4BF0B512B101221A60F0BDD5
:100B200019481A60194E0368194F32685A671949F3
:100B30003A684FF0140C0CFB02F3CC18CD589DB161
:100B4000656808336D6865600B449D4204BF6B683F
:100B50006360142303FB02114B68DB6803603A6097
:100B600003685B6F3360DAE742B94FF0140383F335
:100B70001188BFF36F8FBFF34F8FFEE7013ADAE7BB
:100B8000F85F000008600000F464000020600000CE
:100B9000146000009460000010B50C4640B94FF09E
:100BA000140383F31188BFF36F8FBFF34F8FFEE7FA
:100BB000054B19681831FEF76DFC20460121BDE890
:100BC0001040FFF78FBC00BFF464000010B514465E
:100BD00040B94FF0140383F31188BFF36F8FBFF355
:100BE0004F8FFEE70D4B1B6843B94FF0140383F39F
:100BF0001188BFF36F8FBFF34F8FFEE7084B1A6862
:100C000041F00041916119681831FEF738FC204627
:100C10000121BDE81040FFF765BC00BFF85F000090
:100C2000F464000038B50D46144640B94FF0140383
:100C300083F31188BFF36F8FBFF34F8FFEE7074B2E
:100C400019681831FEF71BFC002C21460CBF284602
:100C50004FF0FF30BDE83840FFF744BCF4640000BB
:100C600038B5C368DC6844B94FF0140383F31188C6
:100C7000BFF36F8FBFF34F8FFEE704F118052846CF
:100C8000FEF71FFC124B1B68EBB9251D2846FEF72B
:100C900018FC104AE36A11688B4288BF13600E4A41
:100CA0001420294600FB0320FEF7E9FBFFF77AFC3E
:100CB0000A4BE26A1B68DB6A9A4283BF084B012039
:100CC0001860002038BD07482946FEF7D8FBEFE73B
:100CD000F85F00001460000094600000F4640000FD
:100CE00008600000506000001C4A126838B542B924
:100CF0004FF0140383F31188BFF36F8FBFF34F8F4F
:100D0000FEE7C46841F00041016044B94FF01403AC
:100D100083F31188BFF36F8FBFF34F8FFEE7251D5D
:100D2000FEF7CFFB2846FFF73DFCFEF7CAFB0C4A57
:100D3000E36A11688B4288BF13600A4A142000FBE3
:100D400003202946FEF79BFB074BE26A1B68DB6A20
:100D50009A4282BF054B01221A6038BDF85F00003D
:100D60001460000094600000F4640000086000005B
:100D7000034B1B680360034B1B684360704700BF55
:100D8000046000001860000070B50D46044640B9CC
:100D90004FF0140383F31188BFF36F8FBFF34F8FAE
:100DA000FEE741B94FF0140383F31188BFF36F8F4F
:100DB000BFF34F8FFEE700F0A5FC144B6268196883
:100DC000134B186890F8720040B11B68002283F83A
:100DD0007220012400F0B6FC204670BD2B68581C20
:100DE00012D00C4826680068864204D08A4202D895
:100DF00000232B60EDE7881A8342F9D95B1A13446C
:100E00002B602046FFF7B4FF0024E3E718600000E2
:100E1000F464000004600000014B01221A60704776
:100E2000086000000B4B1B687BB90B4A106870B957
:100E30000A4B1B6863B90A4B18680A4B1B68013BD5
:100E400098420CBF022001207047002070471846CE
:100E5000704700BF50600000086000000C60000098
:100E6000246000001C60000004290FDC58B9084B06
:100E7000186840B94FF0140383F31188BFF36F8FE4
:100E8000BFF34F8FFEE7163140F82120704700BFB7
:100E9000F4640000014B1868704700BFF464000060
:100EA000054B1B6833B1054B1868B0FA80F0400958
:100EB000400070470120704710600000F85F00009C
:100EC000F8B5044638B31A4DC36A2A68D26A934209
:100ED00026D28269174E002AA1BF2A68D26AC2F1BF
:100EE00038028261142202FB036342699A4213D1E1
:100EF000071D3846FEF7E5FA2B680F4ADB6A1168D2
:100F0000E36214208B4200FB0360394688BF136004
:100F1000FEF7B5FA0120F8BD2B68DB6AC362F9E77A
:100F20002B68006DDB6A98422CBF00200120F2E79D
:100F3000F4640000946000001460000038B508B943
:100F4000002038BD1B4B1C68844208D04FF01403AE
:100F500083F31188BFF36F8FBFF34F8FFEE7636D8D
:100F600043B94FF0140383F31188BFF36F8FBFF3BE
:100F70004F8FFEE7E16A226D013B91426365DFD04E
:100F8000002BDDD1251D2846FEF79BFA236DE36279
:100F9000C3F13802A261084A11688B4288BF13600E
:100FA000064A142000FB03202946FEF768FA0120B8
:100FB000C7E700BFF4640000146000009460000004
:100FC00070B50446002841D0426D42B94FF0140379
:100FD00083F31188BFF36F8FBFF34F8FFEE7036D6D
:100FE000994238BF1946C36A8B422FD0012A2DD1AE
:100FF000174A1268824208D14FF0140383F3118814
:10100000BFF36F8FBFF34F8FFEE78269114DC1624F
:10101000002A4FF0140202FB03534269A4BFC1F13E
:10102000380181619A4211D1061D3046FEF749FA16
:10103000094AE36A116814208B4200FB03503146D1
:10104000BDE8704088BF1360FEF719BA70BD00BFDD
:10105000F46400009460000014600000044B1A68FF
:10106000196890691A68CB6AC3F1380393617047B5
:10107000F4640000044B1A681AB119684A6D013211
:101080004A651868704700BFF4640000914208B5D3
:10109000416000610AD8D21A83699A420DD2084B86
:1010A000011D1868FEF7F6F9002008BD9A4201D22A
:1010B000994202D2034B011DF3E70120F5E700BF7F
:1010C000A4650000A8650000F7B5114C00F01AFBFC
:1010D0002568BDB90F4F104E3846FEF7C2F93046AD
:1010E000FEF7BFF90D4B0E4A1F600E4B10211E601C
:1010F00005200D4B0095FEF7FCFA206010B10B495E
:10110000FEF7E6FE03B0BDE8F04000F01BBB00BFF9
:10111000A0650000C0650000AC650000A865000087
:1011200048650000A4650000F86400008FD720081F
:1011300010B588B0FFF7C8FF124B1B68B3B100248D
:1011400007AA06A905A8CDE90544FFF73FF9059BC5
:101150000293069B019337230093079A0A490B4891
:101160002346FFF7A4FA0A4B186040B94FF0140366
:1011700083F31188BFF36F8FBFF34F8FFEE701201A
:1011800008B010BDA065000094D7200801430000FE
:101190009C6500007FB5164604461A4640B94FF0DC
:1011A000140383F31188BFF36F8FBFF34F8FFEE7F4
:1011B0000D4D286880B10529CDE9001602940DDC9B
:1011C000FFF76EFE0023022808BF089A286818BFA0
:1011D0001A466946FEF7E0FA04B070BD002369467E
:1011E000FEF7DCFBF8E700BFA06500002DE9F34740
:1011F000DFF898800646FFF7E3FAD8F8003083421C
:10120000054609D91F4F3B681A686AB91E4A11681A
:1012100039601360012300E0002328463360C8F8DA
:10122000005002B0BDE8F087DB68DC68D3F80090BE
:1012300004F1040A5046FEF744F9236A2046984711
:1012400094F828305B07DED5A3694B44994506D254
:101250003868636024615146FEF71CF9D3E7002328
:1012600000934A4619462046FFF794FF0028CAD14A
:101270004FF0140383F31188BFF36F8FBFF34F8FC9
:10128000FEE700BFA8650000A465000098650000A7
:101290002DE9F0436E4D6F4E89B02B68D3F8008076
:1012A000B8F1000F35D0DB68D3F800800024FFF7D9
:1012B0007FFA04A8FFF79AFF049B8146002B69D1AF
:1012C000002C4CD1404550D3FFF736FB2B68DB6830
:1012D000DF68381DFEF7F5F897F8283058071AD55B
:1012E000B96943464A4641443846FFF7CFFEB0B19C
:1012F00000942346424621463846FFF74BFF70B91B
:101300004FF0140383F31188BFF36F8FBFF34F8F38
:10131000FEE70124CBE723F0010387F828303B6A7E
:10132000384698473068002204A9FEF7FBFB0028E6
:10133000B3D0049B0698002B2FDB069C6369002B1F
:1013400032D103A8FFF752FF049B0246092BE9D8CC
:10135000DFE803F02E2E2E575E762E2E575E3E4B84
:101360001B681C68B4FA84F4640930682246A8EB50
:101370000901FEF7BFFDFFF7DFFA0028D2D14FF0D9
:10138000E0234FF08052C3F8042DBFF34F8FBFF31B
:101390006F8FC7E7FFF7D0FAC4E7059B0799984717
:1013A000049B002BBEDBC8E7201DFEF78AF8C8E7C8
:1013B00094F82830A16943F0010384F82830059B94
:1013C00020461944FFF762FE0028ABD0236A20466E
:1013D000984794F828305907A4D5A26905990023A5
:1013E0000A44009319462046FFF7D4FE002899D1FD
:1013F0004FF0140383F31188BFF36F8FBFF34F8F48
:10140000FEE794F8283023F0010384F8283089E7B8
:1014100094F8283043F0010384F828300599A1613D
:1014200041B94FF0140383F31188BFF36F8FBFF3FB
:101430004F8FFEE7034601442046FFF727FE71E782
:1014400094F828309A07DED4204600F04FFB69E775
:10145000A8650000A0650000A46500001FB5144643
:101460001A466FF00103CDE900300548CDE90214BA
:10147000002369460068FEF791FA04B010BD00BF72
:10148000A06500002DE9F047DFF854904FF0FF31E0
:101490000646D9F8000015461F46FEF7BDFEFEF7CA
:1014A000A7FD05F10C0A8046504600F07DFB04467E
:1014B00040B90120FEF7B0FDFEF79AFDA0EB080051
:1014C000B842F1D3D9F80000FEF7D6FE2CB10020C7
:1014D000656020603460BDE8F0871920FBE700BF3D
:1014E000343F01004368994205D20AB15B1A138068
:1014F0000C310844704700207047000038B504469E
:1015000068B1074D4FF0FF312868FEF785FE204691
:1015100000F06AFB2868BDE83840FEF7ADBE38BD74
:10152000343F010030B5034600B900BE074A02F15E
:101530003805144603CCAC4218605960224603F1CA
:101540000803F6D12068186030BD00BF403F01009D
:1015500010B50446FEF74CFDA042A0EB040038BFD6
:1015600000F1FF3010BD0000024B01461868FEF785
:101570006BBD00BF383F010008B5FCF735FB00200C
:1015800008BD0000044B1B7823B9044B187800F009
:10159000010070470020FAE7F03D0100843F0100A0
:1015A000014B1878704700BF843F01002DE9F047D8
:1015B0009A4603680546884691464BB94368002B16
:1015C0002FD0194B194A1A484FF4F76100F028FB45
:1015D00000F03AFB2C680646002724B9304600F09C
:1015E000DFFA2D2013E041462046C84710B92746B0
:1015F0002468F2E7CAF800402B68A34209D12368A7
:101600002B6003B96B60304600F0CAFA0020BDE8D9
:10161000F0876B68A34212BF23686F6000233B60B2
:10162000F1E71B20F3E700BF7CDC200890DC2008FA
:101630009ADB200808480068006880F308884FF0AB
:10164000000080F3148862B661B6BFF34F8FBFF31A
:101650006F8F00DF00BF000008ED00E0DFF80C0036
:10166000016841F4700101607047000088ED00E0FE
:1016700082B0002301930D4B1B68013308D04FF05B
:10168000140383F31188BFF36F8FBFF34F8FFEE70F
:101690004FF0140383F31188BFF36F8FBFF34F8FA5
:1016A000019B002BFCD002B0704700BF98050000E2
:1016B0004FF0807340F8043C074B40F80C3C21F09D
:1016C00001016FF0020340F8081C40F8202C40F89C
:1016D000243C4438704700BFE14600000000000091
:1016E000074B19680868B0E8F04F80F30988BFF32A
:1016F0006F8F4FF0000080F311887047AFF30080C8
:10170000F46400004FF0140383F31188BFF36F8F6C
:10171000BFF34F8F0A4A13680133012B13600ED1B8
:101720004FF0E023D3F8043DDBB243B14FF0140394
:1017300083F31188BFF36F8FBFF34F8FFEE77047BE
:1017400098050000084A136843B94FF0140383F367
:101750001188BFF36F8FBFF34F8FFEE7013B13601C
:101760000BB983F311887047980500000000000052
:10177000EFF30980BFF36F8F154B1A681EF0100F3F
:1017800008BF20ED108A20E9F04F10602DE9090014
:101790004FF0140080F31188BFF34F8FBFF36F8FAA
:1017A000FFF7B6F94FF0000080F3118809BC196803
:1017B0000868B0E8F04F1EF0100F08BFB0EC108AB8
:1017C00080F30988BFF36F8F704700BFAFF30080CD
:1017D000F464000008B54FF0140383F31188BFF3DD
:1017E0006F8FBFF34F8FFFF711F828B14FF0E02351
:1017F0004FF08052C3F8042D002383F3118808BDF5
:101800004FF0E02337B5D3F8001D3A4A914208D192
:101810004FF0140383F31188BFF36F8FBFF34F8F23
:10182000FEE7D3F8002D344B9A4208D14FF0140351
:1018300083F31188BFF36F8FBFF34F8FFEE72F4BFA
:101840001A78D2B20192FF221A701B782C4ADBB2AE
:101850008DF803309DF8033003F014031370294A08
:101860000723136000219DF80300000603F1FF34F5
:101870000CD411B1012B136011D04FF0140383F37A
:101880001188BFF36F8FBFF34F8FFEE79DF80330D2
:101890005B00DBB28DF8033001212346E3E74FF410
:1018A00080731360019B154A4FF0E024DBB2137084
:1018B000D4F8203D43F47C03C4F8203DD4F8203D07
:1018C00043F07C43C4F8203DFDF7D4F80E4B0025CF
:1018D0001D60FFF7C3FED4F8343F43F04043C4F823
:1018E000343FFFF7A7FEFFF713F9FFF7C1FE2846C5
:1018F00003B030BD71C20F4170C20F4100E400E07F
:10190000D8650000D465000098050000EFF305835A
:101910000F2B0ED9114A9B5C114A12789A4208D9B2
:101920004FF0140383F31188BFF36F8FBFF34F8F12
:10193000FEE74FF0E0230B4AD3F80C3D126803F4A6
:10194000E063934208D94FF0140383F31188BFF387
:101950006F8FBFF34F8FFEE7704700BFF0E300E0EB
:10196000D8650000D465000030B5114B1A461B68DD
:101970008342FBD3546841681519A84206D121441B
:1019800050188342516010D1104602E04418A3421F
:101990000CD1084C2468A3421FBF5C6864184460E3
:1019A0001C680460824218BF106030BD0360F9E714
:1019B000F4650000F06500002DE9F0410446FEF7F3
:1019C000F7FE4349434D0B680BBB434A56071FBF05
:1019D000D01D20F0070002F54842131A0CBF4FF447
:1019E0004843024613443D4E083B23F007030020C2
:1019F00070603260C3E90000981AC2E900300B60E1
:101A0000374B1860374B18604FF000432B602F683E
:101A1000274205D0FEF790FF00263046BDE8F08152
:101A2000631E0A33F6D8600704F1080226D022F0BC
:101A3000070308339342EDD9DFF8A880D8F80050A7
:101A40009D42E7D3254A14686068984201D226680F
:101A5000B6B90968A142DDD0216816681160C21AC2
:101A6000102A14D9E01841070DD04FF0140383F366
:101A70001188BFF36F8FBFF34F8FFEE71346DBE78D
:101A800022463446E0E742606360FFF76DFF62681C
:101A90001349AD1A1743144A08686760002323608E
:101AA0001368C8F80050854203F1010306F10806E7
:101AB00038BF0D601360FEF73FFF7307ADD04FF0E6
:101AC000140383F31188BFF36F8FBFF34F8FFEE7CB
:101AD000F0650000DC650000FC650000F4650000B6
:101AE000E8650000EC650000E465000010B5044600
:101AF00090B31A4A50F8043C1268134208D14FF0D0
:101B0000140383F31188BFF36F8FBFF34F8FFEE78A
:101B100050F8081C41B14FF0140383F31188BFF350
:101B20006F8FBFF34F8FFEE723EA020340F8043CB8
:101B3000FEF73EFE0A4A54F8043C1168A4F108007E
:101B40000B441360FFF710FF064A1368BDE810400E
:101B500001331360FEF7F0BE10BD00BFDC6500006E
:101B6000EC650000E06500005FF800F0C97B20082C
:101B70005FF800F0A56C20085FF800F059792008A4
:101B80005FF800F035B820085FF800F0997B200876
:101B90005FF800F0E92420085FF800F0D56C200819
:101BA0005FF800F0352420085FF800F08DA92008C8
:101BB0005FF800F0E57B20085FF800F02166200860
:101BC0005FF800F0F92820085FF800F03181200864
:101BD0005FF800F0E12420085FF800F07F81200822
:101BE0005FF800F03B8120085FF800F09DA9200815
:101BF0005FF800F0718120085FF800F039A6200836
:101C00005FF800F0A57B20085FF800F0A98E20089F
:101C10005FF800F0A1B920085FF800F0A781200864
:101C20005FF800F029A920085FF800F0B17B2008D8
:101C30005FF800F0E57920085FF800F0D96A200825
:101C40005FF800F01F2420085FF800F02924200826
:101C50005FF800F05D2420085FF800F017242008EA
:101C60000100000004A4052400000042010000005F
:101C7000ACA405240000402901000000ACA4052408
:101C8000010040290100000004A505240000C02037
:101C900001000000C4A405241F0000200100000072
:101CA0009CA405240100C049010000009CA4052457
:101CB0000000806201000000A4A40524000080A4AC
:101CC00001000000A4A40524000080A4010000007D
:101CD0009CA405240100C049010000009CA4052427
:101CE0000000806201000000488705240000408356
:101CF000010000007C87052400000018010000009E
:101D0000408705240C0040A401000000CCA4052459
:101D10000080007801000000C8A405246400005879
:101D200001000000C4A40524008000780100000028
:101D3000C0A405246400005801000000E0A40524AC
:101D4000D903005001000000DCA40524BF040058A2
:101D500001000000D8A405240E0100480100000085
:101D600038A40524000000280100000014A4052464
:101D7000270080A30100000038A40524030040834D
:101D80000100000038A40524030040830300000084
:101D90000CA405245A0080A30CA4052402004010C2
:101DA0000CA4052400000000030000000CA405247E
:101DB0005A0080A30CA40524030040100CA40524A1
:101DC00000000000030000000CA405245A0080A3BA
:101DD0000CA40524000040100CA405240000000001
:101DE0000100000008A40524150000A40100000063
:101DF00008A40524070000A40100000004A4052491
:101E00002000C0A30100000010A40524380080A316
:101E10000100000010A405245A0080A30100000066
:101E200000A505240000805A020000009CA405249F
:101E30000300C0ACACA40524100000200100000089
:101E400000A505240300809C01000000D4A4052403
:101E50000100007801000000D0A40524F2000080F9
:101E6000010000005887052403008059010000008C
:101E7000588705240C000028010000004087052435
:101E80000C0040A40100000000A40524000000088C
:101E90000100000000A40524560583A001000000F5
:101EA00038A40524070040A40100000038A405243C
:101EB0000F0040A40100000038A40524070040A43E
:101EC0000100000038A405240F0040A40100000018
:101ED0009CA4052400000021010000009CA405240E
:101EE00001000021010000009CA405240000C0188E
:101EF000010000009CA405240100C018020000009D
:101F000094A405240100009494A40524020000ADCB
:101F1000010000009CA40524000000100100000046
:101F200000A505240300809C0100000000A50524F5
:101F30000000809C02000000A4A40524000080A4EE
:101F4000A4A405240000008402000000A4A4052429
:101F5000000080A4A4A40524010000840100000066
:101F6000A4A40524010080A401000000A4A4052469
:101F7000020080A40300000098A40524F80040A3F8
:101F8000A0A4052410008051A0A40524010040ADA8
:101F900001000000A0A40524000040AD02000000E4
:101FA0009CA405240000C049A0A40524000040AD65
:101FB00005000000A0A40524000040AD9CA4052459
:101FC0000200806298A40524F80040A3A0A4052480
:101FD00010008051A0A40524010040AD02000000C3
:101FE00098A40524F00040A3A0A40524010040AD5E
:101FF000020000009CA405240200C049A0A40524FE
:10200000000040AD0200000098A405242F003EA867
:10201000A0A40524200020A8020000005487052465
:102020000100C0395887052401000021010000008B
:1020300058870524010080520300000060870524B2
:10204000030080AC748705240600409C7487052437
:102050000400405A0200000060870524030080ACA1
:1020600070870524010040AD010000007887052439
:1020700009000018010000007887052408000018F6
:102080000500000074870524DA2422A84887052467
:1020900000004083408705240C004083708705249E
:1020A0000C00007B7087052404000010060000006F
:1020B000748705240300804148870524000040837D
:1020C0004087052403004083708705240200007BBD
:1020D000708705240700001074870524020000ADF6
:1020E0000100000040870524090040A40100000011
:1020F000408705240C0040A40200000054870524FA
:1021000000000021448705240000408C02000000EC
:102110005487052401000021448705240100408CD8
:1021200013000000408705240C0040A440870524CC
:10213000BF0000604887052426000060488705240A
:10214000030040944C870524200300706887052411
:102150000300C020448705240100C09C608705243B
:102160000100801078870524070040415887052426
:10217000CC000058748705249A2412A8748705247B
:1021800003008041408705240800408370870524B0
:102190000500007B70870524040000107487052467
:1021A000020000AD70870524010000847C870524AF
:1021B0000100408C388705240100801009000000D0
:1021C0009CA405240100C049A4A4052401000084A6
:1021D00000A505241900C09B94A4052401008010CB
:1021E00014A405240100006394A405240100008CBC
:1021F00094A40524020000ADACA4052400004029ED
:1022000010A505240100402919222008F1212008E9
:1022100000000000000000000000000000000000BE
:1022200000000000000000000000000000000000AE
:10223000000000000000000000000000000000009E
:10224000000000000000000000000000000000008E
:10225000000000000000000000000000000000007E
:10226000000000000000000000000000000000006E
:10227000000000000000000000000000000000005E
:10228000000000000000000000000000000000004E
:10229000000000000000000000000000000000003E
:1022A000000000000000000000000000000000002E
:1022B000000000000000000000000000000000001E
:1022C000000000000000000000000000000000000E
:1022D00000000000000000000000000000000000FE
:1022E00000000000000000000000000000000000EE
:1022F00000000000000000000000000000000000DE
:1023000000000000000000000000000000000000CD
:1023100000000000000000000000000000000000BD
:1023200000000000000000000000000000000000AD
:10233000000000000000000000000000000000009D
:10234000000000000000000000000000000000008D
:10235000000000000000000000000000000000007D
:10236000000000000000000000000000000000006D
:10237000000000000000000000000000000000005D
:10238000000000000000000000000000000000004D
:10239000000000000000000000000000000000003D
:1023A000000000000000000000000000000000002D
:1023B000000000000000000000000000000000001D
:1023C000000000000000000000000000000000000D
:1023D00000000000000000000000000000000000FD
:1023E00000000000000000000000000000000000ED
:1023F00000000000000000000000000000000000DD
:1024000000000000000000000000000000000000CC
:1024100000000000000000000000000000000000BC
:1024200000000000000000000000000000000000AC
:10243000000000000000000000000000000000009C
:10244000000000000000000000000000000000008C
:10245000000000000000000000000000000000007C
:10246000000000000000000000000000000000006C
:10247000000000000000000000000000000000005C
:10248000000000000000000000000000000000004C
:10249000000000000000000000000000000000003C
:1024A000000000000000000000000000000000002C
:1024B000000000000000000000000000000000001C
:1024C000000000000000000000000000000000000C
:1024D00000000000000000000000000000000000FC
:1024E00000000000000000000000000000000000EC
:1024F00000000000000000000000000000000000DC
:1025000000000000000000000000000000000000CB
:1025100000000000000000000000000000000000BB
:1025200000000000000000000000000000000000AB
:10253000000000000000000000000000000000009B
:10254000000000000000000000000000000000008B
:10255000000000000000000000000000000000007B
:10256000000000000000000000000000000000006B
:10257000000000000000000000000000000000005B
:10258000000000000000000000000000000000004B
:10259000000000000000000000000000000000003B
:1025A000000000000000000000000000000000002B
:1025B000000000000000000000000000000000001B
:1025C000000000000000000000000000000000000B
:1025D00000000000000000000000000000000000FB
:1025E00000000000000000000000000000000000EB
:1025F00000000000000000000000000000000000DB
:1026000000000000000000000000000000000000CA
:1026100000000000000000000000000000000000BA
:1026200000000000000000000000000000000000AA
:10263000000000000000000000000000000000009A
:10264000000000000000000000000000000000008A
:10265000000000000000000000000000000000007A
:10266000000000000000000000000000000000006A
:10267000000000000000000000000000000000005A
:10268000000000000000000000000000000000004A
:10269000000000000000000000000000000000003A
:1026A000000000000000000000000000000000002A
:1026B000000000000000000000000000000000001A
:1026C000000000000000000000000000000000000A
:1026D00000000000000000000000000000000000FA
:1026E00000000000000000000000000000000000EA
:1026F00000000000000000000000000000000000DA
:1027000000000000000000000000000000000000C9
:1027100000000000000000000000000000000000B9
:1027200000000000000000000000000000000000A9
:102730000000000000000000000000000000000099
:102740000000000000000000000000000000000089
:102750000000000000000000000000000000000079
:102760000000000000000000000000000000000069
:102770000000000000000000000000000000000059
:102780000000000000000000000000000000000049
:00000001FF
