S01A0000626C655F6869645F6F6E5F676174745F736F632E73333724
S31500000000010000000D900D90502701000100000036
S31500000010001020007D6990BA00000000000000007A
S3150000002000000000000000000000000000000000CA
S315000000300000000000000000000000000D900D9080
S31500000040A55A0000002020080000008000000000E3
S31500000050000000000000000000000000000000009A
S31500000060000000000000000000000000000000008A
S31500000070000000000000000000000000000000007A
S31500000080000000000000000000000000000000006A
S31500000090000000000000000000000000000000005A
S315000000A0000000000000000000000000000000004A
S315000000B0000000000000000000000000000000003A
S315000000C0000000000000000000000000000000002A
S315000000D0000000000000000000000000000000001A
S315000000E0000000000000000000000000000000000A
S315000000F000000000000000000000000000000000FA
S3150000010000000000000000000000000000000000E9
S3150000011000000000000000000000000000000000D9
S3150000012000000000000000000000000000000000C9
S3150000013000000000000000000000000000000000B9
S3150000014000000000000000000000000000000000A9
S315000001500000000000000000000000000000000099
S315000001600000000000000000000000000000000089
S315000001700000000000000000000000000000000079
S315000001800000000000000000000000000000000069
S315000001900000000000000000000000000000000059
S315000001A00000000000000000000000000000000049
S315000001B00000000000000000000000000000000039
S315000001C00000000000000000000000000000000029
S315000001D00000000000000000000000000000000019
S315000001E00000000000000000000000000000000009
S315000001F000000000000000000000000000000000F9
S3150000020000000000000000000000000000000000E8
S3150000021000000000000000000000000000000000D8
S3150000022000000000000000000000000000000000C8
S3150000023000000000000000000000000000000000B8
S3150000024000000000000000000000000000000000A8
S315000002500000000000000000000000000000000098
S315000002600000000000000000000000000000000088
S315000002700000000000000000000000000000000078
S315000002800000000000000000000000000000000068
S315000002900000000000000000000000000000000058
S315000002A00000000000000000000000000000000048
S315000002B00000000000000000000000000000000038
S315000002C00000000000000000000000000000000028
S315000002D00000000000000000000000000000000018
S315000002E00000000000000000000000000000000008
S315000002F000000000000000000000000000000000F8
S3150000030000000000000000000000000000000000E7
S3150000031000000000000000000000000000000000D7
S3150000032000000000000000000000000000000000C7
S3150000033000000000000000000000000000000000B7
S3150000034000000000000000000000000000000000A7
S315000003500000000000000000000000000000000097
S315000003600000000000000000000000000000000087
S315000003700000000000000000000000000000000077
S315000003800000000000000000000000000000000067
S315000003900000000000000000000000000000000057
S315000003A00000000000000000000000000000000047
S315000003B00000000000000000000000000000000037
S315000003C00000000000000000000000000000000027
S315000003D00000000000000000000000000000000017
S315000003E00000000000000000000000000000000007
S315000003F000000000000000000000000000000000F7
S3150000040000000000000000000000000000000000E6
S3150000041000000000000000000000000000000000D6
S3150000042000000000000000000000000000000000C6
S3150000043000000000000000000000000000000000B6
S3150000044000000000000000000000000000000000A6
S315000004500000000000000000000000000000000096
S315000004600000000000000000000000000000000086
S315000004700000000000000000000000000000000076
S315000004800000000000000000000000000000000066
S315000004900000000000000000000000000000000056
S315000004A00000000000000000000000000000000046
S315000004B00000000000000000000000000000000036
S315000004C00000000000000000000000000000000026
S315000004D00000000000000000000000000000000016
S315000004E00000000000000000000000000000000006
S315000004F000000000000000000000000000000000F6
S3150000050000000000000000000000000000000000E5
S3150000051000000000000000000000000000000000D5
S3150000052000000000000000000000000000000000C5
S3150000053000000000000000000000000000000000B5
S3150000054000000000000000000000000000000000A5
S315000005500000000000000000000000000000000095
S315000005600000000000000000000000000000000085
S315000005700000000000000000000000000000000075
S315000005800000000000000000000000000000000065
S315000005900000000000000000000000000000000055
S315000005A00000000000000000000000000000000045
S315000005B00000000000000000000000000000000035
S315000005C00000000000000000000000000000000025
S315000005D00000000000000000000000000000000015
S315000005E00000000000000000000000000000000005
S315000005F000000000000000000000000000000000F5
S3150000060000000000000000000000000000000000E4
S3150000061000000000000000000000000000000000D4
S3150000062000000000000000000000000000000000C4
S3150000063000000000000000000000000000000000B4
S3150000064000000000000000000000000000000000A4
S315000006500000000000000000000000000000000094
S315000006600000000000000000000000000000000084
S315000006700000000000000000000000000000000074
S315000006800000000000000000000000000000000064
S315000006900000000000000000000000000000000054
S315000006A00000000000000000000000000000000044
S315000006B00000000000000000000000000000000034
S315000006C00000000000000000000000000000000024
S315000006D00000000000000000000000000000000014
S315000006E00000000000000000000000000000000004
S315000006F000000000000000000000000000000000F4
S3150000070000000000000000000000000000000000E3
S3150000071000000000000000000000000000000000D3
S3150000072000000000000000000000000000000000C3
S3150000073000000000000000000000000000000000B3
S3150000074000000000000000000000000000000000A3
S315000007500000000000000000000000000000000093
S315000007600000000000000000000000000000000083
S315000007700000000000000000000000000000000073
S315000007800000000000000000000000000000000063
S315000007900000000000000000000000000000000053
S315000007A00000000000000000000000000000000043
S315000007B00000000000000000000000000000000033
S315000007C00000000000000000000000000000000023
S315000007D00000000000000000000000000000000013
S315000007E00000000000000000000000000000000003
S315000007F000000000000000000000000000000000F3
S3150000080000000000000000000000000000000000E2
S3150000081000000000000000000000000000000000D2
S3150000082000000000000000000000000000000000C2
S3150000083000000000000000000000000000000000B2
S3150000084000000000000000000000000000000000A2
S315000008500000000000000000000000000000000092
S315000008600000000000000000000000000000000082
S315000008700000000000000000000000000000000072
S315000008800000000000000000000000000000000062
S315000008900000000000000000000000000000000052
S315000008A00000000000000000000000000000000042
S315000008B00000000000000000000000000000000032
S315000008C00000000000000000000000000000000022
S315000008D00000000000000000000000000000000012
S315000008E00000000000000000000000000000000002
S315000008F000000000000000000000000000000000F2
S3150000090000000000000000000000000000000000E1
S3150000091000000000000000000000000000000000D1
S3150000092000000000000000000000000000000000C1
S3150000093000000000000000000000000000000000B1
S3150000094000000000000000000000000000000000A1
S315000009500000000000000000000000000000000091
S315000009600000000000000000000000000000000081
S315000009700000000000000000000000000000000071
S315000009800000000000000000000000000000000061
S315000009900000000000000000000000000000000051
S315000009A00000000000000000000000000000000041
S315000009B00000000000000000000000000000000031
S315000009C00000000000000000000000000000000021
S315000009D00000000000000000000000000000000011
S315000009E00000000000000000000000000000000001
S315000009F000000000000000000000000000000000F1
S31500000A0000000000000000000000000000000000E0
S31500000A1000000000000000000000000000000000D0
S31500000A2000000000000000000000000000000000C0
S31500000A3000000000000000000000000000000000B0
S31500000A4000000000000000000000000000000000A0
S31500000A500000000000000000000000000000000090
S31500000A600000000000000000000000000000000080
S31500000A700000000000000000000000000000000070
S31500000A800000000000000000000000000000000060
S31500000A900000000000000000000000000000000050
S31500000AA00000000000000000000000000000000040
S31500000AB00000000000000000000000000000000030
S31500000AC00000000000000000000000000000000020
S31500000AD00000000000000000000000000000000010
S31500000AE00000000000000000000000000000000000
S31500000AF000000000000000000000000000000000F0
S31500000B0000000000000000000000000000000000DF
S31500000B1000000000000000000000000000000000CF
S31500000B2000000000000000000000000000000000BF
S31500000B3000000000000000000000000000000000AF
S31500000B40000000000000000000000000000000009F
S31500000B50000000000000000000000000000000008F
S31500000B60000000000000000000000000000000007F
S31500000B70000000000000000000000000000000006F
S31500000B80000000000000000000000000000000005F
S31500000B90000000000000000000000000000000004F
S31500000BA0000000000000000000000000000000003F
S31500000BB0000000000000000000000000000000002F
S31500000BC0000000000000000000000000000000001F
S31500000BD0000000000000000000000000000000000F
S31500000BE000000000000000000000000000000000FF
S31500000BF000000000000000000000000000000000EF
S31500000C0000000000000000000000000000000000DE
S31500000C1000000000000000000000000000000000CE
S31500000C2000000000000000000000000000000000BE
S31500000C3000000000000000000000000000000000AE
S31500000C40000000000000000000000000000000009E
S31500000C50000000000000000000000000000000008E
S31500000C60000000000000000000000000000000007E
S31500000C70000000000000000000000000000000006E
S31500000C80000000000000000000000000000000005E
S31500000C90000000000000000000000000000000004E
S31500000CA0000000000000000000000000000000003E
S31500000CB0000000000000000000000000000000002E
S31500000CC0000000000000000000000000000000001E
S31500000CD0000000000000000000000000000000000E
S31500000CE000000000000000000000000000000000FE
S31500000CF000000000000000000000000000000000EE
S31500000D0000000000000000000000000000000000DD
S31500000D1000000000000000000000000000000000CD
S31500000D2000000000000000000000000000000000BD
S31500000D3000000000000000000000000000000000AD
S31500000D40000000000000000000000000000000009D
S31500000D50000000000000000000000000000000008D
S31500000D60000000000000000000000000000000007D
S31500000D70000000000000000000000000000000006D
S31500000D80000000000000000000000000000000005D
S31500000D90000000000000000000000000000000004D
S31500000DA0000000000000000000000000000000003D
S31500000DB0000000000000000000000000000000002D
S31500000DC0000000000000000000000000000000001D
S31500000DD0000000000000000000000000000000000D
S31500000DE000000000000000000000000000000000FD
S31500000DF000000000000000000000000000000000ED
S31500000E0000000000000000000000000000000000DC
S31500000E1000000000000000000000000000000000CC
S31500000E2000000000000000000000000000000000BC
S31500000E3000000000000000000000000000000000AC
S31500000E40000000000000000000000000000000009C
S31500000E50000000000000000000000000000000008C
S31500000E60000000000000000000000000000000007C
S31500000E70000000000000000000000000000000006C
S31500000E80000000000000000000000000000000005C
S31500000E90000000000000000000000000000000004C
S31500000EA0000000000000000000000000000000003C
S31500000EB0000000000000000000000000000000002C
S31500000EC0000000000000000000000000000000001C
S31500000ED0000000000000000000000000000000000C
S31500000EE000000000000000000000000000000000FC
S31500000EF000000000000000000000000000000000EC
S31500000F0000000000000000000000000000000000DB
S31500000F1000000000000000000000000000000000CB
S31500000F2000000000000000000000000000000000BB
S31500000F3000000000000000000000000000000000AB
S31500000F40000000000000000000000000000000009B
S31500000F50000000000000000000000000000000008B
S31500000F60000000000000000000000000000000007B
S31500000F70000000000000000000000000000000006B
S31500000F80000000000000000000000000000000005B
S31500000F90000000000000000000000000000000004B
S31500000FA0000000000000000000000000000000003B
S31500000FB0000000000000000000000000000000002B
S31500000FC0000000000000000000000000000000001B
S31500000FD0000000000000000000000000000000000B
S31500000FE000000000000000000000000000000000FB
S31500000FF000000000000000000000000000000000EB
S3150000100020710100812120089527200895272008B6
S31500001010952720089527200895272008000000001E
S315000010200000000000000000000000005147000022
S315000010309527200800000000E1470000AB2F0000C4
S31500001040952720089527200895272008952720080A
S3150000105095272008952720089527200895272008FA
S315000010609527200895272008011100002D4F2008FC
S31500001070E130200895272008952720089527200885
S31500001080D92E200895272008B98C20085D8D2008C8
S3150000109095272008518C2008551700009527200811
S315000010A09527200895272008C17420089527200831
S315000010B095272008952720082071010095272008EC
S315000010C0812120085910000095272008952720081F
S315000010D09527200895272008C9302008D5302008F4
S315000010E01D1D000095272008952720089B58539220
S315000010F0CD2E20089527200895272008C12E2008E8
S315000011009527200895272008218C2008398C20084F
S31500001110618B2008798B2008918B2008A98B2008E9
S31500001120C18B2008D98B2008F18B2008098C200858
S315000011309527200895272008952720089527200819
S315000011409527200895272008952720089527200809
S3150000115095272008952720089527200895272008F9
S315000011609527200895272008250C00000000000080
S315000011700000000000000000000000000000000069
S3150000118010B500F009FB084C00F018FB074BA168EE
S315000011904FF4B672184609F003FCA06000F0CEFBCF
S315000011A0BDE8104000F0FAB800ED00E000040000D1
S315000011B00348044B834202D0034B03B118477047E0
S315000011C08052000080520000000000000548064BD7
S315000011D01B1AD90F01EBA301491002D0034B03B12F
S315000011E0184770478052000080520000000000003F
S315000011F010B5064C237843B9FFF7DAFF044B13B159
S315000012000448AFF300800123237010BD8052000014
S31500001210000000006CE1200808B5054B1BB105492C
S315000012200548AFF30080BDE80840FFF7CFBF00BF19
S3150000123000000000845200006CE1200810B5084C44
S3150000124023684FF0FF3118690BF0EAF9054809F0F9
S3150000125001FA2368BDE8104018690BF0E9B900BF30
S31500001260E83D0100C0D6200838B5164C23684FF07B
S31500001270FF31054618690BF0D3F9134809F0EAF96E
S31500001280236818690BF0D4F945F21A01284606F0CE
S3150000129077FE236805464FF0FF3118695DB10BF004
S315000012A0BFF90A48294609F06DF923681869BDE8AF
S315000012B038400BF0BDB90BF0B3F9054845F21A01F9
S315000012C0F1E700BFE83D0100CFD62008EBD62008A5
S315000012D007D7200830B589B000231846CDE9053375
S315000012E0CDE90333CDE90133194A1A49009306F0D3
S315000012F023FF1948194C07F06FFC054680B1236897
S315000013004FF0FF3118690BF08BF91548294609F0A3
S3150000131039F92368186909B0BDE830400BF088B97F
S3150000132006F000FE236805464FF0FF31186925B127
S315000013300BF076F90B482946E9E70BF071F90A48F4
S3150000134009F088F9236818690BF072F9FEE700BF07
S31500001350692220083D2220081BD72008E83D01000D
S3150000136025D720083DD7200858D7200810B5094CA6
S3150000137023684FF0FF3118690BF052F9064809F05F
S3150000138069F9236818690BF053F9BDE81040FFF7B7
S31500001390A1BF00BFE83D010073D7200808B500F0E3
S315000013A062F8FFF7E3FF00F06BF8002008BD08B510
S315000013B000F016FA00F078FD04F068FA06F054FD25
S315000013C000F060F800F03EFBBDE808400BF03CB9C9
S315000013D00BF02AB97047000008B504F0E3FB054896
S315000013E004F0FCFB044804F011FCBDE808400BF0D7
S315000013F023B900BF9C520000840500007047704767
S315000014000120704708B5FFF7FBFF831E584258417D
S3150000141008BD05F043B8EFF3108072B6704710B9F7
S3150000142062B6BFF36F8F7047EFF311800C2383F31F
S315000014301188704780F31188BFF36F8F704703469A
S3150000144038B10020814204D01A5C02B970470130DD
S31500001450F8E770474FF0FF31FFF7F1BF08B50BF023
S3150000146007F9002008BD08B5FFF7A1FFFFF7B2FF97
S31500001470FFF7B2FFFFF7C2FFBDE80840FFF7BFBFA7
S31500001480FFF7A6BF70B5134C134D23685E6C00239F
S31500001490194628460222B04723681E6800231946CB
S315000014A002222846B04723680C4DD3F8C0300520E9
S315000014B0984723685E6C0023194628460A22B047DF
S315000014C023681C6800232846A4460A22BDE870400B
S315000014D0194660470001300000C00424000013468E
S315000014E00FB404B07047000050B1064B06491B8884
S315000014F0D1F89C2422F4FC521343C1F89C34704763
S31500001500024BF3E7FC2D010000A00524FE2D01008F
S3150000151030B5114B93F85830013BDBB2FD2B8FB041
S3150000152018D80E4D0FCD6C460FC40FCD0FC40FCD7E
S315000015300FC495E8030084E80300094C6846D4F814
S3150000154044370BF013FE05F031F8D4F84437002089
S315000015500FB030BD0120FBE700021F0858021F082C
S3150000156000800524134B0168D3F84437F0B50127F2
S31500001570013900D2F0BDD0F808C04668CCF38455D6
S31500001580C5EBDC62346801320023013A0CD203FA5F
S3150000159005F203EA0C03C3F3150324EA0202AB4087
S315000015A0134333600830E3E707FA02FE43EA0E030B
S315000015B0EBE700BF0080052408B51848FFF7D2FF07
S315000015C01748FFF7CFFF05F01BFB05F045FB05F0BD
S315000015D04FFB05F061FB05F06BFB1248FFF7C2FFFE
S315000015E01148FFF7BFFF1148FFF7BCFF1048FFF790
S315000015F0B9FF1048FFF7B6FF0F48FFF7B3FF0F48D4
S31500001600FFF7B0FF0E48FFF7ADFF0E48FFF7AAFF42
S31500001610BDE808400C48FFF7A5BF00BF2C520000EC
S3150000162090510000CC4D0000984E00008C4E0000FA
S31500001630AC4E00006C4D0000604D0000544D0000A3
S31500001640A84D0000F04D0000E44D000010B5254CFB
S31500001650FFF7B2FF94F8040600F00100FFF758FF09
S315000016604FF4C023C4F86C34D4F840311E4843F418
S315000016700023C4F84031D4F8403143F00103C4F8E4
S315000016804031D4F8403143F00203C4F84031FFF74B
S3150000169069FF16491648D1F8103543F00203C1F820
S315000016A01035636923F400336361636943F480335F
S315000016B06361D0F84027D0F87837C2F34342023A44
S315000016C023F4F07343EA4213C0F87837D1F8943420
S315000016D043F40023C1F89434236943F4601323616F
S315000016E010BD00BF00800424B84F000000A00524F0
S315000016F00080052408B550B10748FFF733FF0748B7
S31500001700FFF730FF0648BDE80840FFF72BBF054846
S31500001710FFF728FF0448F6E700500000A850000035
S315000017209C500000745000002050000010B51C2290
S315000017300021044609F07EF8074B084A0849C4E927
S31500001740002344F2020363812A23A373054BC4E9F1
S315000017500413054BA36110BD317A0300A872EB2870
S31500001760D8007800C70020000100050010B58AB037
S3150000177003A8FFF7DBFF064B01225B6A00925C6B56
S3150000178000231A4603A94FF09050A0470AB010BD97
S3150000179000013000FEE7FEE7054B064A06498B428C
S315000017A000D3704752F8040B43F8040BF7E700BF69
S315000017B00004000090E3200880520000064B074812
S315000017C0DA1C121AC11E22F00302994288BF0022B7
S315000017D0002109F02FB800BF20410100805200000F
S315000017E038B5374B374A1A60374B384A93F80636BE
S315000017F0374C03F00F030F2B15BF364B4FF000632A
S31500001800D3F89312D3F837140CBF11601160324A23
S315000018100CBFD3F83634D3F89232136005F046F88D
S3150000182005F046F82D4BDB694FF08061D3F8803028
S315000018304FF08C409847E369022060F30E33E36172
S31500001840274BDA696FF30202DA6105F0ABF81E4B3B
S315000018501A6A042161F302021A621A6A1207FCD597
S31500001860A369022262F38403A361A3691B04FCD566
S315000018701C4B1D4D5A6E6FF341025A665A6E6FF33A
S3150000188000025A660AF014FF184B19480D4A1861EF
S315000018904FF4FA44D86117485C6200211C624FF489
S315000018A00044C3E90022C3E90B05C3E90F2299608E
S315000018B05961DA609C625A635864996138BD00BF09
S315000018C0782F0100005A6202008004241C2F0100B8
S315000018D00081042400001F08182F010000013000B9
S315000018E00086042400840424002D3101282F0100E1
S315000018F000B4C4040048E8014FF0E02384B0D3F8F4
S31500001900402F0192D3F8442F02920199094A91423D
S315000019100DD10299084A914209D1D3F8882D039234
S31500001920039A42F470020392039AC3F8882D04B016
S31500001930704700BF210011101100001113B50023DC
S31500001940009301932F4BD3F810250092009A009232
S315000019502D4A116821F00F01116011681160D3F84A
S315000019609C1421F46071C3F89C14D3F804170191F8
S315000019700199C3F80415D3F8001701910199C3F82A
S315000019800015D3F8101541F01C01C3F81015D2F854
S31500001990024014F48074FAD11C48436943F480333E
S315000019A04361436964F351434361FFF7A5FF184B55
S315000019B04FF080725A60174BC0F84031164B5A6888
S315000019C064F3C3025A60036A0E4A43F48033036227
S315000019D0036A43F400330362D2F8943443F40023D9
S315000019E0C2F89434036943F4601303610B4B1A681D
S315000019F042F400221A601A6842F480221A6002B089
S31500001A0010BD00BF00A005240000052400800424AA
S31500001A1000003041030008000081042400840424EF
S31500001A2020F04040012802D0022805D07047034A22
S31500001A301368013313607047014AF9E7802F0100EC
S31500001A407C2F010010B5124CE3689847A368114833
S31500001A509847236902209847A46A01211520A047C8
S31500001A6001211620A0474FF4E1310120A0470A4C7E
S31500001A70206810B90AF0F0FD2060084B4FF4805240
S31500001A80C3F88020BFF34F8FBFF36F8F10BD00BF29
S31500001A908CD82008212A2008842F010000E100E0CC
S31500001AA013B5094C00238DF804302360074B012140
S31500001AB09B6901A8984723681BB19DF8040002B0F2
S31500001AC010BD00F013FBF6E77C2F01008CD8200830
S31500001AD013B5094C8DF8070000232360074B01213D
S31500001AE05B690DF10700984723680BB102B010BD82
S31500001AF000F0FCFAF8E700BF802F01008CD8200820
S31500001B0003681B780022202B04D0093B042B01D943
S31500001B10D0B270470368591C01605B780132F2E766
S31500001B200120704708B507F0EDF8162303604FF063
S31500001B30FF3008BD08B507F0E5F816230360FEE799
S31500001B4070B50D4614460AF0A3FD022805D10C4BCC
S31500001B504FF0FF3118680AF063FD2E46731BA3424F
S31500001B6009DB0AF095FD022803D1054B18680AF037
S31500001B705FFD204670BD16F8010BFFF7A9FFEDE7E4
S31500001B80842F01004FF0FF3070474FF400534B6035
S31500001B900020704701207047002070470FB42DE9E0
S31500001BA0F0438BB012AB002453F8046B01938DF80D
S31500001BB01040FFF775FF0D288DF81000F7D00A28A2
S31500001BC0F5D0002425460134142C2ED0FFF768FFEB
S31500001BD004F128036B440D2803F8180C01D00A28D9
S31500001BE0F0D105F128030DEB0305002305F8163C9B
S31500001BF004AB03939DF81030019F0296002B00F072
S31500001C004E810025029B1B78002B3BD0DDF80C9003
S31500001C1099F80060002E35D002A8FFF771FF044640
S31500001C2038B103A8FFF76CFFECE700238DF82430EA
S31500001C30DEE7029A1346517813F8010B0293252822
S31500001C4001D1252907D18E421CD109F101030232A7
S31500001C5003930292D6E726462046A0461A7806F057
S31500001C607C01002A67D100B10293002967D109E0FF
S31500001C70692A51D01ED8632A53D011D8392A07D8D9
S31500001C802F2A35D8E8B20BB0BDE8F04304B0704750
S31500001C90582AF7D146F0200601334FF0100833E0FA
S31500001CA0642AEFD146F4005646F0200601334FF081
S31500001CB00A0829E06F3AD1B20929E3D8092AE1D8FE
S31500001CC001A151F822F000BF0D2D2008852C200817
S31500001CD0852C2008852C2008312D2008852C2008ED
S31500001CE0A92C2008852C2008852C2008952C200856
S31500001CF0002CC7D10A211A78303A01FB042413F8C4
S31500001D00012F303A092AF6D90120A7E746F0200626
S31500001D1001334FF00808F7E746F0200601338846FE
S31500001D20F2E7012C46F0040638BF01240133EBE745
S31500001D3046F00806FAE700299AD000B10293002C73
S31500001D4008BF632408291BD0202940D0042999D133
S31500001D5057F8042B4946144400200E780B460131EF
S31500001D600EB938B94EE702F8016B94424FF0010004
S31500001D70F3D10B46994503933FF444AF013541E750
S31500001D8003A8FFF7BDFEDDF80CC057F8042B664626
S31500001D9014440021307810F0DF0F334606F10106B7
S31500001DA001D161B92EE7A0F1090EBEF1040FF8D9F1
S31500001DB002F8010BA2424FF00101EBD133469C45DC
S31500001DC003933FF41FAF374B00221A70D6E703A8E0
S31500001DD0FFF796FE039BB8F1000F10D0B8F1100F75
S31500001DE017D11A78302A14D15A7802F0DF02582A0D
S31500001DF00FD102330393023C4FF0100809E01A7822
S31500001E00302A16D15A7802F0DF02582AF1D04FF064
S31500001E100808039B1A782B2A0ED02D2A0FD10133DE
S31500001E200393013C4FF0FF31039A0020144484468B
S31500001E3014E04FF00A08ECE701330393013C01215B
S31500001E40F2E7A9F14103052B02D910B3039220E072
S31500001E50A9F1370315E00CFB083C012092F800902D
S31500001E609646B9F1000FF0D0A242EED0A9F13003A8
S31500001E70DBB2092B06D9A9F16103052BE1D8A9F13B
S31500001E805703DBB2984502F10102E4D808B1CDF858
S31500001E900CE057F8043B0CFB01F119606EE74FF0BC
S31500001EA0FF35EFE6882F0100044802231421C218EB
S31500001EB001334B2B82F80013F9D1704700E100E0A3
S31500001EC0014802F0EBB800BF3CD82008014802F0F8
S31500001ED0E5B800BFECD72008014802F0DFB800BF24
S31500001EE09CD72008064B1868002382B262F30F03C2
S31500001EF0000C60F31F4382B0184602B0704700BF63
S31500001F0000D92008014B1868704700BFB4050000CF
S31500001F10014803F01FBB00BFB4050000014903F0F0
S31500001F20D7BA00BFB4050000014803F0AFBA00BF3E
S31500001F30B405000037B504460B200D4600F04CF9F9
S31500001F40064B1B680193064B00930246054B294638
S31500001F50204602F011FE03B030BD00BFFC33010085
S31500001F609C050000B4050000014802F001BE00BF58
S31500001F70B4050000014802F0F8BD00BFB40500003A
S31500001F807FB5104BD3E90354B2F5806F2E883ABF64
S31500001F9002F1FF33C3F3090340F2FF3363F30D1677
S31500001FA02E80258863F30D15074B25801B68029349
S31500001FB0064B0193064B0093024B02F09DFD04B0C5
S31500001FC070BD00BFB4050000FC33010014300100F1
S31500001FD09C0500000D4B1A69B1F5806F13B538BF2B
S31500001FE001F1FF33148834BFC3F3090340F2FF3312
S31500001FF063F30D14064B14801B680193054B009385
S31500002000024A054B02F0DAFC02B010BDB40500002E
S31500002010FC330100143001009C0500000D4BDA680A
S31500002020B1F5806F13B538BF01F1FF33148834BFA3
S31500002030C3F3090340F2FF3363F30D14064B148018
S315000020401B680193054B0093024A054B02F008FCFE
S3150000205002B010BDB4050000FC33010014300100CD
S315000020609C050000024B034A1B68034902F050BB63
S31500002070FC3301009C050000B4050000034B044935
S3150000208004484FF400129A6402F0F2BA0084042461
S315000020909C050000B405000007B5064B0193064BEE
S315000020A00093064A064B074902F052FA03B05DF860
S315000020B004FB00BF84330100FC3301009C050000D3
S315000020C0001C0624B4050000014802F019B900BF3F
S315000020D03C060000014802F013B900BFF8050000F5
S315000020E0014802F00DB900BFB4050000FFF7F8BFC4
S315000020F0354BDFED366AD3F8102242F04002C3F8C2
S31500002100102207EE900AD3F81022F4EEE67A42F097
S315000021101002F1EE10FA07EE101A82B0C3F8102280
S3150000212006DCF0EE086AB4EEE67AF1EE10FA08D5AF
S31500002130D3F8102242F02002C3F81022002002B089
S3150000214070479FED237AF4EEC77AF1EE10FA10D5B8
S31500002150D3F810226FF30302C3F81022D3F810222B
S315000021606FF38612C3F81022D3F810226FF304120D
S31500002170E2E777EEC77ADFED176A134A87EEA67AAB
S31500002180F7EE007A77EE277AFCEEE77ACDED017A64
S315000021909DF80430F6EE007A77EE277A07EE103ACD
S315000021A0B8EE477AB4EEE77AF1EE10FAC2BFFCEE6B
S315000021B0E77ACDED017A9DF80430D2F8101263F378
S315000021C00301C2F81012B9E7003804243333334050
S315000021D0CDCCCC3F0AD7A33DD0B50E2800F27C82E9
S315000021E0DFE810F00F005A009500D00004010F013F
S315000021F04101710181019001B701DC010702320240
S3150000220054024FF08C43DB6903F00703042B41D8DB
S31500002210DFE803F0033A34373D00844B9A6C013A09
S31500002220052A37D8DFE802F0032224222628586C34
S315000022304FF08C43DC69DB69C4F3C30413F0005F21
S3150000224060D094B106F0C4FE064620460F4606F05E
S31500002250BFFE774B002206F07FFD02460B46304656
S31500002260394607F059F807F0C7F9D0BDD86ADFE755
S31500002270D86BDDE7186BDBE7586BD9E76B4BD86992
S31500002280D6E76A4B5869D3E7684B9868D0E7674B3F
S31500002290D868CDE70020CBE74FF08C43DB69C3F36A
S315000022A0C213042B2CD8DFE803F003251F222800D5
S315000022B05E4B9A6C013A052A22D8DFE802F0030D3C
S315000022C00F0D1113586C4FF08C43DC69DB69C4F3B6
S315000022D0832413F0804FB3E7D86AF4E7D86BF2E7AC
S315000022E0186BF0E7586BEEE7504BD869EBE74F4BAE
S315000022F05869E8E74D4B9868E5E74C4BD868E2E744
S315000023000020E0E7002CB0D0B0FBF4F0ADE74FF0D2
S315000023108C439B69C3F3C233052B31D8DFE803F046
S31500002320032124272A2D414B9A6C013A052A27D8E6
S31500002330DFE802F0030F110F1315586C4FF08C43B2
S315000023409B69C3F3C32213F4F04F8ED0B0FBF2F0B7
S315000023508BE7D86AF2E7D86BF0E7186BEEE7586BB5
S31500002360ECE7324B9868E9E7304B1869E6E72F4B04
S315000023705869E3E72D4BD869E0E72C4BD868DDE7D1
S315000023800020DBE74FF08C439B6AC3F34243032BE9
S315000023902AD8DFE803F002202326244B9A6C013A60
S315000023A0052A21D8DFE802F0030F110F1315586C28
S315000023B04FF08C439A6AC2F3055312F07C7F3FF4C8
S315000023C054AF5B004CE0D86AF2E7D86BF0E7186BC5
S315000023D0EEE7586BECE7154B5869E9E7134B98683D
S315000023E0E6E7124BD868E3E70020E1E74FF08C42BE
S315000023F0936903F00703032B25D8DFE803F0081BD6
S315000024001E214FF08C42D36FC3F34223F3E7074BF1
S31500002410D86A91699369D2698C05C3F3C503C2F37F
S31500002420007212D5B2B9DBB91FE700BF282F010031
S315000024300000E03F824BD869EBE7814B5869E8E73B
S315000024407F4B9868E5E70020E3E71AB9002BB8D17F
S3150000245040080AE7D9077FF508AF022B7FF605AFDC
S31500002460B0FBF3F001E74FF08C439B69C3F30263C3
S31500002470042B00F23181DFE813F0DF0005001D00B8
S31500002480200023006E4B9A6C013A052A00F2248143
S31500002490DFE812F0060008000B0008000D00F70048
S315000024A0586CE2E6664BD86ADFE6D86BDDE6644B2D
S315000024B0186BDAE6624B9868D7E6614BD869D4E6C2
S315000024C05F4B5869D1E64FF08C42936913F4802F25
S315000024D05B4B0CBF58699868936992691202C3F303
S315000024E0C343B3D59FE74FF08C439A6A12F4806FCB
S315000024F0534A0CBF9069D0689A6AC2F3C52312F496
S31500002500FC3F5CE74F4A93691B0F062B1FD8DFE899
S3150000251003F0040C0F1215181B00494B58689369F9
S31500002520C3F3464213F47E0F0FE7454B186AF6E7EE
S31500002530434B586AF3E7424B986AF0E7404BD86A38
S31500002540EDE73F4B186BEAE73D4BD868E7E700201D
S31500002550E5E73C4AD369C3F34303052B1CD8DFE800
S3150000256003F0030C0F121518354B5868D369C3F3E3
S315000025704713002B7FF425AF77E6314B186AF5E752
S315000025802F4B586AF2E72E4B986AEFE72C4BD86A26
S31500002590ECE72B4B186BE9E70020E7E7294A136ABB
S315000025A0C3F34303072B22D8DFE803F0040C0F1212
S315000025B015181B1E224B5868136AC3F3421213F0F8
S315000025C0E00FC2E61E4B186AF6E71D4B586AF3E7A2
S315000025D01B4B986AF0E71A4BD86AEDE7184B186B55
S315000025E0EAE7174BD868E7E7154B586BE4E7002096
S315000025F0E2E7144B1B6BC3F34303062B6CD801A213
S3150000260052F823F021362008273620082D362008D8
S3150000261033362008A5342008AF3420083936200880
S31500002620074B586821E6064B186A1EE6044B586AA3
S315000026301BE6034B986A18E6014BD86815E600BFFF
S31500002640282F010000140424244B5B6BC3F34303BF
S31500002650082B41D801A252F823F000BF21362008EA
S31500002660273620082D36200833362008A5342008C2
S31500002670AF342008393620088136200887362008EE
S31500002680174B586BF1E5164B9869EEE5134AD36A7A
S31500002690C3F34303062B1DD8DFE803F0040A0D102D
S315000026A0131619000E4B5868D36AC3F34713BAE6DC
S315000026B00B4B186AF8E70A4B586AF5E7084B986A15
S315000026C0F2E7074BD86AEFE7054B186BECE7044BCC
S315000026D0D868E9E70020E7E70020C6E500140424EF
S315000026E0282F0100024B1B68D3F8BC30184700BFE7
S315000026F000013000024B1B68D3F8CC30184700BFEE
S3150000270000013000024B1B68D3F8EC30184700BFBD
S3150000271000013000024B01219B69C0B2184700BF7F
S31500002720B0340100FFF7F6BF1346054A126810B42D
S31500002730546C0A46A44600215DF8044B604700BF6E
S315000027400001300010B54FF4006004F0EBF8094CBE
S31500002750094B4FF000725A6422782AB9074B084891
S315000027601B6A01219B6A9847237843F00103237073
S3150000277010BD00BF003801000084042400013000B1
S3150000278000140424104B114A1B7F82B0012BADF8B4
S3150000279004000F4BC0B24FF400610DD9116020B98F
S315000027A0D3F808220A43C3F808225A68002042F0E8
S315000027B001025A6002B0704711600028F5D1D3F8C3
S315000027C0082242F40062EEE7B034010000E100E0C6
S315000027D0003804242DE9F04F224B234893F81CE0DF
S315000027E0224B1A7800231C4602F59875D9B28E45FD
S315000027F00CD8DFF880800023A8F5107902F5907CCC
S31500002800DAB2964509D80020BDE8F08F30F81510E9
S315000028108C4238BF0C460133E8E743B929F81C302F
S315000028200133EDE7B5F820B0594489B20AE0002734
S315000028301FFA83FABEB2B442F2D900220C4D1046FA
S3150000284035F8021FA14203D2B142EBD1013292B256
S31500002850013080B25045F3D30137002AEAD128F877
S315000028601360DDE7B0340100D0340100AC34010060
S315000028700E37010010370100012800D17047C30749
S3150000288001D44008F8E70020704703460120834240
S3150000289008DC00EBD072A3EB6203B3EBA00FB8BF6A
S315000028A0400870474000F2E707EE100ADFED087AAD
S315000028B0084837EE277AF7EE006AC6EE877AFCEE0E
S315000028C0E77A17EE903A834228BF034618467047C8
S315000028D095BFD633404B4C0084B0F0B506AC84E8C7
S315000028E00E00DFED957A002123AC0DF16B050A464B
S315000028F00B46CEB2B04200F2AF80002B00F0A380B0
S31500002900B0EE007AF4EEC77AF1EE10FAB0EE047A81
S3150000291005DBF4EEC77AF1EE10FA00F1DF80F4EE93
S31500002920C77AF1EE10FAB0EE087A05DBF4EEC77A54
S31500002930F1EE10FA00F1D880F4EEC77AF1EE10FA53
S31500002940B1EE007A05DBF4EEC77AF1EE10FA00F18B
S31500002950CE80F4EEC77AF1EE10FAB1EE047A05DB1A
S31500002960F4EEC77AF1EE10FA00F1C480F4EEC77AFD
S31500002970F1EE10FA07DBB1EE087AF4EEC77AF1EE63
S3150000298010FA00F1BA80B1EE0C7AF4EEC77AF1EEE5
S3150000299010FAB2EE007A05DBF4EEC77AF1EE10FA21
S315000029A000F1AE80F4EEC77AF1EE10FAB2EE027ADA
S315000029B005DBF4EEC77AF1EE10FA00F1A480F4EE2E
S315000029C0C77AF1EE10FA06DBB2EE047AF4EEC77AB5
S315000029D0F1EE10FA6FD4B2EE087AF4EEC77AF1EEA1
S315000029E010FA06DBB2EE0C7AF4EEC77AF1EE10FAC4
S315000029F06ED4B3EE017AF4EEC77AF1EE10FA06DB86
S31500002A00B3EE027AF4EEC77AF1EE10FA63D4B3EEBF
S31500002A10097AF4EEC77AF1EE10FA06DBB3EE0A7A1B
S31500002A20F4EEC77AF1EE10FA70D9B3EE0B7AF4EE43
S31500002A30C77AF1EE10FA06DB9FED407AF4EEC77A1C
S31500002A40F1EE10FA74D9DFED3E7A9FED3E7A002A58
S31500002A5018BFF0EE477A65E015F8016FA6F1140C81
S31500002A60BCF1020F2F7C0FD894ED007AB4EEE77A12
S31500002A70F1EE10FA03DD0133DBB2F0EE477A0D2FEB
S31500002A8016D00131043434E7A7F10A0CBCF1020F69
S31500002A900CD894ED007AB4EEE77AF1EE10FA03DD85
S31500002AA00133DBB2F0EE477A182EE9E7182EE6D1AD
S31500002AB00132D2B2E5E7DFED247A9AB39FED217AAF
S31500002AC0F4EEC77AF1EE10FA23D5F0EE477A29E054
S31500002AD0DFED1E7AF1E7DFED1E7AEEE7DFED1D7A18
S31500002AE0BAB1DFED187A1DE0DFED1B7AF8E7DFED0E
S31500002AF01B7AF5E7DFED1A7AF2E7DFED1A7AEFE7F0
S31500002B00DFED197AECE7DFED197AE9E7DFED187A00
S31500002B1042B19FED0B7AF4EE477AF1EE10FA48BF18
S31500002B20F0EE477ABDE8F04017EE900A04B0704721
S31500002B30DFED107AECE700BF0000000000004C4219
S31500002B4095BFD6338BE16A36ACC5A735EFE60836B6
S31500002B509F9D42362E5A823301A90C3437F85934D8
S31500002B602439EC3434580F35AD186335883E8A3530
S31500002B70B1B49D36F2DD1C3770B50D4616460446D7
S31500002B80D0B9FFF7BFFDAA4807222146FFF7CCFDC3
S31500002B90002D40F0AA81012E00F09F810B2C1DD044
S31500002BA00C2C40F0F5800520FFF7ACFDA04807226D
S31500002BB00521FFF7B9FD98E0012818D10220FFF79B
S31500002BC0A1FD9B4807220221FFF7AEFD002D76D11D
S31500002BD0012E00F082810B2C40F0DA800320FFF7F3
S31500002BE091FD072203219248FFF79EFD96E00228F9
S31500002BF00ED10420FFF786FD072204218C48FFF73B
S31500002C0093FD002D00F06681012D40F0778155E19E
S31500002C10032805D10620FFF775FD07220621EDE7FB
S31500002C20042805D10820FFF76DFD07220821E5E7F6
S31500002C30052805D10A20FFF765FD07220A21DDE7F1
S31500002C4006280CD17B4B20225A601920FFF752FD33
S31500002C501920FFF747FD78480E221921B4E7072807
S31500002C601ED1744B20225A601B20FFF743FD1B2008
S31500002C70FFF738FD0E221B216F48FFF755FD002D8B
S31500002C8000F02881012D40F0D980012E00F0198135
S31500002C900C2C21D10520FFF735FD07220521A2E7DF
S31500002CA0082840F0FD80634B20225A601D20FFF764
S31500002CB021FD1D20FFF716FD0E221D21DCE70B2C42
S31500002CC01ED0012D40F01A81012E00F0FA800C2C46
S31500002CD0E0D00D2C00F0C1800E2C50D00F2C6FD000
S31500002CE0102C75D12EE0022D40D0032D52D1012E8D
S31500002CF059D00E2C70D00F2C62D0102C30D121E080
S31500002D000320FFF7FFFC4A4807220321FFF70CFDCB
S31500002D10022D2BD0032D03D1012E44D0002070BDEF
S31500002D20042D00F0A480052DDAD1012E40F0A380F9
S31500002D300720FFF7E7FC07223D481146FFF7F4FCA2
S31500002D40102C5ED13B4B20225A601A20FFF7D2FC92
S31500002D501A20FFF7C7FC38480E221A21FFF7E4FCB9
S31500002D60112C50D0072D5CD1012E88E0012ED5D133
S31500002D7069E0012E67D00D2C0FD00E2CBBD1092097
S31500002D80FFF7C0FC2A4807220921FFF7CDFCCAE756
S31500002D900D2C62D00E2C68D1F1E70B20FFF7B2FCA8
S31500002DA007220B211FE70B20FFF7ACFC2048072268
S31500002DB00B21FFF7B9FC8FE70E2CE0D00F2CB2D118
S31500002DC00720FFF79FFC072219481146FFF7ACFCC6
S31500002DD0062DC5D1012E4FE00920FFF793FC0722EF
S31500002DE0092100E70920FFF78DFC11480722092178
S31500002DF0FFF79AFC7FE70720FFF784FC07221146BE
S31500002E00F1E6112C0DD10B4B20225A601C20FFF746
S31500002E1071FC1C20FFF766FC07480E221C21FFF7F9
S31500002E2083FC122C2FD0082D7FF478AF012E28E0DA
S31500002E3000C004240000304100001346022D7FF438
S31500002E4054AF012E99D10520FFF75CFC2E480722CE
S31500002E500521FFF769FC0D2CAED10B20FFF752FCC4
S31500002E60294807220B21FFF75FFC042DA6D1012E6E
S31500002E70B8D00F2CBFD0102C3FF464AF112CC2D0A9
S31500002E80122C7FF44BAF214B20225A601E20FFF7F5
S31500002E9031FC1E20FFF726FC1D480E221E21A3E64C
S31500002EA00A287FF475AE0120FFF72CFC164807228E
S31500002EB00121FFF739FC012D7FF415AF012E7FF4B8
S31500002EC02DAF0320FFF71EFC0F4807220321FFF753
S31500002ED02BFC65E6012E7FF421AF0120FFF712FCE3
S31500002EE0094807220121FFF71FFC0B2C3FF408AF0E
S31500002EF0012D3FF4E9AE0C2C3FF455AE022D3FF404
S31500002F0038AF0D2CA9D0F0E600C0042400003041F3
S31500002F10000013462DE9F0410F29BDF81850BDF801
S31500002F201C609DF820809DF824E055D845EA0604EB
S31500002F30B4F5806F50D22B4C01F1100701F1400C13
S31500002F4044F8273001F150079A4244F8212024F82A
S31500002F501C5024F8176041D0B8F1000F17D001F1CA
S31500002F60300802EB4502C0F8D42144F8282045EA8F
S31500002F70C12242F40048C0F8D881D0F8D881C0F800
S31500002F80D821D0F8D82144F82C8044F82720BEF167
S31500002F90000F02D10020BDE8F08101F1600205EBCF
S31500002FA046052B44C0F8D43144F82230CB0203F551
S31500002FB08063334343F40042C0F8D82101F1700224
S31500002FC0D0F8D85144F822508031C0F8D831D0F822
S31500002FD0D83144F82130DDE70120DCE742F2021067
S31500002FE0D9E700BFD03401000F2910B528D892B117
S31500002FF0144A01F1300452F82440C0F8D44101F1DA
S31500003000400452F82440C0F8D84101F1500452F867
S315000030102420C0F8D8218BB10A4B01F1600253F885
S315000030202220C0F8D42101F17002803153F8222009
S3150000303053F82130C0F8D821C0F8D831002010BD8F
S315000030400120FCE7D034010010B5274B27485A6809
S315000030505A6842F001025A60D3F8082242F48062AC
S31500003060C3F8082203F5B4331A68026852BBD3F8D2
S31500003070402442F46752C3F840241D4AD2F8023075
S31500003080DC05FBD41B4BD3F80427D107FBD5D3F8BB
S315000030900427D207FBD4D3F84824174C174B2168D2
S315000030A01A60930803F4F8530B43910001F07C0176
S315000030B012020B4302F47832134343F08103236078
S315000030C0012303600C4B1A680A4BC3F84424084AD0
S315000030D0D2F8023013F48073FAD1034A516863F3CD
S315000030E00001516010BD00BF00380424A034010067
S315000030F00000052400A00524A8340100A434010022
S3150000310084B070B52DED028B82B008AC84E80F0058
S31500003110444C6E9AA2610D9A43499DF8B531BDF8AB
S3150000312014012377013A8A4278D20DA901229342EB
S3150000313009D8012B6FD19DF8B43173B101280FD98D
S3150000314042F2061060E00E4651F8045F3668B5425A
S3150000315064D8002D62D00132E9E7B0F5806FEFD276
S31500003160FFF7F0FA314B32485A689FED328A6FF317
S315000031708A225A60DA686FF31842DA60DA68042144
S3150000318061F30902DA605A682B4942F480625A6098
S31500003190FEF7AEFF294B5B686360FFF755FF03F050
S315000031A0B1FD208103F0A2FD208203F0B1FDC0F342
S315000031B00D0307EE103AB8EEC77A830BC7EE086A1E
S315000031C007EE903AF8EEE77A77EEA67AC4ED037A40
S315000031D003F092FDC0F30D0307EE103AB8EEC77A7E
S315000031E0830BC7EE086A01A807EE903AF8EEE77A75
S315000031F0012377EEA67A0193C4ED057A04F08EFBDF
S31500003200003818BF0120404202B0BDEC028BBDE879
S31500003210704004B07047013B0F2B90E742F2041058
S31500003220F2E700BFB0340100A025260000380424D0
S315000032303333334000007A44CDCC4C40282F010074
S3150000324084B010B52DED028B82B006AC84E80F0079
S3150000325042499DF81820424C0A706C99A16106A952
S3150000326001EB82013F4849699DF8AD312377013969
S3150000327081426FD2012B6AD106AB03EB4202B2F850
S31500003280F4309DF8AC2122B1012B05D942F206108B
S3150000329056E0B3F5806FF9D2FFF754FA324B334854
S315000032A05A689FED338A6FF38A225A60DA686FF3A1
S315000032B01842DA60DA68042161F30902DA605A68B2
S315000032C02C4942F480625A60FEF712FFFFF7BCFEFB
S315000032D0294B5B68636003F015FD208103F006FD52
S315000032E0208203F015FDC0F30D0307EE103AB8EE89
S315000032F0C77A830BC7EE086A07EE903AF8EEE77ACC
S3150000330077EEA67AC4ED037A03F0F6FCC0F30D035C
S3150000331007EE103AB8EEC77A830BC7EE086A01A823
S3150000332007EE903AF8EEE77A012377EEA67A019354
S31500003330C4ED057A04F0F2FA003818BF01204042C5
S3150000334002B0BDEC028BBDE8104004B07047013BF3
S315000033500F2B9AE742F20410F2E700BFAC340100EB
S31500003360B0340100A025260000380424333333404E
S3150000337000007A44CDCC4C40282F01000F2902468C
S3150000338010B54FF001000CD8D2F8CC4100FA01F389
S315000033902343D2F8CC119BB263F30F01C2F8CC11D0
S315000033A0002010BD0F29024610B54FF001000DD8C0
S315000033B0D2F8CC4100FA01F343EA1443D2F8CC1117
S315000033C09BB263F31F41C2F8CC11002010BD30B58B
S315000033D00F299DF80C402CD81F2A2AD80F2B28D845
S315000033E0012C26D845686D060FD5090134B145185C
S315000033F0AC6B44EA835343F08063AB6301448B6B4D
S3150000340043EA42438B63002030BD5CB1D0F808121A
S3150000341041F40071C0F80812D0F8081263F348119D
S31500003420C0F80812D0F8083262F30403C0F8083274
S31500003430E9E70120E8E7000029B9D0F8083261F38E
S31500003440CB23C0F80832064B5B68DB0741BF4368F5
S315000034506FF300034360002058BF4FF0FF30704702
S3150000346000380424C1B2024882B002B0FFF7E4BFBC
S31500003470003804240F2915D80D4B5A68520603D478
S31500003480D3F8DC31002B0FDAD0F8DC2101238B4096
S315000034901343D0F8DC219BB263F30F02C0F8DC21A2
S315000034A000207047012070474FF40450704700BF5A
S315000034B000380424B1F5007F14D2B2F5806F11D222
S315000034C043686FF38A234360C36861F31843C3609C
S315000034D0C36862F30903C360436843F480634360CF
S315000034E000207047012070470F2925D8012A05D1F1
S315000034F0436A6FF3D753436200207047022A0BD109
S31500003500436A6FF300034362436A6FF30413436233
S31500003510436A6FF3C303EEE7084BD3F8DC31002BA5
S31500003520EADA436A0122C3F3CF138A4023EA02018F
S31500003530436A61F3D613DEE701207047003804249E
S315000035400F2903464FF0010014D81A6A00FA01F158
S3150000355089B2186AC2F30F220A4362F3172018626F
S315000035601A6AC2F30F2222EA0102196A62F31721CC
S31500003570196200207047000010B510B1012804D070
S3150000358010BDBDE81040FFF7DDB84FF4006003F052
S31500003590E3F90A4A13786FF300031370DBB2002BCA
S315000035A0EED1074B07484FF000729A64064B1B6A30
S315000035B0BDE81040DB6B0221184700BF0038010050
S315000035C000840424001404240001300013B50D4BBC
S315000035D0ADF804004FF40062C3F88020BFF34F8FAC
S315000035E0BFF36F8F01210322084604F06BFA0446ED
S315000035F028B90120FFF7C0FF204602B010BD4FF0EA
S31500003600FF30FAE700E100E04368064A61F3492328
S315000036104360D2F8403443EA4143C2F840340020C4
S31500003620704700BF00A0052484B02DE9F04F2DEDB2
S31500003630048BEDB07AAC84E80F009DF87D3362937D
S315000036404FF4C47201237DA9684669939DF87C53A3
S31500003650DFF894A307F0A4F994E80E006298FFF748
S315000036603BF908EE900AFFF71FF9DAF8048007EE37
S31500003670900A07EE108AF8EE677AB8EE477AB7EE48
S31500003680008A88EE079A88EE277AC7EE097A17EE3F
S31500003690900A05F0BFFC08F0FBFE05F0ADFFC8EE92
S315000036A0897A84B217EE900A05F0B4FC08F0F0FEB1
S315000036B005F0A2FF86B2B44208BF01347F9F08BF5F
S315000036C0A4B2002D65D1B8FBF4F3AAF80060AAF8FD
S315000036D00240DFF818A363930DF5FC7B5146AAF26E
S315000036E05E284FF00209629AEBB29A4200F2C88055
S315000036F0B74DDFF8F4B2FFF76DF82246314628469B
S31500003700FFF7D8FE01212846FFF77EFF6B68B14E12
S3150000371043F000636B606B6843F040036B606B685B
S315000037206FF341036B603323C5F8E4316B6843F0F4
S3150000373004036B60D5F8DC3143F00043C5F8DC3197
S315000037400DF2DA23659306F18103A6AF06F13E0A70
S3150000375066930DF5F47800246791629AE3B29A4273
S3150000376000F2D7809C4B6A9300229C4B6B9369A90D
S31500003770012004F00BF910B1452840F02581699924
S315000037806AAA012004F070F9003818BF01204042EF
S3150000379069E0204605F02CFCB8FBF7F78046384672
S315000037A0894605F015FC02460B464046494605F09B
S315000037B0FBFE00285ED1AAF80060AAF80240224665
S315000037C031468348FFF776FE01218148FFF71CFF4B
S315000037D07F4B5A6842F000625A605A686FF386124D
S315000037E05A606A1E012A5A684FF0000194BF42F0DF
S315000037F0020265F341025A60C3F8E4115A6842F0C6
S3150000380004025A60D3F8DC2161F3DF72C3F8DC21CD
S315000038109DF8E9219DF83C029DF84C125AB1D3F867
S31500003820084262F34924C3F80842D3F8084261F318
S315000038304814C3F80842664CD4F8083260F304030F
S31500003840C4F80832FFF798F92A4600212046FFF708
S315000038504BFEBAF80220DAF80430B3FBF2F3604A02
S315000038600020C2F880326DB0BDEC048BBDE8F04F8D
S3150000387004B07047BAB2AAF80060AAF802209FE71F
S315000038809DBB639BB3FBF7F39BB2012B8CBFA8F8E0
S315000038906032A8F86092629B012B08D04A881046D5
S315000038A0FEF7EAFF18B91046FEF7EFFF4880DFED96
S315000038B04D7A524600231FFA85FC32F8020F07EEB6
S315000038C0100AB8EE477A0133C8EE076A9BB2634521
S315000038D077EEA67AF1D9F4EEC87AF1EE10FA0DDC9D
S315000038E0013502310BF1040BFDE6DBE90032B3FBD7
S315000038F0F2F20B8813FB02F34B80CCE7524600230F
S3150000390032F8020F01339BB2400063451080F7D9AD
S31500003910E6E798F8549098F86430649318F8013FF5
S31500003920639300934A462146649B2846FFF74FFD62
S3150000393036F8021F328C012A08D0A30003F1105377
S3150000394003F58723A3F83811C3F8782121462846C2
S31500003950FFF790FDDDE963214846FFF70DF92146A3
S315000039602846FFF71FFD659B33F8029F6593679B0B
S31500003970CDE90099CDE902332146D7F8A4307A6E15
S315000039802846FFF7C7FA21462846FFF7F7FC00222C
S3150000399021462846FFF7A8FDBBF80220DBF80430D5
S315000039A0B3FBF2F3328CB3FBF2F34AF8043F57F859
S315000039B0043FA6F8D090CAF85030669B639A03F885
S315000039C0012F01346693C8E64FF0FF304BE700BF86
S315000039D0003804240E370100153720082537200843
S315000039E0D034010000000000B03401002E37010081
S315000039F084B02DE9F04F2DED048BEBB078AC84E864
S31500003A000F0021469DF87533DFF810A311F80C8BD3
S31500003A1062934FF4C4720123684667939DF87463FA
S31500003A208AF8008006F0BCFF94E80E006298B44D58
S31500003A30FEF752FF08EE900AFEF736FFD5F804B0FF
S31500003A4007EE900A07EE10BAF8EE677AB8EE477AF4
S31500003A50B7EE008A88EE079A88EE277AC7EE097ACB
S31500003A6017EE900A05F0D6FA08F012FD05F0C4FD2F
S31500003A70C8EE897A84B217EE900A05F0CBFA08F000
S31500003A8007FD05F0B9FD87B2BC4204BF0134A4B2FC
S31500003A90002E55D1BBFBF4F378AA649308F1040316
S31500003AA002EB830397492F806C800DF5F8796593B7
S31500003AB0629AF3B29A4200F2C180934EFEF78AFEF2
S31500003AC0224639463046FFF7F5FC01213046FFF71E
S31500003AD09BFD73688D4C43F000637360736843F01D
S31500003AE04003736073686FF3410373603323C6F852
S31500003AF0E431736843F004037360D6F8DC3143F0B5
S31500003B000043C6F8DC310027629AFBB29A4200F203
S31500003B1007817F4B689300227E4B699367A901203A
S31500003B2003F034FF10B1452840F07B81679968AAFD
S31500003B30012003F099FF003818BF0120404271E0D0
S31500003B4078AB03EB88082046D8F81430BBFBF3FBB0
S31500003B5005F04EFA80465846894605F039FA02467F
S31500003B600B464046494605F01FFD002861D12F80CF
S31500003B706C80224639466448FFF79CFC0121624866
S31500003B80FFF742FD604B5A6842F000625A605A687D
S31500003B906FF386125A60721E012A5A684FF00001AE
S31500003BA094BF42F0020266F341025A60C3F8E41180
S31500003BB05A6842F004025A60D3F8DC2161F3DF72DE
S31500003BC0C3F8DC219AF8002002F5F0726A4492F8F4
S31500003BD0540092F8641052785AB1D3F8084262F34E
S31500003BE04924C3F80842D3F8084261F34814C3F8DD
S31500003BF00842454FD7F8083260F30403C7F8083285
S31500003C00FEF7BAFF9AF80040324621463846FFF7DB
S31500003C106BFCA0346A886B68B3FBF2F33B4A42F84C
S31500003C20243000206BB0BDEC048BBDE8F04F04B02F
S31500003C3070471FFA8BF22F806A809BE708F598730E
S31500003C40DFF8C8B06393002E50D1659B649A5B6819
S31500003C50B2FBF3F39BB2639A012B98BF02232BF8B6
S31500003C601230629B012B08D04A881046FEF704FEEC
S31500003C7018B91046FEF709FE488078AB03EB4803F7
S31500003C80B0B2B3F8F430012B01BF08F598723BF8D7
S31500003C9012309B082BF81230639B3BF8133007EE6B
S31500003CA0903AF8EE677A002288EE277ADFED1A7AE4
S31500003CB001321FFA82FC844577EE877AF8D9F4EE52
S31500003CC0C87AF1EE10FA0CDD002201321FFA82FCEE
S31500003CD05B0084459BB2F8D90C4808F5987220F829
S31500003CE012300136023109F10409E1E6D9E9003260
S31500003CF0B3FBF2F20B8813FB02F34B80B1E700BF74
S31500003D00B03401002E37010000380424D0340100FD
S31500003D10153720082537200800000000AC340100C4
S31500003D209AF80010639101F5F0736B44304693F8EE
S31500003D30548093F8649093F801B0CDF800B04B46E8
S31500003D404246FFF744FB639901F5907334F813007C
S31500003D5001F5987334F81320012A08D08B0003F17B
S31500003D60105303F58723A3F83801C3F878213046AA
S31500003D70FFF780FB5A4649464046FEF7FDFE9AF895
S31500003D80008030464146FFF70DFB78AB03EB480356
S31500003D9078AAB3F8F43002EB88000122CDE90222BA
S31500003DA0CDE900334146D0F85431D0F814213046DD
S31500003DB0FFF7B0F89AF8008030464146FFF7DEFA82
S31500003DC0414600223046FFF78FFB08F1A0026988C2
S31500003DD06B68B3FBF1F308F59871013734F81110ED
S31500003DE0B3FBF1F344F8223078AA02EB480208F557
S31500003DF0C473B2F8F42024F8132078AA02EB8802E0
S31500003E0008F1B403D2F8B42044F8232008F5F07280
S31500003E1004EB08030DEB020898F8012083F8C02292
S31500003E2072E64FF0FF30FDE6D0F8E03143F00103D3
S31500003E30C0F8E031002070472DE9F341374B9A6A0C
S31500003E400192019A16020DD5426A1502C2F3C050BC
S31500003E5008D45A6A42F400025A62314B9B69042123
S31500003E60984718E0019BDC0709D52C4A136A43F0F2
S31500003E70010313622A4B05219B690020F0E7019C90
S31500003E8014F080740BD02548012100F095F8254BDD
S31500003E9002201B689847002002B0BDE8F0811F4B46
S31500003EA05A68500603D4D3F8DC31002B24DA1E4DB1
S31500003EB01A4E1B4F019BE21DD340D90717D5214649
S31500003EC03046FFF73DFB2B785FFA84F8B3FA83F2AE
S31500003ED0520941463046FFF787F8BB6913B1002106
S31500003EE0404698472B78B3FA83F35B092B7001346D
S31500003EF0102C05F10105DDD1084B5A689207CAD48A
S31500003F00D3F8DC11C90FC6D15A6842F004025A60D0
S31500003F100198034BC0B29B69A2E700BF0038042496
S31500003F20B034010004380100903401000148FFF765
S31500003F3083BF00BF00380424030548BF20F4006097
S31500003F40174B58BF40F40060D1B11A8A93ED057A39
S31500003F50821A07EE902AF8EEE77A67EE877AFDEE88
S31500003F60E77A17EE903A18B2B0F5805F11DA0028BA
S31500003F7012DDB0F5006F10DBA0F5006000B27047EF
S31500003F801A8993ED037A821A07EE902AF8EEE77AF9
S31500003F90E3E740F6FF70EFE7002000F50060EDE78D
S31500003FA0B0340100406921B11146C0F30B00FFF7A0
S31500003FB0C3BFC0F30B007047436A01291DBF43F01E
S31500003FC002034362436A43F0807318BF43F004035D
S31500003FD04362002070472DE9F04F92F806C092F830
S31500003FE002A05378D5781679577992F807E092F8B7
S31500003FF0088092F8099092F80AB0D47A127802B33F
S315000040005B0643EA4B7343EA8A5343EA495343EA5E
S31500004010085343EA4E4343EA0C4343EA4733090154
S31500004020026843EAC62301F1105143EA852301F5EC
S31500004030872142F0004243EA44230260CB63BDE895
S31500004040F08F02686CF3C712026002686AF34F329F
S315000040500260026863F313420260036865F341037A
S315000040600360036866F383030360036867F306135C
S31500004070036003686EF30A230360036868F3CB23C7
S315000040800360036869F30C33036003686BF314532E
S315000040900360036864F300030360D0E7F7B50268C2
S315000040A0136B916A0446906C019013F00E0F019801
S315000040B00BD0936B0093D36B0093136C0093009B10
S315000040C0E36A01225A71022024E00D0740F189803B
S315000040D0D80640F18680216B486800287FD0CB68DF
S315000040E00D68AB42EFD26A4D2D78012D3FD192F883
S315000040F060205D1CCD60C254236BD9681A6891425A
S315000041005ED32268D36A23F01003D362E36A0022E7
S315000041101A710120E36A1A68002A60D023685D4993
S315000041208B4200F0B08001F57F018B4200F0AD803C
S315000041305949591A4B424B415B0040EA83709047FC
S3150000414094F83430032B0BD1544B1B781B0103F12D
S31500004150105303F5982301225A605A68012AFCD1AC
S31500004160E36A1A79002A3AD000221A7137E0022D42
S315000041700BD1126E5D1CCD60C254236BD968586892
S315000041804D1CDD60120A4254B6E7042DB4D1126EFE
S315000041905D1CCD60C254236BD96858684D1CDD6028
S315000041A0130A4354236BD96858684D1CDD60130C01
S315000041B04354236BD96858684D1CDD60120EE2E744
S315000041C094F8342002F0FD02012A08D19B6833B925
S315000041D02368A5221A662268936ADF07FCD403B017
S315000041E0F0BD4E07FBD5DD07F9D5216B8D68002D97
S315000041F0F5D00B6908688342BFF465AF24480078A0
S3150000420001281ED1581C0861EB5C82F8603094F8D6
S31500004210343003F0FD03012B03D12268936AD807DB
S31500004220FCD4236B1A691B689A42D8D32368DA6ACE
S3150000423022F00102DA621B68C3F30123012BCED1FF
S3150000424064E7022809D15E1C0E61E85C02330B614B
S31500004250AB5D40EA03231366D9E70428D7D15E1C79
S315000042600E61981CEF5C086115F806C0DE1C0E6135
S31500004270285C043300040B61AB5D40EA0C20384334
S3150000428040EA0363E7E7002357E7012355E700BF4A
S31500004290093801000000024400080424083801001F
S315000042A010B4034C2468646CA4465DF8044B604764
S315000042B000013000024B1B68D3F8B830184700BF26
S315000042C000013000024B1B68D3F8C030184700BF0E
S315000042D000013000024B1B68D3F8C830184700BFF6
S315000042E000013000024B1B68D3F8E830184700BFC6
S315000042F000013000014BDB685B69184700013000A4
S31500004300F0B5436885B00024B3F1884F01940546A3
S31500004310029403940BD0774A934208D0764A93428C
S3150000432000F0D180754C181B4442444164009A68E1
S315000043300192019A02F00602062A4FEA84742CD1F1
S315000043405B690293029B990710D56A6913686BB182
S3150000435001215171202098476B6993F82820032A80
S3150000436004D193F826300BB144F01004029B5A078F
S3150000437007D56A69136823B1012111724FF40070E1
S315000043809847029B1B0740F1A0806A69136823B116
S315000043900121D1714FF480709847019B9E071DD56E
S315000043A06B691E6910201A6A6968964209D09F696E
S315000043B00138BF5C0F6002F101021A62F3D1964226
S315000043C00CD14A6822F002024A60002283F82620B5
S315000043D01B681BB144F0010420469847019B58070F
S315000043E038D56B691A68002A34D06A685169C907DA
S315000043F025D511685A69DB69D1546B69DA69D968C0
S3150000440001328A42DA611AD169684A6822F00102E9
S315000044104A6093F82820023A0021012A197164D8CB
S3150000442093F8272083F82710022A5ED0032A59D052
S31500004430012A01D144F001041B68204698476B69A4
S315000044401A683AB1D969DB68994203D044F040044E
S3150000445020469047019B1A074AD16B689B690393D4
S315000044606B78DB0608D5039BDF0705D56B6944F43B
S3150000447080641B68204698476B785E0608D5039BC8
S31500004480980705D56B6944F400641B682046984775
S31500004490AB78D90708D5039B5A0705D56B6944F451
S315000044A000541B682046984795F90130002B1FDA07
S315000044B0039B1B071CD56B691B6844F4805005B031
S315000044C0BDE8F0401847012431E7029BDF067FF57F
S315000044D064AF6A691368002B3FF45FAF01219171E5
S315000044E0802059E744F00404A6E744F00204A3E759
S315000044F005B0F0BD00010044000002450018042488
S3150000450030B504460AB3B0F5E10F1ED853688025CE
S31500004510DD608900B1FBF0F1D3F8C0006FF3050050
S31500004520C3F8C000002018605860D860DD60C1F391
S3150000453087151D60C1F3873501F03F015D60C3F843
S31500004540C010D8605369DC6230BD40F20160FBE701
S315000045502DE9F7434E69DDF8289096F8295015F0B5
S3150000456001050C46174698466ED1C6E90005357218
S3150000457086F8265086F824504B68B3F1884F02D04F
S31500004580354A934212D1354B10229A60344BA26BB6
S31500004590DB69019294F834200092D3F8A45094F881
S315000045A03C20002301214FF08C40A84762682D4B28
S315000045B09A4215D103F15F4303F5213310229A6025
S315000045C0274BA26BDB69019294F834200092D3F852
S315000045D0A45094F83C20012319464FF08C40A8477C
S315000045E06268214B9A4210D103F5D8434FF400126A
S315000045F05A641B4B228F1B6A0092DD6994F83C209B
S3150000460094F8353019480121A847E3680BB92369A6
S31500004610B3B16568B5F1884F08D00F4B9D4205D000
S31500004620104B9D4202D0104B9D4211D10C4BDB68C2
S315000046304A461D680B9B41463846A847C9F8000004
S315000046406369012283F82920002003B0BDE8F083C6
S315000046504FF0FF30F9E700BF000100440084042456
S315000046600001300000000245001804240014042450
S3150000467038B54368B3F1884F04460D4602D01F4A49
S31500004680934207D11E4BDB690021D3F8E8304FF087
S315000046908C40984762681B4B9A4207D1184BDB69DE
S315000046A00121D3F8E8304FF08C4098476268164BEA
S315000046B09A4205D1124B15481B6A0821DB6B9847B5
S315000046C0E3680BB923698BB16368B3F1884F08D0EF
S315000046D00A4A934205D00B4A934202D00A4A9342B1
S315000046E009D1074BDB6828465B6898476369002059
S315000046F083F8290038BD4FF0FF30FBE70001004486
S3150000470000013000000002450018042400140424AF
S3150000471070B50C4615461E4620B1022872D06FF0C1
S31500004720030070BD91F9080000280CDB43094749D6
S3150000473000F01F0020330122824041F82320BFF3FE
S315000047404F8FBFF36F8FE06862696368B0B192F80C
S3150000475026209AB1B3F1884F0BD03D4A934208D038
S315000047603C4A934205D03C4A934202D04FF0FF3078
S31500004770D7E7007932462946FFF7BCFDD4E90402A3
S31500004780636890B1127982B1B3F1884F08D0304A8C
S31500004790934205D02F4A934202D02F4A9342E5D145
S315000047A0007932462946FFF7A5FD63682B4AB3F127
S315000047B0884F05D026498B4202D026498B421DD10F
S315000047C01023D36094F90830002B09DB5A09012124
S315000047D003F01F03994002F160031C4A42F82310BC
S315000047E0636900225A601A7283F8262093F82920FA
S315000047F022F0020283F82920002092E74FF40013EA
S315000048009364DFE74A6992F82930D907AED513F0E9
S315000048100203F1D161684B605360137282F826304F
S315000048204FF44073138594F90830002BE4DB03F052
S315000048301F015B099B0003F1604303F561430122FD
S315000048408A40C3F880211A60D6E700BF00E100E085
S3150000485000010044000002450018042400840424DA
S315000048602DE9F04F8FB00DF11C0A06460D46904615
S3150000487000211C225046DDF864901F4605F0DAFF41
S31500004880002E00F08D80002D00F08A80D8F81420CC
S3150000489092F82930580704D44FF0FF300FB0BDE826
S315000048A0F08F92F82630002B7DD1012482F8264025
S315000048B0D8F80CE013629661D8F804301561BEF1A1
S315000048C0000F59D0B3F1884F099450D0374A93421C
S315000048D04DD0374A93424CD0364A9342DCD12246D9
S315000048E00324CDE90C4201210B91DEF80000DEF82D
S315000048F008C007919EF80410BEF800E0CEF3091E2A
S315000049006EF30D1000F0070BBBF1020F01BFBA6882
S3150000491094686BF302049460274C0EF101029542F1
S31500004920E26838BF05F1FF3ED2F808B0189ACDF814
S31500004930149038BFCEF3090E6EF30D10CDE903C205
S31500004940CDE9010A009532463846D8470130A3D052
S31500004950D8F80C00E3680079DB6839464A46984780
S31500004960E36849461B6938469847002096E71922AE
S31500004970B7E71B220224B4E7596989060ED45A68A0
S3150000498042F002025A60F0E74C1C1462715C196036
S315000049900138F4D0116AA942F6D1F0E71020F9E700
S315000049A06FF004007AE76FF0010077E7000100443A
S315000049B00000024500180424000130002DE9F04FE4
S315000049C08FB0984607AB81460F461846164600211B
S315000049D01C22DDF864A005F02DFF0346B9F1000F97
S315000049E07BD0002F79D0726992F82910490704D438
S315000049F04FF0FF300FB0BDE8F08F117901296FD06D
S31500004A0000250124546015723069D760C2F81490ED
S31500004A10D561726800285BD0B2F1884FCDE90854A1
S31500004A2051D031498A424ED030498A424DD0304920
S31500004A308A42DDD10324B0F800B0D0F800C0D0F827
S31500004A4008E0CBF3091BCDE90C456BF30D1C0121E6
S31500004A500B9107910CF007050021022D0A910179AF
S31500004A6001BFD8F80800846865F302048460214C0D
S31500004A700BF101008742E06838BF07F1FF3B85680C
S31500004A801898CDF814A038BFCBF3090B6BF30D1CA7
S31500004A90CDE903E0CDE901C300974B464046A84760
S31500004AA00130A5D03069E3680079DB68524641469B
S31500004AB0984796F8403023B9E36851461B6940464B
S31500004AC09847002096E71825B5E71A250224B2E78D
S31500004AD0536843F001035360F3E76FF0040089E77E
S31500004AE06FF0010086E700BF0001004400000245A8
S31500004AF000180424000130002DE9F3470746DDE9DC
S31500004B000AA8DDF83090084616461D461FB311B3B5
S31500004B100AB35B6993F82920520723D595F84040DC
S31500004B20F4B12A7812F0060F1CD0032283F827204E
S31500004B303146CDE9008953462A46FFF73FFF60B963
S31500004B4053462A4631463846CDE90A8902B0BDE8C1
S31500004B50F047FFF785BE6FF0040002B0BDE8F087AE
S31500004B602046FAE74FF0FF30F7E74369186A7047C7
S31500004B704369D869704700002DE9F0471C465B6918
S31500004B80924693F8292080469007DDE90867894612
S31500004B9040F15E845FFA88F5A5F11501052900F25A
S31500004BA07B81DFE811F006005A00C200DB00050138
S31500004BB03901B9F1000F4BD06368B3F1884F05D0C6
S31500004BC08F4A934202D08F4A934228D1E36958789C
S31500004BD03F280CD94038C0B2FFF784FBE3698A4806
S31500004BE05A78403A0623D2B20021FFF759FBE3690F
S31500004BF0D87808B1FFF766FBE3695878A0F1190386
S31500004C00052B01D8FFF756FBE3695878FFF762FBDF
S31500004C10E1697E488B784A780978FFF741FB62683C
S31500004C207B4B9A420AD1E3695878FFF75BFBE1694F
S31500004C3075488B784A780978FFF732FB626992F8F3
S31500004C40293043F0080382F829300020BDE8F087B8
S31500004C5022F0080283F82920F7E7B9F1000F61D0A6
S31500004C606368B3F1884F05D0654A934202D0654A1E
S31500004C7093423AD1236A58783F2816D9654B1B6868
S31500004C8040380121D3F8F030C0B29847236A5878EB
S31500004C904038C0B2FFF726FB236A5B485A78403A91
S31500004CA00623D2B20021FFF7FBFA236AD87808B1AF
S31500004CB0FFF708FB236A5878A0F11903052B01D8E2
S31500004CC0FFF7F8FA534B226A1B685078D3F8D430B2
S31500004CD001219847236A5878FFF7FCFA216A4B4866
S31500004CE08B784A780978FFF7DBFA6268484B9A4274
S31500004CF012D1484B226A1B685078D3F8F030012154
S31500004D009847236A5878FFF7EDFA216A3E488B7870
S31500004D104A780978FFF7C4FA626992F8293043F0B5
S31500004D20100390E722F0100294E7B9F1000F0DD0BE
S31500004D3093F82620002A40F08F836168CA6842F003
S31500004D404002CA60012283F826207EE76168CA68AD
S31500004D5022F04002CA6083F8269076E760684268CF
S31500004D6022F002024260D4E90352E2B9B5B10D2243
S31500004D70826093F826309BB1B0F1884F08D0204B63
S31500004D80984205D01F4B984202D0214B984207D13A
S31500004D9028793A463146FFF7ADFA01E005238360EC
S31500004DA063690022CFE70D228260002DE1D1F7E78B
S31500004DB060682569426822F0010242604DB9E368E5
S31500004DC02BB903238360636900221A713DE70B2325
S31500004DD0F8E70B2282601B79002BF4D0B0F1884FE4
S31500004DE008D0074B984205D0064B984202D0084B94
S31500004DF09842E8D128793A463146FFF77BFAE2E74E
S31500004E00000100440000024500C0042400001346CF
S31500004E1000180424000130006268E068516821F03F
S31500004E200301516098B193F8263083B1B2F1884FEF
S31500004E3008D07B4B9A4205D07A4B9A4202D07A4BE5
S31500004E409A4204D100793A463146FFF753FAD4E93B
S31500004E500402636840B9E368E3B9072362689360B4
S31500004E60636900221A716EE712799AB1B3F1884F1D
S31500004E7008D06B4A934205D06A4A934202D06A4AE6
S31500004E80934207D100793A463146FFF733FA236950
S31500004E90002BE0D00F23E1E76A1E132A00F2E0821E
S31500004EA0DFE812F05F0014007100AD00C8003001A9
S31500004EB0DE02DE02DE02DE02DE02DE02DE02DE02EC
S31500004EC0DE023601170030013901300194F8403016
S31500004ED013B96FF00600B9E66268514B9A42F8D1F1
S31500004EE0237899073DD5A36958783F280CD94038CF
S31500004EF0C0B2FFF7F7F9A3694C485A78403A06233F
S31500004F00D2B20021FFF7CCF9A369D87808B1FFF730
S31500004F10D9F9A3695878A0F11903052B01D8FFF731
S31500004F20C9F9A3695878FFF7D5F9A16940488B7884
S31500004F304A780978FFF7B4F963689A6D42F001027E
S31500004F409A659A6D42F002029A6594F841109A6D3C
S31500004F50002951D042F010029A659A6D42F0200263
S31500004F609A6508F4E066B6F5A06F00F0ED8000F2F1
S31500004F70D680002E00F0EB80B6F5807F00F0E98049
S31500004F806FF0080062E66268254B9A42A1D1237849
S31500004F905A079ED5A36958783F280CD94038C0B225
S31500004FA0FFF7A0F9A36921485A78403A0623D2B2FE
S31500004FB00021FFF775F9A369D87808B1FFF782F9E0
S31500004FC0A3695878A0F11903052B01D8FFF772F9E8
S31500004FD0A3695878FFF77EF9A16915488B784A7856
S31500004FE00978FFF75DF963689A6D42F001029A65E8
S31500004FF09A6D6FF34102A7E761F30412ACE72178DB
S315000050000B07AED563681A6C42F001021A641A6C7B
S315000050108F074CBF6FF3410242F002021A64A0E709
S3150000502000010044000002450018042400C00424C6
S31500005030000013466368B3F1884F03D09C4A93423D
S315000050407FF447AF2378DE067FF543AFE36A5878EF
S315000050503F280CD94038C0B2FFF744F9E36A9548B7
S315000050605A78403A0623D2B20021FFF719F9E36ACB
S31500005070D87808B1FFF726F9E36A5878A0F1190342
S31500005080052B01D8FFF716F9E36A5878FFF722F9DE
S31500005090E16A89488B784A780978FFF701F9236B2A
S315000050A058783F280CD94038C0B2FFF71BF9236B5C
S315000050B080485A78403A0623D2B20021FFF7F0F82A
S315000050C0236BD87808B1FFF7FDF8236B5878A0F169
S315000050D01903052B01D8FFF7EDF8236B5878FFF776
S315000050E0F9F8216B74488B784A780978FFF7D8F875
S315000050F02378D8067FF5EDAE6268136943F0400366
S3150000510013612EE7257815F020053FF42AAFE0E677
S3150000511083F8249099E5257815F04005F5E7B6F56E
S31500005120C06F18D0B6F5E06F7FF42AAF00260227CD
S3150000513008F44053B3F5805F10D0B3F5005F1BD081
S3150000514073B16FF0090081E500260027F0E7032719
S31500005150EEE70926F9E700260127E9E747F01807F1
S3150000516008F44043B3F5804F09D0B3F5004F06D09D
S315000051703BB16FF00A0069E547F00807F0E747F032
S31500005180040708F44032B2F5003F636800F0E88097
S3150000519009D8002A00F03181B2F5803F00F09280F4
S315000051A06FF00B0052E5B2F5403FF9D1627802F09C
S315000051B01802182A74D1B3F1884F05D03C4A93429D
S315000051C002D03E4A934251D1636A58783F280CD99F
S315000051D04038C0B2FFF786F8636A36485A78403AD4
S315000051E00623D2B20021FFF75BF8636AD87808B1CC
S315000051F0FFF768F8636A5878A0F11903052B01D800
S31500005200FFF758F8636A5878FFF764F8616A2A4826
S315000052108B784A780978FFF743F8A36A58783F28CD
S315000052200CD94038C0B2FFF75DF8A36A21485A7816
S31500005230403A0623D2B20021FFF732F8A36AD878A3
S3150000524008B1FFF73FF8A36A5878A0F11903052BB8
S3150000525001D8FFF72FF8A36A5878FFF73BF8A16A41
S3150000526015488B784A780978FFF71AF86268144B64
S315000052709A4215D1A36A5878FFF734F8A16A0D4807
S315000052804A788B780978FFF70BF8636A5878FFF746
S3150000529029F8616A07488B784A780978FFF700F899
S315000052A0238803F4C073B3F5C07F54D078E700BFFA
S315000052B00001004400C0042400001346000002451B
S315000052C0001804246278110740D5B3F1884F05D041
S315000052D0694A934202D0694A934228D1A36A587810
S315000052E03F280CD94038C0B2FEF7FCFFA36A6448D9
S315000052F05A78403A0623D2B20021FEF7D1FFA36ABC
S31500005300D87808B1FEF7DEFFA36A5878A0F1190332
S31500005310052B01D8FEF7CEFFA36A5878FEF7DAFF11
S31500005320A16A58488B784A780978FEF7B9FF62680F
S31500005330554B9A420AD1A36A5878FEF7D3FFA16A61
S315000053404F488B784A780978FEF7AAFF94F900301F
S31500005350002BBFF625AF6268136943F022034BE0CA
S315000053606278D20640D5B3F1884F05D0424A9342BF
S3150000537002D0424A934228D1636A58783F280CD912
S315000053804038C0B2FEF7AEFF636A3D485A78403AED
S315000053900623D2B20021FEF783FF636AD87808B1EC
S315000053A0FEF790FF636A5878A0F11903052B01D820
S315000053B0FEF780FF636A5878FEF78CFF616A314812
S315000053C08B784A780978FEF76BFF62682E4B9A4213
S315000053D00AD1636A5878FEF785FF616A29488B7897
S315000053E04A780978FEF75CFF6378DB077FF5D8AE6D
S315000053F06268136943F020031361AB1E012B05D8C5
S3150000540018F4802F30D118F4002F31D1D4F804804D
S31500005410D8F8103023F01003C8F810302246514651
S315000054204846FFF76DF86369012183F82850C8F8EC
S315000054300810C8F80C70C8F8CC60D8F8AC2061F336
S31500005440C402C8F8AC2093F8292042F0040201E413
S315000054504FF0FF30FFF7FABB6FF00100FFF7F6BB26
S315000054606FF00300FFF7F2BB6FF00C00FFF7EEBB27
S315000054706FF00D00FFF7EABB000100440000024593
S3150000548000C004240000134600180424426943683F
S31500005490107A5969137981F080015B00C1F3C0115C
S315000054A003F002030B435179C90001F008010B43D5
S315000054B09179090101F010010B43D179490101F0FD
S315000054C0200180010B4300F04000184370470000A4
S315000054D04B6993F829305B0733D54B68002B33D0E3
S315000054E040B94A7812072FD51A6922F002021A61CA
S315000054F000207047012806D14A78100724D51A697A
S3150000550042F00202F3E702280CD1B3F1884F02D031
S315000055100F4A934218D14A78910615D51A6922F096
S315000055200102E4E70328E3D1B3F1884F02D0084A29
S31500005530934209D14A78920606D51A6942F00102C9
S31500005540D5E74FF0FF3070476FF00300704700BF9C
S3150000555000010044426830B5044612B3436993F82B
S31500005560293013F004001DD065789269A07815F0F3
S31500005570100318BFC2F3001315F0400118BFC2F3A1
S31500005580401110F0010018BFC2F380102C060DD593
S31500005590C2F3C01243EA410343EA820343EAC0006E
S315000055A030BD1046024601460346F3E70022F1E706
S315000055B0194BDB6919072CD4184BD3F8742122F048
S315000055C00202C3F87421D3F874210A2000BF0138FF
S315000055D010F0FF00FAD1D3F87421520707D4D3F89C
S315000055E07421D10703D4D3F86C21920709D40B4A4E
S315000055F0D2F8743143F00203C2F8743100F00100AE
S3150000560070470222C3F87021D3F87021A622C3F88E
S3150000561078210120F2E700BF000008120080004652
S31500005620064BD3F8742142F00202C3F87421022219
S31500005630C3F86C21A62002F059BC00BF00800046CA
S3150000564041F20273984221D011DC41F20453984290
S315000056501CD005DCF8B101280CBF212001207047C1
S3150000566041F2017398420CBF11200120704742F2AB
S31500005670041398420CD042F2061398420AD042F222
S31500005680031398420CBF2120012070472120704748
S31500005690282070472B207047014BDB695B6E18474B
S315000056A000013000014BDB699B6B1847000130009D
S315000056B0014BDB695B6A184700013000454B994294
S315000056C070B50C4615460AD9434B4FF400125A6280
S315000056D0424B10229A615A6C42F010025A64012819
S315000056E042D0022861D060BB3D4B3E4EDB690121B2
S315000056F0D3F8EC30A422084698473B4B9C60FFF752
S31500005700D7FF3A4B9D4205D106F0C6FF736823F4D6
S31500005710404373604FF45943A6F86030304BDB6961
S315000057202A469B6821464FF08C40984750B9304B2B
S315000057309C420BD82F4B4FF40032DA664FF480228E
S31500005740DA660020BDE87040FFF77ABF2A4B9C421C
S31500005750F7D9284BDA6E9203F3D44FF480229A6677
S315000057604FF400329A66ECE71F4B1E4E5C61FFF762
S3150000577093FF1E4B9D4205D106F08EFF736823F4FE
S31500005780404373604FF45943A6F8A030144BDB69CD
S315000057902A469B6D21464FF08C4098470028D1D170
S315000057A0592CC7D95A2CD4D1CBE70F4B9C61FFF7A4
S315000057B079FF06F071FF0B4B4FF45942A3F8E02036
S315000057C0074BDB692A46DB6B21464FF08C40984736
S315000057D0B8E700BFFF0D270700002820008000461D
S315000057E00001300000801846282F0100005A62028E
S315000057F07F4A5D0500840424BF8C6C05052870B5BE
S3150000580005460E4637D81D4B99420DD81C4A536A99
S3150000581023F4001353621B4B9A6922F010029A611B
S315000058205A6C22F010025A64002211464FF08C4046
S3150000583001F07EFA0446FFF703FF0246E0B9DDB148
S31500005840042D13D1104A31460120FFF737FF04B269
S315000058502046FFF7F5FE024670B929464FF08C4008
S3150000586001F066FABDE87040FFF7EABE022DEFD1FF
S31500005870054A3146E9E72122104670BDFF0D27078C
S315000058800000282000800046005A620213B506F088
S3150000589003FF03214FF08C4001F02AFB06F0FCFECB
S315000058A0032001F0A9FC0C490220FFF7A7FF0B4AD1
S315000058B00B490120FFF702FF0A4B0122DB69009228
S315000058C0D3F8A04000231A4602214FF08C40A0478F
S315000058D0002002B010BD00BF0095BA0A005A62024D
S315000058E00068890900013000012808B50CD002289B
S315000058F012D0C8B919B1FFF7DBFE002008BD0B4B6B
S31500005900DB691B6A9847F8E711B1FFF7C5FEF4E7B4
S31500005910064BDB695B6DF5E711B1FFF7C3FEECE7FC
S31500005920024BDB695B6BEDE72120E7E70001300006
S3150000593013B500F09BF9022802D1002002B010BD79
S3150000594002214FF08C4001F0D3FA022001F054FC02
S3150000595000210846FFF752FF0028EFD1064B01222F
S31500005960DB690092D3F8A0400246034601464FF099
S315000059708C40A047E1E700BF0001300037B50D4677
S31500005980062800F29280DFE800F004047F450A8CC6
S3150000599004000224FCF756F8204603B030BD06F09A
S315000059A07BFE03214FF08C4001F0A2FA06F074FE54
S315000059B0032001F021FC85B13D490220FFF71EFFBF
S315000059C004460028E6D13B4A3B490120FFF776FE14
S315000059D004460028DED102250EE038490220FFF7F2
S315000059E00DFF04460028D5D1324A34490120FFF77D
S315000059F065FE04460028CDD1314B0122DB690092B9
S31500005A00D3F8A04000231A4629464FF08C40A04701
S31500005A100024BFE706F040FE03214FF08C4001F062
S31500005A2067FA06F039FE032001F0E6FB8DB1254941
S31500005A300220FFF7E3FE04460028ABD11D4A2149A8
S31500005A400120FFF73BFE04460028A3D101230225CF
S31500005A5014E029462846FFF7D1FE164A04461146A9
S31500005A602846FFF72BFE002C94D1124A012011463E
S31500005A70FFF724FE044600288CD10223104AD2697F
S31500005A800093D2F8A040BDE701F0CEF80E4B9A691C
S31500005A90142161F315429A610C4A0D4BD3620D4AEB
S31500005AA01360FFF745FF044674E7212472E700BF41
S31500005AB00095BA0A005A62020068890900E1F505F4
S31500005AC00001300000B4C40400810424282F010022
S31500005AD0002D3101782F0100134BDB691B0713B52D
S31500005AE020D4124BDA69022161F30202DA61DA6923
S31500005AF061F31242DA614FF08C439A6D002AFCDAA8
S31500005B009A6A6FF303029A62094B0122DB690092DB
S31500005B10D3F8A04000231A4619464FF08C40A04700
S31500005B2002B010BD0020FBE700000812008104242B
S31500005B3000013000F8B58B1EDBB2022B9CBF174A62
S31500005B40D45C00F1FF3306460F4688BF0024052BC0
S31500005B5006D8DFE803F00F0C0903121544F002041F
S31500005B600F4B1D687DB9F8BD44F00804F8E744F012
S31500005B702004F5E744F04004F2E744F08004EFE740
S31500005B8044F48074ECE76B681A68144203D05B68CF
S31500005B903946304698472D68E4E700BF04D9200807
S31500005BA01038010038B50A4D2C786CB972B6094820
S31500005BB006F062FD084B1C601C7100F051FC0123CD
S31500005BC02B7062B6204638BD62B61220FBE700BFD6
S31500005BD014380100103801000A380100054A12780D
S31500005BE01AB120B1002100F04FBA112070472220CF
S31500005BF0704700BF14380100034B1B780BB100F04F
S31500005C00AFBA1120704700BF14380100044A127859
S31500005C1012B118B100F0B8BA1120704722207047AF
S31500005C201438010008B50B4B1B78014673B10128E7
S31500005C300ED8094A094B30B972B618781170FFF7B9
S31500005C409DFE62B608BD72B60121F6E71120F9E79E
S31500005C502120F7E7143801000F3801008006000004
S31500005C60014B1878704700BF0F380100014B1878B8
S31500005C70704700BF80060000084B042013F8012D72
S31500005C801AB9013810F0FF00F8D1054B1B78034311
S31500005C90DBB2002B08BF0520704700BF0F3801009C
S31500005CA00A38010000B591B001A803F043F89DF849
S31500005CB00430032B03D1002011B05DF804FBFFF77D
S31500005CC0DBFF0528F7D106F0EFFC0028F3D0FFF73D
S31500005CD06FFCF1E738B5114D0521287800F02CFA54
S31500005CE0B8B10F4B1B78B3B1287800F0A9F9044678
S31500005CF068B9FBF787FB0028F6D10A4B1878FFF73F
S31500005D0091FF044618B929780520FFF713FF2046AE
S31500005D1038BD0224FBE71124F9E700BF8006000026
S31500005D20143801000F38010008B5FFF799FFBDE8E8
S31500005D30084001460320FFF721BE08B5FFF790FF94
S31500005D40BDE8084001460420FFF718BE194A1A4963
S31500005D5042F2100310B59360D1F8843443F0440343
S31500005D60C1F8843401239366144BD3F874211107C8
S31500005D7009D4D3F8742142F00102C3F87421D3F890
S31500005D8074211207FBD50D4C1023C4F86C31012386
S31500005D90C4F87431D4F874311B07FBD5FBF7E6FC65
S31500005DA002F0AAF80223C4F86C31BDE8104006F0F0
S31500005DB04FBC00BF008404240080042400800046F9
S31500005DC0F8B5474B0446D86910F008000E4602D1D4
S31500005DD00121FFF789FDE368424D434F2068D4E96E
S31500005DE00121012BC5F8007FA7F10217C5F8CC7F6A
S31500005DF007D10027C5F8C87F3C4DAD696D69A84736
S31500005E0036E0032B32D0052BF6D1394BD3F80426D6
S31500005E10970403D4D3F880351D0211D54FF0905363
S31500005E20D3F8C830D90304D4324BD3F8C830DA03D8
S31500005E3006D52F4AD2F8803543F40063C2F8803580
S31500005E402B4BD3F8802522F47F22C3F88025D3F884
S31500005E508025400000F47F201043C3F88005D3F866
S31500005E60802542F48012C3F8802501E0C5F8281F7A
S31500005E704FF00262D36A03F100631B689B0706D5E5
S31500005E80D36A126B1344174A4033C2F8343F144B9B
S31500005E90DD6915F008050BD129462846FFF724FDD4
S31500005EA029460120FFF720FD29460220FFF71CFDA9
S31500005EB0217C304606F0D4FB41F2017398420DD0A6
S31500005EC005DC18B101280CBF21200120F8BD41F2E4
S31500005ED0027398420CBF21200120F7E71120F5E755
S31500005EE00000081200100624AFBEAFBE000130004D
S31500005EF000800424000004127FB50B4B1B6813F0CE
S31500005F00407F0ED00123094A8DF81430084BCDE9A5
S31500005F100123084B03930021032301A80493FFF7F1
S31500005F204FFF07B05DF804FB00810424FC1E062425
S31500005F30002020081D1D000008B5264BDB691A0746
S31500005F4046D5254B5A6942F040625A615A6942F079
S31500005F5040725A615A6942F440025A615A6942F4DF
S31500005F6040125A615A6942F400225A615A6942F44F
S31500005F7070425A615A6942F470625A611A6C6FF340
S31500005F80D3421A645A686FF300025A600A2200BFAD
S31500005F90013A12F0FF02FAD10E49CA6912F008025C
S31500005FA0FBD10E48C16B21F03F01C163596862F312
S31500005FB04201084A5960D3695B07FCD400F0F8FD3A
S31500005FC000F002FEC82300BF013B13F0FF03FAD125
S31500005FD008BD00BF000008120081042400840424C8
S31500005FE008B5FFF7A9FF094BDB690022D3F8983003
S31500005FF0012110469847FFF733FE01460420FFF7BC
S31500006000BDFCBDE80840FFF7A1BE00BF000130009F
S3150000601008B5FFF791FF094BDB690022D3F89830EA
S31500006020012110469847FFF71BFE01460320FFF7A4
S31500006030A5FCBDE80840FFF789BE00BF000130009F
S3150000604010B5831E022B86B016D80C4A0C4B0228BC
S31500006050CDE901230B4B03934FF0000414BF11232A
S3150000606003238DF814400493FBF7D3F9214601A8C6
S31500006070FFF7A6FE06B010BD2120FBE7FC1E062496
S31500006080002020081D1D000010B5002845D002681C
S315000060901AB1244B1340002B41D043683BB98068AA
S315000060A050B9002932D0002A2BD1002010BD1E4C39
S315000060B0234234D08068D0B11C4C20422FD01C4CD7
S315000060C051B122B11B498A60F3B92060EDE7002B7C
S315000060D0FBD0184A5364F8E722B11649CA60D3B90F
S315000060E06060E2E7002BFBD0124A9364F8E71148A0
S315000060F019B102B182604364D7E702B1C26083641A
S31500006100D3E70C4B9A60D0E74B64DEE7002ACCD08D
S31500006110084BDA60C9E78B64E2E72220C6E7212054
S31500006120C4E700BF106A46000000EC1FFE0701002E
S31500006130008004240084042406280DD806290BD8E0
S315000061403C2302385843054B00EBC1010B44187938
S31500006150003818BF012070472120704708D9200851
S31500006160074B18420AD0074B1A6819B1104318603A
S315000061700020704722EA00021A60F9E721207047E2
S3150000618000007F3F00810424002871D003793BB9C9
S315000061900288C02A02D84188082922D921207047BE
S315000061A0816851B9C3686BB9902232490B681343B1
S315000061B043F040030B6000207047CBB2002BEDD0BC
S315000061C0C3680BB11A07E9D0C84300F47C72000714
S315000061D042D1003A18BF012212012748C16141612C
S315000061E03EE0032A10D9072A10D843F0020343F0F1
S315000061F0040343F0080343F0100343F0200343F085
S31500006200400343F080030FE00123EEE70B2AEED9AB
S315000062100F2AEED91F2AEED93F2A4FF00003ECD9F8
S315000062207F2AECD9C02AECD1012913D903294FF0D2
S31500006230000101D841F00401DA4312F00F020E48C2
S3150000624018BF0122D201016642F010020165C36146
S315000062504361AAE70221EDE742B190220029BCD1B1
S31500006260002BA2D004490B660B659EE78022B4E79B
S3150000627022207047008104240084042408B51B4BA7
S31500006280DB694FF08061D3F884304FF08C4098473B
S31500006290174800F0A7FB174800F0A4FB164B174859
S315000062A05A6A22F400325A62154AD2F880106FF305
S315000062B08611C2F880101349D1F8842422F04402D2
S315000062C0C1F884241A6A42F001021A621A6934215A
S315000062D061F306021A611A691F2161F316421A61F7
S315000062E0BDE80840084900F067BF00BF0001300064
S315000062F0544F00003C4F0000008104240082042417
S315000063000084042400800424FF7F3E0013B500208F
S31500006310FFF7B4FFFFF7A4FC01460220FFF72EFBB0
S31500006320354BDB690020D3F89C3098470023019356
S31500006330324BDB6913F0080357D13149314CD1F8A0
S31500006340242442F00402C1F824242F4A52690192FF
S315000063506268012161F3420262600193019B092B8D
S3150000636045DD264A019B01330193D3695907F9D5C7
S315000063706269012363F39B626261626963F3196276
S315000063806261626963F39752626163691F4A6FF3E0
S315000063901553636163696FF3D343636163696FF395
S315000063A01043636163696FF35143636163696FF31C
S315000063B05143636163686FF310436360636943F03D
S315000063C01F036361D36B43F03F03D36300F0F6FB17
S315000063D000F008FC6368094A43F001036360019B0F
S315000063E001330193D3691B07F9D502B010BD00BF75
S315000063F0019B0133B1E700BF000130000000081225
S3150000640000100424008104240014042400840424BD
S31500006410FFF77CBF10B586B00223002404934FF427
S31500006420D833CDE9013401204FF4F03303938DF8CE
S315000064301440FFF723FFFAF7ECFF21460520FFF78C
S315000064409DFA054A136823F480031360012101A80D
S31500006450FFF7B6FC06B010BD00810424FFF7DABFD3
S3150000646038B50D4C636A23F480236362FFF7FEFBA5
S315000064700546FFF7F5FB01462846FFF77FFA0120A0
S31500006480FFF7FCFE236843F480032360236843F48C
S315000064908023236038BD00BF0081042410B5074C5B
S315000064A0202384F81A3301214FF48020FFF7A4FB40
S315000064B010B94FF08063236010BD00BF00E100E01B
S315000064C04FF4804000F07ABD044B4FF48072DA63DB
S315000064D0034B4FF400629A60704700BF00810424AA
S315000064E00000081208B5284B4FF400621A60274ACC
S315000064F0D2F88C3743F4004343F08003C2F88C375C
S31500006500D2F88C375B06FBD5D2F88C27204BDFED13
S31500006510216A9FED216A214902F03F021A601A683A
S31500006520262A84BF26221A601D4A9268EAB11D48AF
S31500006530C2F315020260D3ED007A90ED007AF8EE10
S31500006540677AB8EE477A77EEA67A37EE267A67EE5E
S31500006550867AC7EE876AC1ED006AFFF7B5FF0A4B78
S315000065604FF400625A60086808BDD3ED007AF8EE71
S31500006570677A77EEA67ADFED0C6A67EE867A87EEA3
S31500006580A67A81ED007AE8E70000081200A005244B
S315000065902038010089410B4233335340183801003B
S315000065A0CC4D00001C380100C4A08342F0B5A24CBB
S315000065B0A24BA2680578A24E02EA0301027802F015
S315000065C001020A439F49A2608A6802EA03044278EC
S315000065D002F00102920042EA951222438A600A6999
S315000065E0457802EA03040278C2F344022243964C39
S315000065F00A61A26802EA0301827802F003025201EC
S3150000660042EAD5020A439149A2608A6884781A4010
S3150000661042EA94028E4C8A60A268C1781A4001F060
S315000066201F011143A160B268047902EA030504F070
S315000066303F04C278640044EAD214C2F3411242EA2B
S3150000664084022A43B260834E4579B26802EA0304A3
S31500006650027905F07F05920942EA850222437E4DC2
S31500006660B260AA6802EA0304C27902F00F0222436A
S315000066707A4CAA60A268C579067A1A4042EA1512CF
S31500006680774DA260AA6802EA0304427C02F07F0208
S315000066902243AA60734DAA6802EA0304027A02F052
S315000066A07F022243AA60704DAA6802EA0304427A76
S315000066B002F01F02520042EAD61222436B4EAA6033
S315000066C0B268857A02EA0304C27A520042EAD51217
S315000066D0057B05F0010542EA45222243644DB2607E
S315000066E0AA68467A02EA0304827A02F07F02D2009E
S315000066F042EA56122243AA605E4D5F4EAA6802EA3B
S315000067000304B0F80D202243AA60B268457D02EA70
S315000067100304027D05F00F0542EA05222243574D88
S31500006720B260AA68564E02EA0304427DC2F3021220
S315000067302243AA60B268C57D477902EA0304827DD6
S3150000674005F00F0542EA05222243B2604D4EC57D93
S31500006750B26802EA0304027E120142EA1512457E7D
S3150000676005F00F0542EA05322243474DB260AA689A
S31500006770467E02EA0304827E120142EA1612224390
S31500006780AA60424DAA6802EA0304B0F81B2022431D
S31500006790AA603F4DAA6802EA03048279560802F00D
S315000067A00102520042EAD71242EA86022243847C60
S315000067B0AA60457C90F8246004F00F02520052EA69
S315000067C0D512344D1EBFA96819401143A960324D38
S315000067D01A4AAB6803EA0201437F03F00F030B4337
S315000067E0AB602E4DAB6803EA0201837FC3F38303DC
S315000067F00B43AB602A4DAB6803EA020190F82530E3
S3150000680003F007035B0043EAD6130B43AB60254D49
S31500006810AB6803EA0201C37C03F003035B0043EAAF
S31500006820D4130B432049AB608B681A40837CC3F3B7
S31500006830021313438B60F0BDAC4E00000000C0FF96
S31500006840344E0000984E0000804E0000684E000056
S315000068505C4E0000184E0000F04D0000E44D0000B4
S31500006860744E0000D84D0000CC4D0000C04D000015
S31500006870C44E0000A84D0000B44D0000244D000099
S315000068809C4D0000904D0000844D0000784D0000A6
S31500006890FC4D0000504E00006C4D0000604D0000A5
S315000068A0544D00003C4D0000484D0000FAF7CEBEA6
S315000068B0F0B5194D194C2B88E5B004F110010026EE
S315000068C000274FF4C2726846ADF88431CDE962679D
S315000068D004F066F894E80F0000F090FE62A800F05D
S315000068E04BFF2B78687843EA002000F0F5FFDDE9DE
S315000068F0624532463B462046294602F073FE48B1C1
S31500006900074B00222046294602F058FE10B100200F
S31500006910FAF7F0FE65B0F0BD38080000A4060000E6
S3150000692000004E4010B50A4A0A4BD2F80815D3F8B3
S315000069300240E405FBD440EA5110C2F80805D3F83A
S315000069400220D205FBD4024BD3F8083510BD00BF98
S3150000695000A005240000052410F4405F0F4B0BD067
S31500006960D3F8042522F48012C3F80425D3F80425AD
S3150000697022F40012C3F80425D3F80825084BD3F8EF
S315000069800210C905FBD4C04300EA5210034AC2F8FC
S315000069900805D3F80220D205FBD4704700A00524D1
S315000069A0000005240D4A0E49D2F81035013823F0AF
S315000069B0030310B5C0B2C2F81035D1F80230DC05B9
S315000069C0FBD4D2F81045012383402343C2F8103587
S315000069D0D1F80230DB05FBD410BD00BF00A00524B2
S315000069E00000052430B58BB0002301930293039376
S315000069F00493059306930793089309938DF8023041
S31500006A008DF8033010B901200BB030BD019A50F853
S31500006A1022200292029A002AF5D001930121019CBC
S31500006A20029A944201D30020EEE7019A00EBC202DB
S31500006A3052680392019A013250F832200492049A65
S31500006A40C2F384528DF80320049AD20E8DF80220E8
S31500006A509DF802209DF80340121B01320592059A0B
S31500006A60162AD0D8039A126807929DF80320D2B24C
S31500006A70069208930993069C079A01FA04F422EAFF
S31500006A8004020792099A089C01FA02F2224308922C
S31500006A90069A01320692099A013209929DF803205C
S31500006AA0059D069C2A44A242E5D8089C049A2240E9
S31500006AB00492049A9DF80350079CAA40224304922C
S31500006AC0039A049C1460019A01320192A7E730B53B
S31500006AD08BB00023019302930393049305930693CB
S31500006AE00793089309938DF802308DF80330039AC3
S31500006AF010B901200BB030BD019A50F82220029245
S31500006B00029A002AF5D001930121019C029A94422F
S31500006B1001D30698EEE7019A013250F83220069228
S31500006B20069AC2F384528DF80320069AD20E8DF887
S31500006B3002209DF802209DF80340121B01320492A8
S31500006B40049A162AD5D89DF80320D2B20592089346
S31500006B500993099A089C01FA02F222430892059ABF
S31500006B6001320592099A013209929DF80320049D8B
S31500006B70059C2A44A242ECD8089C069A224006921A
S31500006B80069A9DF80350079CAA4022430692019A52
S31500006B9001320192B9E700000148FFF723BF00BFA9
S31500006BA0984F00000148FFF71DBF00BF504E000080
S31500006BB00148FFF717BF00BFD84F00000148FFF795
S31500006BC011BF00BFCC4F000008B50448FFF70AFF0D
S31500006BD0BDE808400248FFF705BF00BFB84F0000F8
S31500006BE0244D000008B50448FFF7FCFEBDE8084048
S31500006BF00248FFF7F7BE00BFA44F0000304D00006B
S31500006C00064B074A996C0748DA620229D96C08BF15
S31500006C101A60022908BF5A60FFF7E4BE282F010058
S31500006C200048E801804E000008B50848FFF7DAFE84
S31500006C3050B9074B074A996CDA620229D96C08BF2A
S31500006C401A60022908BF5A6008BD00BF744E0000D2
S31500006C50282F0100002D3101024B034A03485A63D5
S31500006C60FFF7C0BE282F01000048E801684E00006B
S31500006C70064B074A996C07481A630529D96C08BF61
S31500006C801A60052908BF5A60FFF7ACBE282F01001D
S31500006C90002D3101D84D0000034B04484FF4FA4251
S31500006CA01A62FFF79FBE00BF282F01005C4E00004E
S31500006CB0034B04484FF4FA425A62FFF793BE00BFF3
S31500006CC0282F0100FC4D00000148FFF700BF00BF60
S31500006CD0C04D00000148FFF7FABE00BFC44E0000D9
S31500006CE00148FFF7F4BE00BFB44D00000148FFF7AE
S31500006CF0EEBE00BF9C4D00000148FFF7E8BE00BF96
S31500006D00904D00000148FFF7E2BE00BF844D000031
S31500006D100148FFF7DCBE00BF784D00000148FFF7D1
S31500006D20D6BE00BFA84D000001B10847704700005D
S31500006D3010B5002852D03E2A50D82B4BDB689C0752
S31500006D4048BF5208052949D8DFE801F003481B2649
S31500006D50313C836A6FF303038362244B1B68244927
S31500006D600B60846DE405FCD5846A62F309148462C1
S31500006D7012B1B3FBF2F30B601C4B0A68DA60002019
S31500006D8010BD836D9B062BD5836A022161F3030335
S31500006D908362164B9B68E2E7836D5C0620D5836AA7
S31500006DA0032161F303038362104B1B69D7E7836DED
S31500006DB0190715D5836A042161F3030383620B4B1C
S31500006DC05B69CCE70B4B5B6A5B0709D5836A0521D8
S31500006DD061F303038362054B9B6BC0E70120CFE79A
S31500006DE041F20170CCE700BF00860424282F010081
S31500006DF0782F01000014042407B50B461146062817
S31500006E001ED8DFE800F00421333B47586400364AB9
S31500006E10106A40025EBF106A40F48000106213B927
S31500006E200A20FFF781FF314BD3F81C2122F0801294
S31500006E30C3F81C21D3F81C2142F00122C3F81C21FF
S31500006E40002003B05DF804FB274A106A800207D4CD
S31500006E50106A40F480101062106A40F4001010624C
S31500006E60002BEDD10A20FFF75FFFE9E71E4A106A03
S31500006E70C002F5D4106A40F48010F0E71A4A106A8E
S31500006E8000035EBF106A40F400201062002BD7D1C9
S31500006E900220E8E7144B1A6A5203D1D41A6A42F464
S31500006EA080221A624FF4FA700191FFF73DFF0199B3
S31500006EB040F2DC50D7E70C4A106A80035EBF106AC6
S31500006EC040F400301062002BBAD1FA20CBE7064A14
S31500006ED0106AC0035EBF106A40F480301062002B57
S31500006EE0AED19620BFE700BF0081042400800424B1
S31500006EF010B50446002858D00139052955D8DFE8D1
S31500006F0001F003131D273445294BD969012262F389
S31500006F100201D961274B9A645B6C264A1360A36D04
S31500006F20002BFCDA002010BD214BD969022262F346
S31500006F300201D9611F4B9A64DB6AEEE71C4BD969E3
S31500006F40032262F30201D9611A4B9A64DB6BE4E710
S31500006F50194B40229A83164BD969042262F3020127
S31500006F60D961144B9A641B6CD7E7114B1A6AD2028B
S31500006F705EBF1A6A42F480121A62D969052262F368
S31500006F800201D9610B4B9A641B6BC6E701210022F3
S31500006F900846FFF731FF064BD969062262F3020164
S31500006FA0D961044B9A645B6BB7E70120BBE700BF6E
S31500006FB000810424282F010000801341C10704D555
S31500006FC0584A01239360584AD363820742BF554B00
S31500006FD002229A60430742BF524B04229A6001077D
S31500006FE042BF504B08229A60C20642BF4D4B102248
S31500006FF09A60830642BF4B4B20229A60410605D514
S31500007000494B1022DA63474B40229A60020605D5A7
S31500007010454B2022DA63434B80229A60C30506D58E
S31500007020414B4022DA633F4B4FF480729A608105F0
S3150000703006D53D4B8022DA633A4B4FF400729A60D4
S31500007040420505D5374A4FF480639360364AD363C9
S31500007050030507D5344B4FF48072DA63314B4FF496
S3150000706000629A60C10407D52F4B4FF40072DA63B1
S315000070702C4B4FF480529A60820416D52B4BD3F8D2
S31500007080042442F00102C3F80424D3F8042422F0B5
S315000070900102C3F80424D3F8002442F00102C3F825
S315000070A00024204B4FF400529A60430442BF1D4B0C
S315000070B04FF480429A60C10306D51A4B4FF48032D2
S315000070C09A60194B0822DA63820306D5154B4FF4F2
S315000070D000329A60144B0422DA63430306D5114B3F
S315000070E04FF480229A60104B0222DA63010306D520
S315000070F00C4B4FF400429A600B4B01229A63C2027A
S3150000710006D5084B4FF400429A60074B01229A635A
S31500007110830206D5034B4FF400429A60024B0122CC
S315000071209A6370470000081200810424002004249A
S31500007130036861F300030360704737B50023044614
S315000071400D460193FFF7C6FD0190019A636862F34D
S3150000715009036360A36865F31643A360FFF7B4FDF4
S315000071600190019AA36862F30903A36003B030BDDE
S315000071700368DB04FCD50069C0F30A007047436866
S31500007180DB0005D501290DD0436861F31C7308E0C7
S31500007190436813F0805F4368F7D10129F5D143F0C6
S315000071A0805343607047836861F3D7538360836875
S315000071B062F3565383607047A0B10C4B1B6A03F011
S315000071C00703042B0CD0022B094B18BF002342687F
S315000071D063F3180242604368002BFCDA0020704714
S315000071E0044BF4E741F20160704700BF00800424BD
S315000071F0FF7F3E00FF083D00013808B5052850D83E
S31500007200DFE800F003101A243140274BD969012228
S3150000721062F31241D961254BDA645B6C234A002084
S31500007220536008BD204BD969022262F31241D9612D
S315000072301E4BDA64DB6AF1E71B4BD969032262F362
S315000072401241D961194BDA64DB6BE7E7184B402230
S315000072509A83154BD969042262F31241D961134B03
S31500007260DA641B6CDAE7002201210220FFF7C4FD75
S315000072700D4BD969052262F31241D9610B4BDA64D1
S315000072801B6BCBE7012100220846FFF7B5FD064B35
S31500007290D969062262F31241D961044BDA645B6B49
S315000072A0BCE70120BDE700BF00810424282F0100B0
S315000072B00080134141F20273984221D011DC41F261
S315000072C0045398421CD005DCF8B101280CBF2120DC
S315000072D00120704741F2017398420CBF1120012032
S315000072E0704742F2041398420CD042F206139842B9
S315000072F00AD042F2031398420CBF212001207047A6
S3150000730021207047282070472B2070470378012BD7
S3150000731006D84378013B0F2B94BF002021207047ED
S3150000732021207047174B1B78012B0CBF03780023D5
S31500007330C2185278012A22D800EB83004369D3B1E0
S31500007340114A934219D8D0F81431104A934207D9FA
S31500007350D0F854010E4B98428CBF21200020704774
S31500007360B3F53D3F0BD8D0F85431B3F53E3F34BFAB
S315000073700020212070472D207047282070472120AB
S31500007380704700BF24380100A0252600FFFF052412
S31500007390001B062411B1042900D07047014B1B685D
S315000073A0184700BF2838010084B030B52DED028B98
S315000073B0E7B06CAC84E80F00424B9DF845439DED69
S315000073C0D28A1C70D1A8FFF7A1FF002868D16CA84B
S315000073D0FFF7A8FF002863D1012C08BF9DF8B00174
S315000073E09DF844536CAB03EB4000012DB0F8F4302C
S315000073F001D1012B62D8013B9BB240F2FE3293428F
S315000074005CD8314A3148D2F88C3743F40043C2F88D
S315000074108C37FFF7E7FA4FF48030FFF783FA2C4BEF
S315000074200C22DA64DA652B4ABDF844336292ADF871
S3150000743084314FF4C27270A96846002D37D1012CF1
S3150000744035D903F0ADFA6CAB0FCBFBF759FEFFF75E
S3150000745031FF28BB00236593FFF744F865909DED47
S31500007460657ADFED1D7AB4EEE77AF1EE10FA02D511
S315000074701A48FFF7B7FADFED1A7A6599B4EEE78A8C
S31500007480F1EE10FA1CD4DFED177AB4EEE78AF1EECE
S3150000749010FA15DC18EE100AFAF72AFEFFF70AFFB3
S315000074A067B0BDEC028BBDE8304004B0704703F016
S315000074B077FA6CAB0FCBFBF7C3FEC8E72B20EFE7E1
S315000074C02120EDE72438010000A00524604F0000CC
S315000074D000840424958320089A9919400C500000D2
S315000074E06666E63F6666664084B000B5E3B00DF5B5
S315000074F0C87C8CE80F00C9A8FFF708FFD0B964A8BC
S31500007500FFF710FFB0B99DF82423BDF82433B2B9B4
S315000075109DF82523012A12D94FF4C27268A968463C
S31500007520ADF8843103F03CFA64AB0FCBFCF77CF882
S31500007530FFF7C0FE63B05DF804EB04B0704768A9BE
S315000075404FF4C2726846ADF8843103F029FA64AB91
S315000075500FCBFCF74DFAEBE7034620B1044A10685F
S3150000756018B913607047222070470420704700BF87
S315000075702838010008B50348FCF756FCBDE808406A
S31500007580FFF798BE0038042407B5ADF8040001A83B
S31500007590FFF7BCFE20B90198FBF7F4F8FFF78AFE67
S315000075A003B05DF804FB07B5ADF8040001A8FFF7CA
S315000075B0ADFE20B90198FBF755FFFFF77BFE03B040
S315000075C05DF804FB07B5ADF8040001A8FFF79EFEC1
S315000075D020B90198FBF7FAFFFFF76CFE024B002279
S315000075E01A6003B05DF804FB28380100042902BFC5
S315000075F0014B01221A7070473438010084B000B57F
S31500007600E5B00DF5CC7C8CE80F009DF82C33012BF2
S315000076103BD19DF82D33013B0F2B36D89DF8993180
S31500007620002B32D11E4B6B9A9A4234D8BDF88C325D
S31500007630012B32D11B4B62934FF4C272BDF82C332F
S31500007640ADF884316AA9684603F0AAF966AB0FCB98
S31500007650FFF7AAFED0B9BDF82C33ADF884314FF44C
S31500007660C2726AA9684603F09BF966AB0FCBFFF7B7
S315000076703BFF58B90C48FFF76FFF38B9CB9865B098
S315000076805DF804EB04B0FFF77FBF212065B05DF81D
S3150000769004EB04B070472820F8E72B20F6E700BF7C
S315000076A0404B4C003D0A2740ED85200884B000B5CC
S315000076B0E3B00DF5C87C8CE80F0014238DF8E43197
S315000076C00E4A0F4B0F4881930021FCF784FC0E4BAA
S315000076D068A91B88ADF884314FF4C272684603F07E
S315000076E05FF964AB0FCBFFF7FFFE003818BF012030
S315000076F063B05DF804EB04B0704700BF820600007B
S3150000770000004C42143A042438080000012801D134
S31500007710FFF730BF38B9054BD3F8E02160F300021C
S31500007720C3F8E02170472120704700BF00380424C9
S3150000773084B000B5E3B00DF5C87C8CE80F001723C4
S3150000774001208DF8E431FFF7E1FF68B9094B4FF4EA
S31500007750C2721B88ADF8843168A9684603F020F927
S3150000776064AB0FCBFFF7C0FE63B05DF804EB04B06B
S31500007770704700BF380800002DE9F0432DED028B5D
S315000077800646E3B0002800F092804A4D4FF4C272DC
S3150000779005F11001684603F003F995E80F00FFF7BD
S315000077A085FF2F460446002873D1434B1A7862B1F1
S315000077B018706A7841480121FCF7F4FB07EE900A3D
S315000077C03F4BF8EEE77AC3ED007A3E494FF4C272BA
S315000077D0684603F0E5F897E80F00FFF7A9FF0446AF
S315000077E0002856D1DFF8D490374F4FF00A086A7850
S315000077F000214846FCF7D6FB07EE900A08F1FF3851
S31500007800F8EEE77A18F0FF08C7ED007AEFD1020527
S3150000781045D520F400631B041B0C07EE903AF8EEE6
S31500007820E77AC7ED007AFFF76DFA08EE100AFFF760
S3150000783057FA08EE900AFFF771FA214B97ED007A96
S31500007840D3ED007ADFED216AB8EE488AC0F5707094
S3150000785037EE487A77EEC87A0130C7EE275A07EE38
S31500007860900AF8EEE77AF8EE688A87EEA67A88EE4E
S31500007870A66AF0EE477A45EE867ADFED156A9FED49
S31500007880157A17EEA67A17EE100A01F0C3FBC6E9C1
S315000078900001204663B0BDEC028BBDE8F08340F4E6
S315000078A000631BB207EE903AF8EE677AB9E7222436
S315000078B0EFE700BFA40600003438010000380424B6
S315000078C02C380100B40600003038010000007A446C
S315000078D000009B430080884307B5ADF80400C0B2A2
S315000078E0012816D19DF80530013B0F2B11D80A4B04
S315000078F05B68DB0705D4019803B05DF804EBFFF77E
S3150000790061BE0198FFF74FFE0028F4D003B05DF882
S3150000791004FB2120FAE700BF00380424F8B5046808
S31500007920012C054622D8124E56F8242042B153683F
S3150000793010498B4204D010498B4201D01120F8BD6A
S315000079400E4B0F49DB680F481F680F4B51F8241088
S3150000795053F8243050F82400B8472B6846F8240022
S3150000796056F82330002BE9D00020E8E72120E6E78F
S31500007970483D010000000344008007240001300058
S315000079803C080000440800004C0800002DE9F041C6
S3150000799029B1012803D80B6818B9202B0AD9212050
S315000079A028E00C2BFBD8012AF9D82C4C64681CBBA8
S315000079B011201FE0012AF2D8284C2468002CF7D0A9
S315000079C0BBBB4FF0200C264D264C0023AE46A046EE
S315000079D05E1CC0B9277927BB1824634308EB030450
S315000079E00E60C4E90200012548F8032025710B68E2
S315000079F083B30020BDE8F08113B11948013B1AE0BA
S31500007A004FF00C0CDFE72F795FB9182043430EEBDC
S31500007A10030001240E60C0E902774EF803200471CA
S31500007A20E5E7B445334605F1180504F11804CFD14E
S31500007A30DDE70C48013B18256B43C41824795CB973
S31500007A40C2500B68013B05FB03030122C3E9024454
S31500007A501A71CEE74620CDE74520CBE7483D010029
S31500007A603838010058390100012810B503D811B182
S31500007A7018B9202909D9212016E00C29FBD8C2B152
S31500007A800D4B5B688BB911200EE092B10A4B1B6857
S31500007A90002BF8D01068094B0139182404FB013378
S31500007AA098605268DA60002010BD1068044B0139F6
S31500007AB0F3E72220F8E700BF483D010058390100EE
S31500007AC038380100012830B536D8002934D0E8B955
S31500007AD0202931D8531E022B2ED8194B53F82030AB
S31500007AE063B302F00203D20721D54C1E182578B9DC
S31500007AF0144A05FB0422906033B1124B0139182257
S31500007B0002FB01310023CB60002030BD0C29E0E7E9
S31500007B100D4A05FB042200209060002BF4D00A4B8E
S31500007B201822013902FB01330022DA60ECE7002B50
S31500007B30EAD00028E1D0F2E72120E6E71120E4E7C9
S31500007B40483D01005839010038380100034BC00098
S31500007B501A580AB107221A50704700BF041213467A
S31500007B6010B50020FFF7F2FF024BBDE810401B687E
S31500007B7000201847943D010010B50120FFF7E6FFED
S31500007B80024BBDE810405B6801201847943D010098
S31500007B9010B50220FFF7DAFF024BBDE810409B68E4
S31500007BA002201847943D010010B50320FFF7CEFFD1
S31500007BB0024BBDE81040DB6803201847943D0100E6
S31500007BC010B50420FFF7C2FF024BBDE810401B6949
S31500007BD004201847943D010010B50520FFF7B6FFB5
S31500007BE0024BBDE810405B6905201847943D010033
S31500007BF010B50620FFF7AAFF024BBDE810409B69AF
S31500007C0006201847943D010010B50720FFF79EFF98
S31500007C10024BBDE81040DB6907201847943D010080
S31500007C2010B5002000F0B8F8024BBDE810401B6804
S31500007C30002018478C3D010010B5012000F0ACF87B
S31500007C40024BBDE810405B68012018478C3D0100DF
S31500007C5010B500F0B1F8C00702D5012000F0A6F873
S31500007C6000F0AAF810F0020403D0022000F09EF8FB
S31500007C70012400F0A1F8410703D5042000F096F88E
S31500007C80022400F099F8020703D5082000F08EF8C8
S31500007C90032400F091F8C30603D5102000F086F8FF
S31500007CA00424044B53F824301BB12046BDE8104091
S31500007CB0184710BD503D010010B5002000F084F8B3
S31500007CC0012802D1002000F087F8012000F07CF89E
S31500007CD0012804463ED100F07FF8022000F074F837
S31500007CE0012803D1022000F077F80224032000F0D7
S31500007CF06BF8012803D1032000F06EF8032404205A
S31500007D0000F062F8012803D1042000F065F804248D
S31500007D10052000F059F8012803D1052000F05CF891
S31500007D200524062000F050F8012803D1062000F0B3
S31500007D3053F80624072000F047F8012803D107204E
S31500007D4000F04AF80724044B204653F82430BDE8D7
S31500007D50104018470024C0E76C3D010010B5002113
S31500007D60042000F055F8012802D1002000F03EF86A
S31500007D700121042000F04CF80128044608D100F047
S31500007D8035F8044B204653F82430BDE81040184718
S31500007D900024F6E7643D0100034BC0001A5842F088
S31500007DA001021A50704700BF44121346014B4000AF
S31500007DB09860704700000812024BD868C0F3440070
S31500007DC0704700BF00000812024BC000185800F0B0
S31500007DD00100704704D20424034BC0001A5842F035
S31500007DE001021A50704700BF04D20424034BC0009E
S31500007DF01A5842F001021A50704700BF44D20424B8
S31500007E000A460146014802F0BDBB00BFBCD92008A6
S31500007E10052870B506460D4601F5127411D91148AC
S31500007E2040F24B31FFF7ECFF012D04D90D484FF41A
S31500007E305371FFF7E5FFE30003F18C4303F5981355
S31500007E400DE0012904D907484FF45371FFF7D8FF15
S31500007E50042EF0D1E30003F1105303F5982358687C
S31500007E6070BD00BFE2D9200808B504F021FC0C4A19
S31500007E70D2F8FC3043F08073C2F8FC30A2F55D42C4
S31500007E80136843F001031360064BD3F87421D2073D
S31500007E9042BFD3F8742122F00102C3F8742108BD51
S31500007EA000ED00E000800046B0F1005F70B518D12B
S31500007EB00C4C0D48236804225D6C00210623A8475C
S31500007EC0236809485D6C052206230021A84723681C
S31500007ED005485C6C0022A4460623BDE870401146A6
S31500007EE0604770BD0001300000C00424014BC3F898
S31500007EF07C01704700800046094BA622C3F87C210E
S31500007F00D3F8742142F00202C3F874214FF0E02343
S31500007F104FF48062C3F80821142283F84A2470477C
S31500007F20008000461FB50E2200210DF1020002F06E
S31500007F3081FC01238DF800301049802301A88DF8BB
S31500007F40013000F0A7FEBDF80A301BB94FF480736C
S31500007F50ADF80A30BDF80C301BB94FF40073ADF81C
S31500007F600C304FF4E063002269467520ADF80E3000
S31500007F7000F054FD05B05DF804FB00BF76DB200879
S31500007F801FB5034600689B880190002203917E205E
S31500007F9001A9ADF80A20ADF8083000F03FFD05B0A4
S31500007FA05DF804FB41F20603984209D13C4B1B687D
S31500007FB09A68D27C012A70D1DB680B600320704777
S31500007FC040F2055398420BD0431E062B08D9A0F168
S31500007FD08D039BB21A2B09D9A0F59773012B16D8DE
S31500007FE02F4B1B689B680B60012070472D4A42FA95
S31500007FF003F3DB07F4D5BE28F2D0B0F5967FEFD0B9
S31500008000A0F17503172B0DD8254B1B68D4E700F597
S31500008010FF4370339BB20C2BEDD8234A42FA03F38D
S31500008020DA07DDD5A0F192039BB2162B15D9A0F184
S31500008030AA030E2BE8D9A0F1BA03072BE4D940F224
S315000080402D139842E0D040F26F139842DCD06FF4C3
S31500008050B8728318032B05D8D6E7144A42FA03F3FD
S31500008060DB07D1D5A0F1F2030B2BCDD940F20113DA
S315000080709842C9D06FF48273C318262BC4D95028EE
S31500008080C2D041F2FF539842BED0A0F5A8534A2B66
S31500008090BAD941F6FF739842B6D0FF20704700BFA9
S315000080A0E83D0100F8DFFFF9DEEFFFFFC07BB0FF20
S315000080B0012903463DD0032938D1A0F17502092ACA
S315000080C037D9B0F5837F2ED01FD8B0F5817F13D274
S315000080D0C02828D8972806D87E2847F2F85098BF97
S315000080E04FF4FA407047A0F19C03242B47F224700A
S315000080F088BF4FF4FA40704740F2051247F22470E9
S31500008100934218BF4FF4FA40704740F26F12904204
S3150000811009D0B0F5B87F09D240F20712904208D0D4
S3150000812040F22B12EAE747F2F85070474FF4FA4054
S31500008130704747F22470704710B50C4C2468E46809
S31500008140646A6468C4E90F23029B6364039BA364A7
S31500008150049BE364059B2365069B6365079BA365F8
S31500008160089BE365C4E90D0110BD00BFE83D0100B1
S31500008170A72810B50B46144629D010D88F2847D00B
S3150000818005D8012827D005283CD0002031E09A28C0
S3150000819048D0A628F9D10B681361042029E0B0F570
S315000081A0977F27D00BD8BE2863D0B0F5967FECD149
S315000081B0832204F1100002F0F3FB832019E048F259
S315000081C01002904228D048F215029042DDD11B8859
S315000081D0238202200DE0103401F1300253F8041B13
S315000081E044F8041B9342F9D11A8822809B78A37025
S315000081F0332010BD304A1268926891880129C4D193
S31500008200002191801A6822619B88A3820620F0E7EC
S315000082100B7813740120ECE70A6822614A686261F0
S315000082200820E6E70A782274132A06D0142A11D009
S31500008230082AEFD04FF6FE70DBE7103401F1180282
S3150000824053F8041B44F8041B9342F9D11B8823807E
S315000082501A20CEE7103401F1100253F8041B44F83B
S31500008260041B9342F9D11A8822809B78A3701320AD
S31500008270BFE7097811745A78627441EA02214FF611
S315000082801442914211D04FF61B4291427FF47DAFCA
S31500008290103403F1240253F8041B44F8041B9342E0
S315000082A0F9D11B7823702520A3E71A8822829B78B0
S315000082B0A37403209DE700BFE83D01002DE9F74FB9
S315000082C0034610467F4A1268B3F5977FD7680C4677
S315000082D080F0E7804F2B40F2F380503BDD2B00F21D
S315000082E0EF80DFE813F06101ED00ED00ED00ED0039
S315000082F0ED00ED00ED00ED00ED00ED00ED00ED0010
S31500008300ED00ED00ED00ED00ED00ED00ED00ED00FF
S31500008310ED00ED00ED00ED00ED00ED00ED00ED00EF
S31500008320ED00ED00ED00ED00ED00ED00ED00ED00DF
S3150000833002011F0125014001ED00300148015301F2
S3150000834053015901A1017201A101A1017F01A101FE
S315000083508B019201A101AB01B301BF01BF01C701AE
S31500008360ED00ED00ED00ED00ED00D001DB01E301D5
S315000083703C02F4012B02ED00ED00ED00ED001401CE
S31500008380ED00ED00ED00ED0036025301400248011C
S315000083905602ED00ED001401ED0053015C0253019D
S315000083A06002ED005C02360259016B02ED005301DA
S315000083B040016B0256025301ED00720281025C021B
S315000083C0ED00ED00ED00ED005901ED00ED00ED00D2
S315000083D0ED00ED00ED00ED00ED00ED00ED00ED002F
S315000083E0ED00ED00ED00ED00ED00ED00ED00ED001F
S315000083F0ED00ED00ED00ED00ED00ED00ED00ED000F
S31500008400ED00ED00ED00ED00ED00ED00ED00ED00FE
S31500008410ED00ED00ED00ED00ED00ED00ED00ED00EE
S31500008420ED00ED00ED00ED00ED0087029502A702DC
S31500008430B002B902CB02D402DF02F302FC02070348
S315000084401303ED00ED00ED003602ED00ED00ED004A
S31500008450400136022103E901ED00400128032E0305
S31500008460ED00ED00ED00ED004001ED00ED00ED004A
S31500008470ED00ED00ED00ED00ED00ED00ED00ED008E
S31500008480ED00ED00ED00ED00ED00ED00ED00ED007E
S31500008490ED00ED00ED00ED00ED00ED005301ED0007
S315000084A03903B3F5BA7F00F07A810DD840F26F1226
S315000084B0934200F0558240F27112934200F05782C7
S315000084C000254CE0E83D010041F6FF729342F7D1EA
S315000084D0103001F1180354F8042B40F8042B9C4289
S315000084E0F9D1238803801A2509E0103001F1100321
S315000084F054F8042B40F8042B9C42F9D11025BB8874
S315000085009A0740F1858243F40043BB8027E0103090
S3150000851001F1200354F8042B40F8042B9C42F9D1B6
S315000085202025ECE70B6803614B6843610825E6E705
S31500008530103001F1140354F8042B40F8042B9C422C
S31500008540F9D11425DBE7103001F10C0354F8042BA4
S3150000855040F8042B9C42F9D1238803800E25284637
S3150000856003B0BDE8F08F0B6803618B8883828B793B
S3150000857083750725F3E7103001F1200354F8042B27
S3150000858040F8042B9C42F9D12025E8E70B680361EB
S315000085904B6843610825E2E70B6803614B6843615A
S315000085A08B6883610C25DAE70B78CD78012B1BBF2E
S315000085B0B1F8035004350335ADB22A460131103007
S315000085C002F0EEF90023BB74C9E7103001F11C0379
S315000085D054F8042B40F8042B9C42F9D10023BB74B9
S315000085E01C25BCE7103001F1200354F8042B40F899
S315000085F0042B9C42F9D10023BB74C5E70B680361C9
S315000086004B6843610023BB74C4E7103001F11003CB
S3150000861054F8042B40F8042B9C42F9D1238803809C
S315000086200023BB7412259AE70B6803614B6843610C
S315000086300B8903830023BB740A2590E7F9221030C7
S3150000864002F0AEF90023BB74F92588E7F922103051
S3150000865002F0A6F94FF000084646C2464FF001095F
S31500008660F9253FE0FB22103002F09AF90023BB7493
S31500008670FB2574E70B6803618B8883828B7983758E
S315000086800023BB7475E7103001F1180354F8042B6E
S3150000869040F8042B9C42F9D1182560E74FF4887204
S315000086A0103002F07DF94FF4887558E7F422103047
S315000086B002F076F9F42552E70B6803614FF00008E3
S315000086C04B6843610126C246C14608250AE0FA22E4
S315000086D0103002F065F94FF000084646C2464FF0EA
S315000086E00109FA250622214607F1300002F092F828
S315000086F08346002800F04A810622214607F14800F9
S3150000870002F088F800287FF42AAF0124A346002E41
S3150000871040F03E81B9F1000F40F05C81BAF1000FE4
S315000087203FF41DAF182303FB0B7B01239BF83D2071
S31500008730002A00F0668187F8213110E7FA2210300E
S31500008740002602F02DF941F20D584FF0010AB1460C
S31500008750C7E70B6803618B8883820625FFE60B88D3
S3150000876003820225FBE600230093ADF804300B6874
S3150000877003618B88838200F110050622694628462C
S3150000878002F048F80028E8D1A349284600F082FA0A
S31500008790E3E7FA22103002F003F9FA25DFE6236850
S315000087A003610425DBE6103001F1280354F8042B9D
S315000087B040F8042B9C42F9D12825D0E60B680361CA
S315000087C04B6843610B89038336E7103001F11403CC
S315000087D054F8042B40F8042B9C42F9D123880380DB
S315000087E0A37883701725BAE60B8803828B78837487
S315000087F00325B4E60B6803614B6843610B89038369
S3150000880041F2095800264FF0010AB1460A2569E7E8
S315000088100B46103001F11C0253F8041B40F8041BF0
S315000088209342F9D1002641F202584FF0010AB146AF
S315000088301C2557E70B6803614B6843610B8903836B
S3150000884041F20358DEE70B6803614B6843610B890D
S31500008850038341F20458D5E70B46103001F120029C
S3150000886053F8041B40F8041B9342F9D1002641F249
S3150000887005584FF0010AB146202533E70B6803611E
S315000088804B6843610B89038341F20158BAE70B68D1
S3150000889003614B68436141F2065800264FF0010A16
S315000088A0B14612E70B46103001F1100253F8041BD3
S315000088B040F8041B9342F9D11B880380002641F23D
S315000088C008584FF0010AB14612250BE70B68036101
S315000088D04B6843610B89038341F2075892E7F922FB
S315000088E01030002602F05CF841F20A584FF0010AF7
S315000088F0B146B5E6FB221030002602F051F841F2EF
S315000089000B584FF0010AB146FB25EBE60B680361F5
S315000089108B8883828B798375002641F20C584FF041
S31500008920010AB1460725DDE60B6803614B68436122
S3150000893041F21C58B1E7FC22103002F031F8FC2558
S315000089400DE6103001F1100354F8042B40F8042B07
S315000089509C42F9D1102502E60B7803740125FEE549
S31500008960FA22103002F01CF80023BB7415E7CF2260
S31500008970103002F015F8BB88D90704D543F400433C
S31500008980BB80CF25EBE543F00203F9E70446BEE6DC
S31500008990182606FB0B73586C18B14FF0FF3103F025
S315000089A03FFE06FB0B7393F8370093F838108842A6
S315000089B009D0022287F82021586C00283FF4CFAD59
S315000089C003F036FECBE5586C08B103F031FE87F8AC
S315000089D02241C4E5182404FB0B73586C18B14FF000
S315000089E0FF3103F01DFE04FB0B7393F837200AB921
S315000089F00122DFE70021013A87F8201183F83720AA
S31500008A00DAE787F821918BF83D30ABF83E80A6E592
S31500008A1043F0010379E500BF88DB20082DE9F04F1C
S31500008A2087B000238B4604A9CDE90333074601929C
S31500008A300593FFF7B7FAFF2881462DD0B7F5977F44
S31500008A4006D1644B1B689B689B88012B40F0BE8057
S31500008A5049463846FFF72CFB049C8246606928B9D4
S31500008A606FF02406304607B0BDE8F08F514603F09C
S31500008A70FBFD05460028F3D153464FF49E7203A929
S31500008A8005A803F00DFEDDF80C800646B8F1000FD0
S31500008A9005D1606903F0F8FD6FF00306E2E71022E6
S31500008AA02946404601F0C6FE01239945A37419D113
S31500008AB04FF48E72294608F1100001F0BBFE4246C3
S31500008AC059463846FFF754FBB4F8203103BBB4F9D6
S31500008AD00430002B1CDB502F04BF9BF8003088F8B5
S31500008AE00E3024E0B9F1030F47D14FF48E722946B8
S31500008AF008F1100001F09EFE424659463846FFF73F
S31500008B00DDFB41F6FF739F42DED1B4F820314BB155
S31500008B10059803F095FD94F82031022B2FD16FF0C4
S31500008B20320634E0B4F90430002BF1DB7727C0F3CA
S31500008B300B01404600F074F8394608F1020000F0D7
S31500008B406FF8019BE36048F210039F4208BF40F2B2
S31500008B500553278202BF23820123A374A37C059AAF
S31500008B600321F8B203F0A8FDA06948BB6FF01D030E
S31500008B70236000232668A37418E02846A4E7012B87
S31500008B8018D094F82131002B18BF6FF02606B4F9DF
S31500008B900420A388002A06DADA070ED413F0020F9F
S31500008BA018BF6FF036060023A4F82031606903F081
S31500008BB06BFD57E76FF01E06E9E76FF03506F2E743
S31500008BC0514603F051FD0028D0D1D2E76FF00206DE
S31500008BD048E700BFE83D010030B58FB005463222B8
S31500008BE000210DF1050001F025FE284601F0E6FE04
S31500008BF0312828BF31200446024629460DF10500DA
S31500008C0001F0CEFE04F138036B44002201A90120D5
S31500008C1003F8332C8DF80440FFF700FF0FB030BD8A
S31500008C20054A12681278CBB2090A12B9037041706C
S31500008C307047437001707047E83D0100C0B2A0F173
S31500008C403003DBB2092B01D858B27047A0F14103BB
S31500008C50052B02D8373840B27047A0F16103052BC7
S31500008C6001D85738F7E70020704738B50546F8F7BA
S31500008C70F1FB002104460A46CBB2A34201F10101F1
S31500008C8001D3104638BDE856FFF7D8FF00EB0212B5
S31500008C9052B2F1E72DE9F3470F4605461121384652
S31500008CA0F8F7CDFB0026804605243346B146F1B2DF
S31500008CB0414505EB040A1A460CD308336B440022DF
S31500008CC0684603F8082CFFF7D0FF2855284602B05F
S31500008CD0BDE8F08779563A290DD108336B446846CA
S31500008CE003F8089CFFF7C1FF013CE4B28AF80000D4
S31500008CF000230136DBE708326A440133DBB202F8AF
S31500008D00081CF6E708B500F00BF8034A034B0028E9
S31500008D1014BF1046184608BDEC3D01002060000057
S31500008D20034B5868C0F30800003818BF012070478D
S31500008D3000ED00E008B5044B1B781BB103F0A0FC66
S31500008D40002008BD1120FCE7843F010081F00041AE
S31500008D5002E000BF83F0004330B54FEA41044FEA1A
S31500008D60430594EA050F08BF90EA020F1FBF54EAB5
S31500008D70000C55EA020C7FEA645C7FEA655C00F051
S31500008D80E2804FEA5454D4EB5555B8BF6D420CDD22
S31500008D902C4480EA020281EA030382EA000083EAA5
S31500008DA0010180EA020281EA0303362D88BF30BD45
S31500008DB011F0004F4FEA01314FF4801C4CEA11319B
S31500008DC002D0404261EB410113F0004F4FEA0333FA
S31500008DD04CEA133302D0524263EB430394EA050F85
S31500008DE000F0A780A4F10104D5F1200E0DDB02FAF4
S31500008DF00EFC22FA05F2801841F1000103FA0EF288
S31500008E00801843FA05F359410EE0A5F120050EF14D
S31500008E10200E012A03FA0EFC28BF4CF0020C43FA7E
S31500008E2005F3C01851EBE37101F0004507D54FF08B
S31500008E30000EDCF1000C7EEB00006EEB0101B1F5DB
S31500008E40801F1BD3B1F5001F0CD349085FEA300021
S31500008E504FEA3C0C04F101044FEA445212F5800F2C
S31500008E6080F09A80BCF1004F08BF5FEA500C50F1C9
S31500008E70000041EB045141EA050130BD5FEA4C0CAC
S31500008E80404141EB0101013C28BFB1F5801FE9D209
S31500008E9091F0000F04BF01460020B1FA81F308BF2C
S31500008EA02033A3F10B03B3F120020CDA0C3208DDF8
S31500008EB002F1140CC2F10C0201FA0CF021FA02F1D3
S31500008EC00CE002F11402D8BFC2F1200C01FA02F143
S31500008ED020FA0CFCDCBF41EA0C019040E41AA2BF68
S31500008EE001EB0451294330BD6FEA04041F3C1CDA30
S31500008EF00C340EDC04F11404C4F1200220FA04F050
S31500008F0001FA02F340EA030021FA04F345EA0301F9
S31500008F1030BDC4F10C04C4F1200220FA02F001FABB
S31500008F2004F340EA0300294630BD21FA04F029463D
S31500008F3030BD94F0000F83F4801306BF81F48011D6
S31500008F400134013D4EE77FEA645C18BF7FEA655C49
S31500008F5029D094EA050F08BF90EA020F05D054EA1B
S31500008F60000C04BF1946104630BD91EA030F1EBF20
S31500008F700021002030BD5FEA545C05D14000494124
S31500008F8028BF41F0004130BD14F580043CBF01F517
S31500008F90801130BD01F0004545F0FE4141F47001FD
S31500008FA04FF0000030BD7FEA645C1ABF19461046D8
S31500008FB07FEA655C1CBF0B46024650EA013406BFD9
S31500008FC052EA033591EA030F41F4002130BD00BF98
S31500008FD090F0000F04BF0021704730B54FF4806455
S31500008FE004F132044FF000054FF0000150E700BFD6
S31500008FF090F0000F04BF0021704730B54FF4806435
S3150000900004F1320410F0004548BF40424FF0000121
S315000090103EE700BF42004FEAE2014FEA31014FEA64
S3150000902002701FBF12F07F4393F07F4F81F06051B3
S31500009030704732F07F4208BF704793F07F4F04BFFE
S3150000904041F40021704730B54FF4607401F00045DB
S3150000905021F000411CE700BF50EA010208BF70473B
S3150000906030B54FF000050AE050EA010208BF70472C
S3150000907030B511F0004502D5404261EB41014FF495
S31500009080806404F132045FEA915C3FF4D8AE4FF09D
S3150000909003025FEADC0C18BF03325FEADC0C18BF80
S315000090A0033202EBDC02C2F1200300FA03FC20FAD1
S315000090B002F001FA03FE40EA0E0021FA02F114441E
S315000090C0BDE600BF70B54FF0FF0C4CF4E06C1CEA37
S315000090D011541DBF1CEA135594EA0C0F95EA0C0FA8
S315000090E000F0DEF82C4481EA030621EA4C5123EA1B
S315000090F04C5350EA013518BF52EA033541F480114A
S3150000910043F4801338D0A0FB02CE4FF00005E1FBFC
S3150000911002E506F00042E0FB03E54FF00006E1FB46
S3150000912003569CF0000F18BF4EF0010EA4F1FF0489
S31500009130B6F5007F64F5407404D25FEA4E0E6D41C9
S3150000914046EB060642EAC62141EA55514FEAC520DA
S3150000915040EA5E504FEACE2EB4F1FD0C88BFBCF556
S31500009160E06F1ED8BEF1004F08BF5FEA500E50F107
S31500009170000041EB045170BD06F0004646EA0101CD
S3150000918040EA020081EA0301B4EB5C04C2BFD4EBFF
S315000091900C0541EA045170BD41F480114FF0000EF8
S315000091A0013C00F3AB8014F1360FDEBF002001F066
S315000091B0004170BDC4F10004203C35DA0C341BDCE0
S315000091C004F11404C4F1200500FA05F320FA04F0B2
S315000091D001FA05F240EA020001F0004221F00041E6
S315000091E010EBD37021FA04F642EB06015EEA430E59
S315000091F008BF20EAD37070BDC4F10C04C4F1200589
S3150000920000FA04F320FA05F001FA04F240EA02003B
S3150000921001F0004110EBD37041F100015EEA430E0C
S3150000922008BF20EAD37070BDC4F1200500FA05F22C
S315000092304EEA020E20FA04F301FA05F243EA0203AB
S3150000924021FA04F001F0004121FA04F220EA0200BA
S3150000925000EBD3705EEA430E08BF20EAD37070BD00
S3150000926094F0000F0FD101F00046400041EB0101E0
S3150000927011F4801F08BF013CF7D041EA060195F0C2
S31500009280000F18BF704703F00046520043EB03037C
S3150000929013F4801F08BF013DF7D043EA0603704769
S315000092A094EA0C0F0CEA135518BF95EA0C0F0CD074
S315000092B050EA410618BF52EA4306D1D181EA0301BA
S315000092C001F000414FF0000070BD50EA410606BFB4
S315000092D01046194652EA430619D094EA0C0F02D1F9
S315000092E050EA013613D195EA0C0F05D152EA03363E
S315000092F01CBF104619460AD181EA030101F000415C
S3150000930041F0FE4141F470014FF0000070BD41F0A4
S31500009310FE4141F4780170BD70B54FF0FF0C4CF47E
S31500009320E06C1CEA11541DBF1CEA135594EA0C0F9D
S3150000933095EA0C0F00F0A7F8A4EB050481EA030EEA
S3150000934052EA03354FEA013100F088804FEA0333D1
S315000093504FF0805545EA131343EA12634FEA02229F
S3150000936045EA111545EA10654FEA00260EF0004160
S315000093709D4208BF964244F1FD0404F5407402D2B2
S315000093805B084FEA3202B61A65EB03055B084FEA43
S3150000939032024FF480104FF4002CB6EB020E75EB40
S315000093A0030E22BFB61A754640EA0C005B084FEA68
S315000093B03202B6EB020E75EB030E22BFB61A7546E5
S315000093C040EA5C005B084FEA3202B6EB020E75EB30
S315000093D0030E22BFB61A754640EA9C005B084FEAA8
S315000093E03202B6EB020E75EB030E22BFB61A7546B5
S315000093F040EADC0055EA060E18D04FEA051545EAA4
S3150000940016754FEA06164FEAC30343EA52734FEA4C
S31500009410C2025FEA1C1CC0D111F4801F0BD141EAC5
S3150000942000014FF000004FF0004CB6E711F4801F2A
S3150000943004BF01430020B4F1FD0C88BFBCF5E06F0A
S315000094403FF6AFAEB5EB030C04BFB6EB020C5FEA1A
S31500009450500C50F1000041EB045170BD0EF0004E6F
S315000094604EEA113114EB5C04C2BFD4EB0C0541EAA1
S31500009470045170BD41F480114FF0000E013C90E69E
S3150000948045EA060E8DE60CEA135594EA0C0F08BF62
S3150000949095EA0C0F3FF43BAF94EA0C0F0AD150EA61
S315000094A001347FF434AF95EA0C0F7FF425AF1046F4
S315000094B019462CE795EA0C0F06D152EA03353FF41C
S315000094C0FDAE1046194622E750EA410618BF52EA99
S315000094D043067FF4C5AE50EA41047FF40DAF52EA6D
S315000094E043057FF4EBAE12E74FF0FF3C06E000BF0A
S315000094F04FF0010C02E000BF4FF0010C4DF804CD17
S315000095004FEA410C7FEA6C5C4FEA430C18BF7FEAD6
S315000095106C5C1BD001B050EA410C0CBF52EA430C04
S3150000952091EA030F02BF90EA020F0020704710F184
S31500009530000F91EA030F58BF994208BF90422CBF13
S31500009540D8176FEAE37040F0010070474FEA410C0C
S315000095507FEA6C5C02D150EA013C07D14FEA430C2A
S315000095607FEA6C5CD6D152EA033CD3D05DF8040B9B
S31500009570704700BF8446104662468C4619466346CD
S3150000958000E000BF01B5FFF7B7FF002848BF10F1A4
S31500009590000F01BD4DF808EDFFF7F4FF0CBF0120E9
S315000095A000205DF808FB00BF4DF808EDFFF7EAFF65
S315000095B034BF012000205DF808FB00BF4DF808ED20
S315000095C0FFF7E0FF94BF012000205DF808FB00BF15
S315000095D04DF808EDFFF7CEFF94BF012000205DF89F
S315000095E008FB00BF4DF808EDFFF7C4FF34BF0120AC
S315000095F000205DF808FB00BF4A0011D212F50012E8
S3150000960011D20DD56FF47873B3EB62520ED44FEAD4
S31500009610C12343F0004343EA505323FA02F0704754
S315000096204FF00000704750EA013002D14FF0FF3092
S3150000963070474FF00000704753B94AB9002908BF78
S3150000964000281CBF4FF0FF314FF0FF3000F06AB921
S31500009650ADF1080C6DE904CE00F006F8DDF804E083
S31500009660DDE9022304B070472DE9F047089D0C465A
S31500009670002B4ED194468C458646B2FA82F262D9C8
S315000096804AB1C2F12003914020FA03F30CFA02FC1E
S31500009690194300FA02FE4FEA1C471FFA8CF6B1FB8B
S315000096A0F7F44FEA1E4307FB141143EA014304FB98
S315000096B006F199420AD91CEB030304F1FF3080F04E
S315000096C01381994240F21081023C6344591A1FFAF1
S315000096D08EF3B1FBF7F007FB101143EA014300FBE1
S315000096E006F69E420AD91CEB030300F1FF3180F017
S315000096F0FD809E4240F2FA80634402389B1B40EA9A
S31500009700044000211DB1D3400022C5E90032BDE866
S31500009710F0878B4205D90DB1C5E900010021084645
S31500009720F5E7B3FA83F1002946D1A34202D390426A
S31500009730C0F0F180861A64EB03030120002DE6D009
S31500009740C5E90063E3E7002A40F09180A1EB0C0431
S315000097504FEA1C481FFA8CF70121B4FBF8F64FEAD2
S315000097601E4308FB164443EA044307FB06F09842EF
S3150000977008D91CEB030306F1FF3402D2984200F22B
S31500009780CE8026461C1A1FFA8EF3B4FBF8F008FBAF
S31500009790104443EA044300FB07F79F4208D91CEB39
S315000097A0030300F1FF3402D29F4200F2B18020464B
S315000097B0DB1B40EA0640A5E7C1F120068B4022FAF2
S315000097C006F71F4320FA06FC04FA01F343EA0C03EA
S315000097D0F44000FA01F8380C4FEA1349B4FBF0FEE6
S315000097E01FFA87FC00FB1E4449EA04440EFB0CF9F1
S315000097F0A14502FA01F20AD93C190EF1FF3A80F0AE
S315000098008580A14540F28280AEF1020E3C44A4EB75
S3150000981009041FFA83F9B4FBF0F300FB134449EA89
S31500009820044403FB0CFCA44507D93C1903F1FF30A3
S3150000983068D2A44566D9023B3C4443EA0E40A0FBED
S315000098400293A4EB0C049C42CE469C4652D34FD0C6
S3150000985055B1B8EB0E0364EB0C0404FA06F6CB40E4
S31500009860CC401E43C5E900640021BDE8F087C2F183
S31500009870200320FA03F10CFA02FC24FA03F39440C5
S315000098800C434FEA1C4800FA02FE1FFA8CF7B3FBA2
S31500009890F8F008FB1031230C43EA014300FB07F103
S315000098A0994208D91CEB030300F1FF362CD29942EA
S315000098B02AD9023863445B1AA4B2B3FBF8F108FB59
S315000098C0113344EA034401FB07F3A34208D91CEB16
S315000098D0040401F1FF3613D2A34211D902396444BC
S315000098E0E41A41EA004138E70446EFE6084605E790
S315000098F0C845ADD2B9EB020E63EB070C0138A7E7FA
S315000099003146EDE7034698E73046D4E7D6467EE78C
S31500009910634402384CE70646234608460EE7023EF5
S3150000992063442FE7704700BF1FB514461A46094B1C
S315000099301B680546D86854B9074B1C46CDE9013467
S3150000994000912B46054900F0EDFD01F03FF8044B70
S31500009950F4E700BF6408000060DB200804DE20088E
S31500009960F7DD200870B5A1FB02543CB9294600F08A
S315000099703FF8064628B90026304670BD0C22026024
S31500009980F9E72A46214600F055FFF5E7024B014666
S31500009990186800F02DB800BF64080000024B0146AD
S315000099A0186801F0CFBE00BF6408000070B50F4E06
S315000099B00C463168054611B900F07CFF306021463F
S315000099C0284600F077FF431C03D14FF0FF342046B2
S315000099D070BDC41C24F00304A042F8D0211A284606
S315000099E000F068FF0130F2D1EFE700BFD03F010081
S315000099F02DE9F041CD1C25F0030508350C2D38BFA7
S31500009A000C25002D064601DBA94204D90C23336040
S31500009A100020BDE8F081314F00F062F83B681C463B
S31500009A2044BB29463046FFF7C1FF431C044650D1CC
S31500009A303C682146002941D1002C44D02368304699
S31500009A4004EB030800F036FF80453CD121686D1A0F
S31500009A5029463046FFF7AAFF013034D023682B444D
S31500009A6023603B68002B36D05A68A24229D10022D7
S31500009A705A600EE02268521B1DD40B2A16D96119B2
S31500009A80A342256018BF5960636808BF39606251F8
S31500009A904B60304600F02AF804F10B00231D20F03D
S31500009AA00700C21AB5D01B1AA350B2E7A3426268D8
S31500009AB0DED13A60EDE723466468B1E70C464968B3
S31500009AC0B8E71346CEE70C233360304600F00EF8B5
S31500009AD09EE70560DDE75B60FFDE00BFD43F010067
S31500009AE0014800F00ABF00BF18410100014800F01C
S31500009AF005BF00BF184101002DE9F04F89B0DDE92F
S31500009B001598002B1D461446BCBF03F100431446AE
S31500009B1028F0200A149AB6BF1D4600232D23BAF159
S31500009B20460FDDE9126B137005D0BAF1450F00D16F
S31500009B300136022300E0032307AA049206AACDE910
S31500009B400292CDE9003622462B4600F0D1FFB8F14D
S31500009B50670F074619D11BF0010F0ED007EB060859
S31500009B600022002320462946FFF714FD08B1CDF850
S31500009B701C803022079B434521D3079B179ADB1B8A
S31500009B803846136009B0BDE8F08FB8F1470FE2D050
S31500009B90BAF1460F00EB0608E2D10378302B0AD162
S31500009BA00022002320462946FFF7F4FC18B9C6F127
S31500009BB00106C9F80060D9F800309844D0E7591C6E
S31500009BC007911A70D6E7F7B50029BABF49422D2387
S31500009BD02B2309290270437029DD0DF107031D4669
S31500009BE00A271A46B1FBF7F607FB1614303402F8BB
S31500009BF0014C0C46632C03F1FF333146F1DC303166
S31500009C00941E03F8011C411C2346AB420AD30DF1F6
S31500009C1009039B1AAC4288BF002302330344181A77
S31500009C2003B0F0BD13F8016B01F8016FEDE73023C7
S31500009C3030318370C170031DF1E700002DE9F04F4C
S31500009C4091B00C46DDF8688016461F46054600F0C2
S31500009C50F9FD03680893184600F0B0FE00230E9342
S31500009C60D8F800300990073323F0070303F1080200
S31500009C7094F818A0D4F800B0C8F80020D3E90089F9
S31500009C8029F000430B93CDF82880C4E91289DDE959
S31500009C900A019C4B4FF0FF3202F076FC70BBDDE907
S31500009CA00A01984B4FF0FF32FFF788FC30BB0022C9
S31500009CB0002340464946FFF777FC10B12D2384F870
S31500009CC04330914A914BBAF1470F94BF904698465C
S31500009CD0032323612BF0040323604FF00009009750
S31500009CE033460FAA2146284600F0DEF9013040F03F
S31500009CF099804FF0FF3011B0BDE8F08F42464B46D9
S31500009D004046494602F040FC40B14B46002BBCBFE2
S31500009D102D2384F843307E4A7E4BD4E763685A1C71
S31500009D2029D1062363604BF48063002223600692E8
S31500009D300EAACDE904A20DAA03920DF13302CDE9D4
S31500009D4001326368009342464B462846FFF7D4FE2D
S31500009D50BAF1670F0D99804615D1CB1C3BDB6368C2
S31500009D60994238DC0E9B994255DB23682161D8075E
S31500009D7045D54B1C42E00AF0DF02472AD3D1002B1F
S31500009D80D1D10123CEE7BAF1470F07D1C81C25DB95
S31500009D9063688B4222DB4FF0670AE3E7BAF1650F8F
S31500009DA01FD80139524604F150000D91FFF70BFF01
S31500009DB00E9A1318012A8146236102DC2268D20713
S31500009DC001D5013323619DF83330002B87D02D2335
S31500009DD084F8433083E74FF0650AE2E74FF0450A1F
S31500009DE0DFE7BAF1660FBDD1002963680BDD21619B
S31500009DF013B92268D00702D501330B442361A1654C
S31500009E004FF00009DFE713B92268D20701D5023304
S31500009E10F4E70123F2E70029D4BFC1F102020122CF
S31500009E201344EBE723685A0507D4236942463146B3
S31500009E302846B84701302BD15BE7BAF1650F40F2EF
S31500009E40DC80D4E9120100220023FFF7A3FB0028DF
S31500009E5033D0314A012331462846B84701303FF412
S31500009E6048AFDDE90D38434502DB2368D8070FD537
S31500009E70DDE9082331462846B84701303FF439AFBB
S31500009E804FF0000908F1FF3804F11A0AC84509DC49
S31500009E9023689B0700F10281E0680F9B9842B8BFD8
S31500009EA0184628E70123524631462846B84701306E
S31500009EB03FF41FAF09F10109E8E70D9B002B38DCE1
S31500009EC0154A012331462846B84701303FF411AF01
S31500009ED0DDE90D3959EA030302D12368D907D7D53D
S31500009EE0DDE9082331462846B84701303FF401AF83
S31500009EF04FF0000A04F11A0B0D9B5B4253450DDC33
S31500009F004B4693E7FFFFEF7F34DF200838DF20085A
S31500009F103CDF200840DF200844DF200801235A46A2
S31500009F2031462846B84701303FF4E3AE0AF1010A4C
S31500009F30E2E7A36DDDF838A05345A8BF5346002BD2
S31500009F40994636DC4FF0000B29EAE97904F11A024A
S31500009F50A36D0A93A3EB09035B4531DC0D9B9A4580
S31500009F603ADC2368DA0737D40D9BAAEB03090A9B70
S31500009F70AAEB03039945A8BF9946B9F1000F33DC54
S31500009F804FF0000829EAE97904F11A0B0D9BAAEBB8
S31500009F900303A3EB090343457FF77AAF01235A4630
S31500009FA031462846B84701303FF4A3AE08F1010810
S31500009FB0ECE7424631462846B8470130C2D198E61A
S31500009FC00123314628460A92B84701303FF491AE44
S31500009FD00A9A0BF1010BBBE7DDE908233146284657
S31500009FE0B8470130C0D184E60A9A4B46424431460E
S31500009FF02846B8470130C3D17BE6DDF838A0BAF170
S3150000A000010F01DCDB0736D50123424631462846DF
S3150000A010B84701303FF46DAEDDE9082331462846E6
S3150000A020B84701303FF465AED4E91201002200239F
S3150000A0300AF1FF3AFFF7AEFAC0B9534608F101023A
S3150000A04031462846B84701300CD152E601235A461C
S3150000A05031462846B84701303FF44BAE08F10108B7
S3150000A060D045F3DB4B4604F15002E0E64FF0000822
S3150000A07004F11A0BF4E701234246E1E701234A46BD
S3150000A08031462846B84701303FF433AE08F101089F
S3150000A090E3680F995B1A4345F0DCFDE64FF00008D4
S3150000A0A004F11909F4E700BF2DE9F0471646984672
S3150000A0B08A680B69DDF820909342B8BF1346336077
S3150000A0C091F8432007460C460AB1013333602368F2
S3150000A0D0990642BF336802333360256815F00605DA
S3150000A0E006D104F1190AE36832689B1AAB4226DCF2
S3150000A0F094F843302268003B18BF012392062BD404
S3150000A10004F1430241463846C84701301ED0236851
S3150000A110226903F00603042B02BFE5683368ED1AD3
S3150000A120A3680CBF25EAE57500259342C4BF9B1AB8
S3150000A130ED1800261A34B5421AD1002008E0012392
S3150000A140524641463846C847013003D14FF0FF30EA
S3150000A150BDE8F0870135C6E7E1185A1C302081F8C2
S3150000A1604300224494F8451082F843100233C7E7AF
S3150000A1700123224641463846C8470130E6D001361B
S3150000A180D9E700002DE9FF470F7E0C9E782F9146F8
S3150000A19080460C469A4601F1430207D8622F0AD838
S3150000A1A0002F00F0DD80582F00F0C38004F1420636
S3150000A1B084F842703AE0A7F16303152BF6D801A1A3
S3150000A1C051F823F01DB2200831B22008ADB12008A5
S3150000A1D0ADB12008ADB12008ADB1200831B22008DC
S3150000A1E0ADB12008ADB12008ADB12008ADB1200851
S3150000A1F047B32008BFB22008FFB22008ADB120083F
S3150000A200ADB1200869B32008ADB12008BFB220085F
S3150000A210ADB12008ADB1200807B3200833681A1D78
S3150000A2201B68326004F1420684F842300123A8E03C
S3150000A23031682368081D30601E0601D50D6803E0ED
S3150000A2405D06FBD5B1F900506168002D78DA2D2046
S3150000A250002984F84300A1602DDA5E486D420A2386
S3150000A2601646B5FBF3F103FB1157C75D06F8017DF2
S3150000A2702F46BB420D46F4D9082B0BD12368DF07C6
S3150000A28008D5236961689942DEBF302306F8013C90
S3150000A29006F1FF36921B2261CDF800A04B4603AAB9
S3150000A2A021464046FFF700FF01306FD14FF0FF30E7
S3150000A2B004B0BDE8F08723F004032360CDE72168EE
S3150000A2C03368080653F8045B02D4490648BFADB2AA
S3150000A2D06F2F4048336014BF0A230823002184F8F7
S3150000A2E043106668A660002EBADB216821F00401DF
S3150000A2F02160002DB4D1002EB2D11646BCE72368EA
S3150000A30043F0200323603448782784F84570236897
S3150000A31031681F0651F8045B02D45F0648BFADB230
S3150000A3203160D90744BF43F0200323601DB11023D9
S3150000A330D4E72848E9E7236823F020032360F6E7FB
S3150000A34024480A23CDE7336825686169181D306003
S3150000A3502E061B6801D5196002E06806FBD5198038
S3150000A36000232361164697E733681A1D32601E687C
S3150000A37062680021304600F0C3FA08B1801B6060B5
S3150000A38063682361002384F8433085E723693246F6
S3150000A39049464046D047013088D023689B0714D4ED
S3150000A3A0E068039B9842B8BF184681E7012332460E
S3150000A3B049464046D04701303FF478AF0135E3685F
S3150000A3C003995B1AAB42F1DCEAE7002504F11906B2
S3150000A3D0F5E700BF46DF200857DF2008002310B549
S3150000A3E00446C0E90033C0E90433836081814366D3
S3150000A3F0C2818361194608225C3000F01BFA0D4BBE
S3150000A40063620D4BA3620D4BE3620D4B23630D4B51
S3150000A41024629C4206D003F16802944202D0D033F3
S3150000A4209C4205D104F15800BDE8104000F064BA22
S3150000A43010BD00BF65B6200887B62008BFB6200845
S3150000A440E3B62008D83F0100024A0349034800F05A
S3150000A4507BB800BF5808000071D2200868080000C9
S3150000A46041680C4B994210B5044601D001F000FF3B
S3150000A470A168094B994202D0204601F0F9FEE16835
S3150000A480064B994204D02046BDE8104001F0F0BECC
S3150000A49010BD00BFD83F010040400100A8400100A8
S3150000A4A010B50B4B0B4C0C4A1A60204600220421B7
S3150000A4B0FFF794FF04F1680001220921FFF78EFFE0
S3150000A4C004F1D0000222BDE810401221FFF786BF3A
S3150000A4D010410100D83F010049B42008014800F0AE
S3150000A4E00CBA00BF19410100014800F007BA00BFCD
S3150000A4F01941010010B50446FFF7F0FF236A1BB1AE
S3150000A500BDE81040FFF7F0BF044B2362044B1B6805
S3150000A510002BF5D1FFF7C4FFF2E700BF61B42008B6
S3150000A520104101000EB403B5014603AB054853F8CC
S3150000A530042B0068019301F0FFFC02B05DF804EB08
S3150000A54003B07047640800002DE9F84307468846C3
S3150000A55014460026D4E90195B9F1010905D5246808
S3150000A560002CF7D13046BDE8F883AB89012B07D91B
S3150000A570B5F90E30013303D029463846C0470643A5
S3150000A5806835E9E70FB407B5064904AB086853F820
S3150000A590042B8168019301F0CFFC03B05DF804EB56
S3150000A5A004B0704764080000036A70B58468054605
S3150000A5B00E460BB9FFF79EFF636EDB0705D4A38932
S3150000A5C0980502D4A06D00F098F9A389190702D561
S3150000A5D02369002B35D12146284600F0C5F880B303
S3150000A5E04FF0FF35636EDA0705D4A3899B0502D4C5
S3150000A5F0A06D00F083F9284670BD002B15DB23689B
S3150000A6005A1C22601970A36816F8011F013BA3604B
S3150000A6100029F2D1002B16DA22460A21284600F03C
S3150000A62064F80130DCD00A25DCE7A2699A4201DC35
S3150000A6300A29E4D12246284600F057F80130E2D133
S3150000A640CEE7013EDFE723685A1C22600A221A7011
S3150000A650E9E70000024B01461868FFF7A5BF00BFF7
S3150000A6606408000010B50C46B1F90E1000F010F9A0
S3150000A6700028ABBF636DA3891B1823F48053ACBFBE
S3150000A6806365A38110BD2DE9F0411F468B89DB056B
S3150000A69005460C46164605D5B1F90E1002230022D2
S3150000A6A000F0E4F8A389B4F90E1023F48053A381D3
S3150000A6B032463B462846BDE8F04100F00BB910B5DE
S3150000A6C00C46B1F90E1000F0D1F8431CA38915BF52
S3150000A6D0606523F4805343F48053A38118BFA3819C
S3150000A6E010BDB1F90E1000F0B1B8F8B50E4614461B
S3150000A6F0054618B1036A0BB9FFF7FCFEA369A36010
S3150000A700A3891A0701D5236943B92146284600F0D3
S3150000A7102BF818B14FF0FF373846F8BD2368226989
S3150000A720981A6369F6B28342374605DC2146284605
S3150000A73001F09EFD0028EDD1A368013BA3602368CC
S3150000A7405A1C22601E706269431C9A4204D0A38977
S3150000A750DB07E1D50A2EDFD12146284601F088FD28
S3150000A7600028D9D0D6E7000038B5294B0546186829
S3150000A7700C4618B1036A0BB9FFF7BCFEB4F90C30EE
S3150000A780190722D4DA0607D409222A6043F04003C7
S3150000A790A3814FF0FF3033E0580712D5616B41B10A
S3150000A7A004F14403994202D0284600F0CBFF00236F
S3150000A7B06363A38923F02403A381002363602369D1
S3150000A7C02360A38943F00803A38123694BB9A389B6
S3150000A7D003F42073B3F5007F03D02146284601F029
S3150000A7E095FDB4F90C3013F001020AD00022A260E4
S3150000A7F062695242A261226942B913F08000C5D152
S3150000A80038BD990758BF6269A260F4E70020F7E7F0
S3150000A8106408000010B501390244904201D10020BD
S3150000A82005E0037811F8014FA34201D0181B10BDB3
S3150000A8300130F2E702440346934200D1704703F821
S3150000A840011BF9E700487047A409000038B5064D1A
S3150000A8500023044608462B60F7F794F9431C02D1FF
S3150000A8602B6803B1236038BD1441010038B5074D8C
S3150000A87004460846114600222A601A46F7F78CF964
S3150000A880431C02D12B6803B1236038BD144101007B
S3150000A89038B5074D04460846114600222A601A4676
S3150000A8A0F7F77CF9431C02D12B6803B1236038BD4E
S3150000A8B01441010038B5064D0023044608462B60B6
S3150000A8C001F0A0FE431C02D12B6803B1236038BD02
S3150000A8D01441010038B5074D0446084611460022CA
S3150000A8E02A601A46F7F72CF9431C02D12B6803B1EC
S3150000A8F0236038BD1441010070477047704700005F
S3150000A90001F0FF01102A2BDB10F0070F08D010F81A
S3150000A910013B013A8B422DD010F0070F42B3F6D11E
S3150000A920F0B441EA012141EA014122F007047FF037
S3150000A93000070023F0E80256083C85EA010586EA8E
S3150000A940010685FA47F5A3FA87F586FA47F6A5FACA
S3150000A95087F68EB9EED1F0BC01F0FF0102F00702D6
S3150000A96032B110F8013B013A83EA010313B1F8D181
S3150000A9700020704701387047002D06BF3546033862
S3150000A980073815F0010F07D1013015F4807F02BF9B
S3150000A990013015F4C03F0130F0BC0138704700BFEC
S3150000A9A00A44914200F1FF3300D1704710B511F807
S3150000A9B0014B03F8014F9142F9D110BD034613F83C
S3150000A9C0012B002AFBD1181A0138704708B506205A
S3150000A9D001F000FD0120F7F7ADF82DE9F74F036907
S3150000A9E00C69A34207467EDB013C01F11408A30073
S3150000A9F000F11405009305EB8403019358F8243005
S3150000AA0055F8242001339A4208EB8409B2FBF3F689
S3150000AA102ED34FF0000AC446AE46D3465CF8043B3C
S3150000AA2098B206FB00A0020C1B0C06FB0323DEF803
S3150000AA30002080B292B2121A5A44DEF800004FEAA1
S3150000AA40134A9BB2C3EB224303EB104392B242EA92
S3150000AA500342E1454EF8042B4FEA234BDED2009B1E
S3150000AA60EB582BB9019B043B9D421A462FD33C6100
S3150000AA70384601F02FF9002825DB2946002058F832
S3150000AA80042BD1F800C01FFA82FE1FFA8CF3A3EB49
S3150000AA900E030344120CC2EB234202EB1C429BB290
S3150000AAA043EA0243C14541F8043B4FEA2240E6D25D
S3150000AAB055F8242005EB840322B9043B9D421A462F
S3150000AAC00BD33C610136304603B0BDE8F08F126807
S3150000AAD0043B002ACBD1013CC6E71268043B002A9E
S3150000AAE0EFD1013CEAE70020EEE70000000000009D
S3150000AAF02DE9F04FC76997B014461D46CDE90445C8
S3150000AB00239E83467FB91020FEF740FF0246CBF80E
S3150000AB101C0020B9A64BEF21A648FEF705FFC0E9A9
S3150000AB2001770760C760DBF81C30196859B15A68AD
S3150000AB304A60012393408B60584600F08DFEDBF897
S3150000AB401C3000221A602B1EB9BF23F00043059368
S3150000AB5000233360059F984BBCBF01223260BB4384
S3150000AB6019D1229A42F20F731360C7F313032343DA
S3150000AB7000F0DE85249B53B9904B21E0904B08935F
S3150000AB800833249A1360089817B0BDE8F08F8B4BF2
S3150000AB9008930333F5E79DED047B002251EC170B78
S3150000ABA000238DED0C7BFEF7F5FC804650B1229A12
S3150000ABB001231360249B13B1249A824B1360824BAA
S3150000ABC00893E0E714AB019315AB00935846DDE913
S3150000ABD00C2301F02FF9C7F30A560390002E79D003
S3150000ABE00D9BCDF84C80C3F31303DDE90C0143F054
S3150000ABF07F5343F44013A6F2FF3619460022734BE7
S3150000AC00FEF7A8F864A3D3E90023FEF75BFA64A372
S3150000AC10D3E90023FEF7A0F8044630460D46FEF7BA
S3150000AC20E7F961A3D3E90023FEF74CFA02460B4687
S3150000AC3020462946FEF790F804460D4601F0BAFC78
S3150000AC4000220746002320462946FEF7ADFC40B108
S3150000AC503846FEF7CDF922462B46FEF79BFC00B997
S3150000AC60013F162F53D85A4B03EBC703D3E90023F2
S3150000AC70DDE90C01FEF798FC00284AD0013F0023CD
S3150000AC801293149B9B1B5A1E45BFC3F101030993E4
S3150000AC90002300230A9254BF09930A93002F3ADB3C
S3150000ACA00A9B0F973B440A9300230B93209B092B87
S3150000ACB067D8052BC4BF043B2093209BA3F1020356
S3150000ACC0CCBF00240124032B00F28680DFE803F0CA
S3150000ACD02B383657DDE914631E4406F23243202B27
S3150000ACE0C1BFC3F140039F4006F2124324FA03F3A7
S3150000ACF0D6BFC3F1200347EA030004FA03F0FEF7C8
S3150000AD0067F90122A1F1F873013E139275E7012359
S3150000AD10B6E71290B5E7099BDB1B09937B420B93C1
S3150000AD2000230F93C2E700230E93219B002B56DCD2
S3150000AD300123069399461A4621920CE00123F3E774
S3150000AD4000230E93219BFB1803F1010906934B4642
S3150000AD50012BB8BF0123DBF81C000021042202F1FD
S3150000AD6014059D423FD94160584600F035FD0890D4
S3150000AD7000283BD1174B024640F2AF11CCE6012327
S3150000AD80DFE70124002320930E944FF0FF33069350
S3150000AD90994600221223CFE761436F63A787D23F0C
S3150000ADA0B3C8608B288AC63FFB799F501344D33FB4
S3150000ADB075DF20088CDF20080000F07F71DF200897
S3150000ADC068DF200845DF200844DF20080000F83F40
S3150000ADD088E02008E5DF200801230E93D5E7219BB4
S3150000ADE006939946B7E701315200B8E7DBF81C3005
S3150000ADF0089A1A60B9F10E0F6FD8002C6DD0002F8B
S3150000AE0036DDA14B07F00F0203EBC20393ED007B87
S3150000AE10F8058DED107B4FEA271417D59B4BDDE91E
S3150000AE200C01D3E90823FEF777FACDE9040104F013
S3150000AE300F044FF00308954D5CB9DDE91023DDE9F9
S3150000AE400401FEF769FACDE904012BE04FF0020890
S3150000AE50F1E7E10709D5DDE91001D5E90023FEF7A1
S3150000AE6031F9CDE9100108F1010864100835E3E76E
S3150000AE7000F007817C42844B844D04F00F0203EB03
S3150000AE80C203D3E90023DDE90C01FEF71BF9CDE986
S3150000AE900401241100234FF00208002C40F0E58045
S3150000AEA0002BD0D1129BDDE90445002B00F04B812D
S3150000AEB0774B002220462946FEF776FB002800F055
S3150000AEC04281B9F1000F00F03E81069B002B00F392
S3150000AED0E380DDE90C34CDE90434159B002B02DB5D
S3150000AEE00E2F40F341820E9A002A40F066820B9C98
S3150000AEF0DDF824800025B8F1000F0DD00A9B002B49
S3150000AF000ADD4345099AA8BF4346D21A09920A9A0E
S3150000AF10A8EB0308D31A0A930B9B0BB30E9B002BCB
S3150000AF2000F0A582002C00F0A08229462246584651
S3150000AF3000F00AFE039A01460546584600F05AFDFF
S3150000AF4003990646584600F087FC0B9B1B1B0B9388
S3150000AF5000F090820B9A3146584600F0F5FD0390BA
S3150000AF600121584600F030FD0F9B0446002B00F0EF
S3150000AF7083821A460146584600F0E6FD209B012BC7
S3150000AF80044603DC049B002B00F07B820026236929
S3150000AF9004EB8303186900F0C7FC0F96C0F120008C
S3150000AFA00A9B184410F01F0000F09082C0F12003A5
S3150000AFB0042B40F38082099BC0F11C0003440993D3
S3150000AFC00A9B034480440A93099B002B05DD0399E1
S3150000AFD01A46584600F012FE03900A9B002B05DD28
S3150000AFE021461A46584600F009FE0446129B002BDD
S3150000AFF000F075820398214600F06CFE002880F26E
S3150000B0006E82002303990A22584600F047FC0E9BE5
S3150000B01003907E1E002B00F05B82002329460A2245
S3150000B020584600F03BFC069B002B054603DC209BA4
S3150000B030022B00F35D82B8F1000F05DD294642467A
S3150000B040584600F0DBFD05460F9B002B00F0CF8233
S3150000B0506968584600F0C0FB0746002840F07E822B
S3150000B0600C4B024640F2EF2156E5E20706D5D5E93C
S3150000B0700023FEF727F808F10108012364100835BC
S3150000B0800BE74FF002080DE788E0200860E0200893
S3150000B0900000F03FE5DF20082046AD4B00222946A0
S3150000B0A0FEF710F8CDE90401069C7E1E08F10108A2
S3150000B0B04046FDF79DFFDDE90423FEF703F8A54BA7
S3150000B0C00022FDF749FEA1F15073CDE9100111935D
S3150000B0D0002C3BD1DDE904019F4B0022FDF73AFE2F
S3150000B0E002460B46CDE90423DDE91023FEF77AFA82
S3150000B0F0002840F05781DDE9102101F10043DDE928
S3150000B1000401FEF751FA00283FF4E3AE0024254679
S3150000B110219BDDF820A0DE434FF00008214658466B
S3150000B12000F09AFB002D00F0A980B8F1000F05D0C1
S3150000B130A84503D04146584600F08EFB294658469E
S3150000B14000F08AFB9AE03E464C46B1E7834B03EBA0
S3150000B150C40353E90201089B1C440E9B002B4AD0F2
S3150000B16002460B4600207E49FEF7D6F8DDE910239D
S3150000B170FDF7F0FDCDE91001DDF820A0DDE90401C1
S3150000B18001F018FA0546FDF733FF02460B46DDE9E6
S3150000B1900401FDF7DFFD3035CDE9040102460B461B
S3150000B1A00AF8015BDDE91001FEF71CFA002865D1FB
S3150000B1B0DDE904236B490020FDF7CCFD02460B4672
S3150000B1C0DDE91001FEF70EFA002840F00D81A245D8
S3150000B1D000F0EA80DDE910015D4B0022FDF772FF09
S3150000B1E05B4BCDE910010022DDE90401FDF76AFFA2
S3150000B1F0CDE90401C2E7DDE91023FDF763FFCDE9E0
S3150000B2001001DDF820A0A046DDE9040101F0D2F925
S3150000B2100546FDF7EDFE02460B46DDE90401FDF7A6
S3150000B22099FD30350AF8015B02460B46A245CDE989
S3150000B23004234FF0000223D1494BDDE91001FDF74D
S3150000B2408BFD02460B46DDE90401FEF7CBF900282B
S3150000B25040F0CA80DDE9102341490020FDF77AFD60
S3150000B26002460B46DDE90401FEF79EF970B1C246BF
S3150000B27008F1FF381AF8013C302BF8D0374655E074
S3150000B280334BFDF71FFFCDE90401BDE7DDE90C34C3
S3150000B290CDE90434159B002BFFF629AE0E2F3FF7A0
S3150000B2A026AE2E4B03EBC70393ED007B219B002BB1
S3150000B2B08DED067B02DAB9F1000F64D0DDE90445B5
S3150000B2C0DDF820A0DDE9062320462946FEF724F80E
S3150000B2D001F070F90646FDF78BFEDDE90623FDF762
S3150000B2E0F1FE02460B462046294606F13004FDF7DC
S3150000B2F031FD0AF8014B089CAAEB0404A14502465D
S3150000B3000B4640F08280FDF727FDDDE90623044663
S3150000B3100D46FEF767F9002865D1DDE906232046CC
S3150000B3202946FEF737F908B1F3075CD40399584666
S3150000B33000F092FA00238AF80030229B01371F6042
S3150000B340249B002B3FF41FACC3F800A01BE400BFF6
S3150000B3500000244000001C400000144088E0200843
S3150000B3600000E03F0000F03FA24B03EBC70393ED64
S3150000B370007B219B002B8DED067B9FDAB9F1000F38
S3150000B3809CDC7FF4C3AE9C4B0022DDE90601FDF791
S3150000B39099FEDDE90423FEF71BF9044600287FF435
S3150000B3A0B5AE3E462546B4E0DDE90C34CDE90434BD
S3150000B3B0159B002B01DB0E2FD6DD209A012A36DCE9
S3150000B3C0139A82B303F233430B9CDDF82480099A67
S3150000B3D01A4409920A9A01211A4458460A9200F020
S3150000B3E0F3FA054687E53E4653469A4613F8012D7D
S3150000B3F0392A06D1089A9A42F7D10899302201369D
S3150000B4000A701A7801321A7038E77C4B0022FDF771
S3150000B41059FE0022002304460D46FEF7BBF800281D
S3150000B4203FF450AF82E7149BC3F13603CCE70B9B86
S3150000B43009F1FF34A34208DBB9F1000FA3EB0404C2
S3150000B4400EDBDDF824804B46C1E70B9B0F9A0B946D
S3150000B450E31A1A44DDF824800F924B460024B6E71F
S3150000B460099BA3EB09080023B1E7039E72E50B9A3B
S3150000B470039971E5039673E5209B012B17DC049B6A
S3150000B480ABB9059BC3F313039BB9059B23F0004699
S3150000B490360D360536B1099B013309930A9B0133F4
S3150000B4A00A9301260F9B002B7FF471AD0F960120A6
S3150000B4B076E50026F6E73FF487AD099A1C331A4471
S3150000B4C009920A9A1A4498440A927DE50346F4E7DB
S3150000B4D0069B002B2BDC209B022B09DC27E0B9F115
S3150000B4E0000F1DDC209B022B1ADDCDF818903E467E
S3150000B4F0069B002B7FF40CAE21460522584600F031
S3150000B500CDF901460446039800F0E4FB00287FF7D6
S3150000B510FFADDDF820A031230AF8013B0136FBE53B
S3150000B5200E9BCDF818903E46002B7FF484AD089F05
S3150000B53003982146FFF751FA00F1300907F8019BFD
S3150000B540089B069AFB1A9A4240F3CB800399002384
S3150000B5500A22584600F0A2F90390E9E72A69023266
S3150000B560920005F10C010C30FFF71AFA0122394658
S3150000B570584600F043FB089B089A03F1010A069B14
S3150000B58013440A93049B03F00103A8460B93054654
S3150000B5900AF1FF33214603980693FFF71EFA414648
S3150000B5A0099000F13009039800F094FB2A462146E1
S3150000B5B00746584600F0AAFBC268014602B3584641
S3150000B5C000F04AF9002F3ADA03990122584600F0B2
S3150000B5D015FB2146039000F07DFB002803DC29D1F2
S3150000B5E019F0010F26D0B9F1390F1DD132E02846E6
S3150000B5F0C1E700BF88E02008000014400000244096
S3150000B6000E90039800F066FB0E990C90584600F0D9
S3150000B61023F90C9A5ABB209B53B90B9B43B9B9F13A
S3150000B620390F17D0002F05DD099B03F1310901E021
S3150000B630002F2ADADDF818A00AF8019B6EE5209B98
S3150000B6403B4304D1049B03F00103002BBCD0B9F1AA
S3150000B650390F36D1069F392307F8013BBA46013F19
S3150000B6601AF8013C392B5BD001333B7056E5002FAD
S3150000B67006DB209B3B4306D1049B03F0010313B971
S3150000B680002AA1DCD6E7002AE1DC0A9B0AF8019C25
S3150000B690534557462FD0039900230A22584600F0F7
S3150000B6A0FDF8A84503904FF000034FF00A0241460B
S3150000B6B058460BD100F0F2F8804605460AF1010A19
S3150000B6C066E7DDF818A009F10109B5E700F0E6F82C
S3150000B6D02946804600230A22584600F0DFF8054630
S3150000B6E0ECE7069B002BC8BF1F46089BD8BF012767
S3150000B6F01F444FF0000803990122584600F07EFAD5
S3150000B7002146039000F0E6FA0028A7DC02D119F0E2
S3150000B710010FA3D1BA4617F8013D302BFAD0FDE44C
S3150000B720089BBB429AD1089A312301361370F5E47F
S3150000B730249B002B7FF422AA014BFFF741BA00BFDE
S3150000B74068DF200838B50546002941D051F8043C89
S3150000B7500C1F002BB8BFE418FEF7C2F91D4A136888
S3150000B76033B9636014602846BDE83840FEF7BEB9B9
S3150000B770A34208D9206821188B4201BF19685B686B
S3150000B78009182160EDE71A465B680BB1A342FAD9A6
S3150000B79011685018A0420BD120680144501883420A
S3150000B7A01160E0D118685B68536008441060DAE7FE
S3150000B7B002D90C232B60D6E7206821188B4204BFE0
S3150000B7C019685B68636004BF091821605460CAE7A2
S3150000B7D038BD00BFD43F010070B5C66904460D46AA
S3150000B7E076B91020FEF7D2F80246E06120B9184B70
S3150000B7F018486B21FEF798F8C0E901660660C66036
S3150000B800E669F36883B1E369DB6853F82500B8B9E4
S3150000B810012101FA05F6721D92002046FEF7A2F8F4
S3150000B82060B1C0E901560EE0212204212046FEF750
S3150000B83099F8E369F060DB68002BE4D1002070BD65
S3150000B840026843F825200023C0E90333F7E700BF69
S3150000B85075DF2008F6DF200870B5C66905460C4678
S3150000B86076B91020FEF792F80246E86120B9094B36
S3150000B87009488F21FEF758F8C0E901660660C660E0
S3150000B8803CB1EB696268DB6853F82210216043F82B
S3150000B890224070BD75DF2008F6DF20082DE9F04153
S3150000B8A00D6907460C461E4601F1140C0020DCF813
S3150000B8B0003099B202FB01611E0C0B0C02FB063331
S3150000B8C089B2013001EB034185424CF8041B4FEA73
S3150000B8D01346ECDC0EB3A368AB4219DC616838464C
S3150000B8E00131FFF779FF804628B902460C4B0D4817
S3150000B8F0BA21FEF719F82269023204F10C0192000E
S3150000B9000C30FFF74DF821463846FFF7A5FF4446B1
S3150000B91004EB850301355E6125612046BDE8F081B3
S3150000B920E5DF2008F6DF2008B0F5803F034636BF86
S3150000B930030400201020B3F1807F3CBF1B020830B7
S3150000B940B3F1805F3CBF1B010430B3F1804F03D3DA
S3150000B950002B0ADB013070479B0001D5023070478F
S3150000B9605B0001D50330704720207047036802460C
S3150000B97013F007000BD0D90721D4980749BF5B08FD
S3150000B9809B08012013605CBF13600220704799B2C8
S3150000B99009B91B0C1020D9B209B908301B0A1907BE
S3150000B9A004BF1B090430990704BF9B080230D9075E
S3150000B9B003D45B0800F1010003D013607047002038
S3150000B9C0704720207047000010B50C460121FFF794
S3150000B9D003FF024628B9054B054840F24511FDF71D
S3150000B9E0A3FF01234461036110BD00BFE5DF20080A
S3150000B9F0F6DF20082DE9F04F14460A6923699A42BA
S3150000BA00A8BF23460F46A4BF0C461F46D4F810A075
S3150000BA10D7F81090A36861680AEB0906B34285B0AF
S3150000BA20B8BF0131FFF7D8FE30B90246444B45484E
S3150000BA304FF4B171FDF778FF00F1140505EB8608A8
S3150000BA402B460022434521D307F1140104F11402C9
S3150000BA5002EB8A0201EB89030293131B153B23F0C9
S3150000BA600303043304F11507BA4238BF04230193D4
S3150000BA70029B03918B420CD8002E03DD58F8043D3F
S3150000BA80002B5BD0066105B0BDE8F08F43F8042BB0
S3150000BA90D8E7B1F800A0BAF1000F24D004F1140ED3
S3150000BAA0A9464FF0000C5EF8047BD9F800301FFA67
S3150000BAB087FB9BB20AFB0B334FEA174BD9F8007092
S3150000BAC063444FEA174C0AFB0BC707EB13479BB2BD
S3150000BAD043EA0743724549F8043B4FEA174CE2D85C
S3150000BAE0019B45F803C0039BB3F802900431B9F1FA
S3150000BAF0000F21D02B6804F1140CAE464FF0000A5B
S3150000BB00BCF800B0BEF8027009FB0B7757449BB235
S3150000BB1043EA07434EF8043B5CF8043B4FEA134AFA
S3150000BB20BEF8003009FB0A3303EB174362454FEAC0
S3150000BB30134AE5D8019FEB51043599E7013E9BE78F
S3150000BB40E5DF2008F6DF20082DE9F843154612F058
S3150000BB50030207460E4607D0254C013A002354F847
S3150000BB602220FFF79BFE0646AD103DD0FC697CB94E
S3150000BB701020FDF70BFF0246F86128B91D4B1E4841
S3150000BB8040F2B311FDF7D0FEC0E901440460C46081
S3150000BB90D7F81C80D8F808404CB940F271213846D5
S3150000BBA0FFF712FF0023C8F80800044603604FF0B1
S3150000BBB00009EB070AD5314622463846FFF71AFF39
S3150000BBC0314680463846FFF747FE46466D100BD095
S3150000BBD0206838B9224621463846FFF70BFF206019
S3150000BBE0C0F800900446E4E73046BDE8F88300BF9D
S3150000BBF050E0200875DF2008F6DF20082DE9F04721
S3150000BC000C464968236903EB6218A3680746914608
S3150000BC104FEA621A08F10106B3420BDB3846FFF71A
S3150000BC20DBFD054648B90246284B29484FF4EF711B
S3150000BC30FDF77AFE01315B00EEE7002300F1140107
S3150000BC4000F110021846534533DB20692AEAEA7AE6
S3150000BC5004F1140319F01F0901EB8A0103EB800CB0
S3150000BC602BD0C9F1200E8A460022186800FA09F086
S3150000BC7010434AF8040B53F8042B9C4522FA0EF2A3
S3150000BC80F3D8ACEB0403153B23F00303043304F1B0
S3150000BC901500844538BF0423CA500AB108F10206CC
S3150000BCA0013E38462E612146FFF7D6FD2846BDE8FF
S3150000BCB0F08742F8040F0133C5E7043953F8042B23
S3150000BCC041F8042F9C45F9D8EAE700BFE5DF2008D4
S3150000BCD0F6DF20080A6903460069801A30B50ED1DE
S3150000BCE01433143103EB820401EB820154F8045D32
S3150000BCF051F8042D954203D005D24FF0FF3030BDE8
S3150000BD00A342F3D3FBE70120F9E700002DE9F74F43
S3150000BD1089460646114648461446FFF7DBFF051ED0
S3150000BD2012D129463046FFF757FD024628B93F4B48
S3150000BD3040F237213E48FDF7F7FD0123C0E90435FF
S3150000BD40104603B0BDE8F08FBCBF4B46A146304657
S3150000BD50D9F80410BABF1C4601250025FFF73CFDA3
S3150000BD60024618B9314B40F24521E3E7D9F8107085
S3150000BD702669C56009F1100309F1140504F1140ED2
S3150000BD8000F1140B05EB87080EEB86060193D946E6
S3150000BD904FF0000C019B5EF8040B53F804AF0193BF
S3150000BDA01FFA8AF3194683B2CB1A000C6344C0EB20
S3150000BDB01A4000EB23409BB243EA0043764549F81C
S3150000BDC0043B4FEA204CE5D8331B153B23F0030315
S3150000BDD015340433A64238BF04231D445B441E4673
S3150000BDE02C4644450ED308F10301491B21F00301FB
S3150000BDF0033DA84538BF00210B4453F8041D91B1FB
S3150000BE0017619DE754F8041BE646080C1CFA81FCF2
S3150000BE10714400EB2C4089B241EA004146F8041B0C
S3150000BE204FEA204CDDE7013FE7E700BFE5DF2008EA
S3150000BE30F6DF20082DE973430121089E90469946B6
S3150000BE40FFF7CAFC044630B90246244B244840F2A8
S3150000BE500F31FDF769FDC9F30A55C9F313030DB197
S3150000BE6043F480130193B8F1000324D0684600938D
S3150000BE70FFF77CFDDDE90012D8B1C0F1200302FA1C
S3150000BE8003F30B43C24063610192019BA361002B44
S3150000BE900CBF012202222261ADB1A5F23345054451
S3150000BEA03560C0F13500099B1860204602B0BDE838
S3150000BEB070836161E9E701A8FFF758FD019B6361A3
S3150000BEC020300122E7E704EB8203A0F23240306023
S3150000BED01869FFF729FDC0EB4210E4E7E5DF20080B
S3150000BEE0F6DF20089368013B002B10B4936008DA54
S3150000BEF09469A34201DB0A2903D15DF8044BFEF7DE
S3150000BF00F4BB1368581C1060197008465DF8044BA2
S3150000BF107047F8B506460F461446D518AC4201D10F
S3150000BF20002007E014F8011B3A463046FFF7DAFF17
S3150000BF30431CF3D1F8BD00002DE9F04F0D469DB02E
S3150000BF4014469846064618B1036A0BB9FEF7D2FAAC
S3150000BF506B6ED90705D4AB899A0502D4A86DFEF796
S3150000BF60CCFCAB891B0701D52B699BB9294630460A
S3150000BF70FEF7FAFB70B16B6EDC0704D54FF0FF30AD
S3150000BF801DB0BDE8F08FAB899805F7D4A86DFEF714
S3150000BF90B5FCF3E70023099320238DF82930CDF86B
S3150000BFA00C803023DFF8AC818DF82A304FF0010980
S3150000BFB023469A4613F8012B0AB1252AF9D1BAEB82
S3150000BFC0040B0BD05B46224629463046FFF7A1FFFD
S3150000BFD0013000F0A780099A5A4409929AF8003075
S3150000BFE0002B00F09F8000234FF0FF32CDE90523A0
S3150000BFF00AF1010A049307938DF853301A935446B5
S3150000C000052214F8011B5348FEF77AFC049AD8B9A6
S3150000C010D10644BF20238DF85330130744BF2B238A
S3150000C0208DF853309AF800302A2B15D0079A5446CB
S3150000C03000204FF00A0C214611F8013B303B092B3A
S3150000C0404BD9B0B1079214E0A0EB080309FA03F349
S3150000C05013430493A246D2E7039B191D1B68039161
S3150000C060002BBBBF5B4242F0020207930793B8BFA7
S3150000C070049223782E2B0AD163782A2B32D1039B84
S3150000C0801A1D1B68039243EAE37302340593DFF833
S3150000C090D4A0217803225046FEF732FC38B1049B27
S3150000C0A0A0EB0A004022824013430134049314F8A3
S3150000C0B0011B29488DF828100622FEF721FC0028CE
S3150000C0C03FD0264B1BBB039B073323F007030833E4
S3150000C0D00393099B3B4409936AE70CFB02320C4627
S3150000C0E00120A8E700230134059319464FF00A0CF6
S3150000C0F0204610F8012B303A092A03D9002BC6D066
S3150000C1000591C4E70CFB012104460123F0E703ABCC
S3150000C11000932A46124B04A93046FDF78FFD0746C9
S3150000C120781CD6D16B6ED90705D4AB899A0502D493
S3150000C130A86DFEF7E3FBAB895B063FF51FAF0998D9
S3150000C1401EE703AB00932A46054B04A93046FEF7CB
S3150000C15019F8E4E750E120085AE120083DAC200830
S3150000C16013CF200856E12008B1F90C202DE9F04143
S3150000C170170705460C4656D44B68002B02DC0B6CA1
S3150000C180002B3DDDE66A002E3AD0002312F48052E1
S3150000C1902F68216A2B6025D0626DA389580705D5C3
S3150000C1A06368D21A636B0BB1236CD21A216AE66AF2
S3150000C1B000232846B047411C24D00023636023692E
S3150000C1C02360A389DA0400D56065616B2F60B9B17D
S3150000C1D004F14403994202D02846FFF7B3FA00233C
S3150000C1E063630DE001232846B047461C0246D4D1BE
S3150000C1F02B68002BD1D01D2B01D0162B2BD12F60F5
S3150000C20000202FE02A68B4F90C3042B11D2A01D073
S3150000C210162A22D10023636023692360D5E7626072
S3150000C22022692260CEE70F69002FE9D093070E68D6
S3150000C23008BF4B690F6018BF0023A6EB07088B6089
S3150000C240B8F1000FDCDD216AA66A43463A46284665
S3150000C250B047002808DCB4F90C3043F04003A38152
S3150000C2604FF0FF30BDE8F0810744A8EB0008E7E790
S3150000C27038B50B6905460C4613B90025284638BD66
S3150000C28018B1036A0BB9FEF735F9B4F90C30002B77
S3150000C290F3D0626ED00704D4990502D4A06DFEF7E0
S3150000C2A02CFB28462146FFF75FFF636EDA0705463B
S3150000C2B0E4D4A3899B05E1D4A06DFEF71FFBDDE75F
S3150000C2C070B50C46B1F90E10002996B015461E46FB
S3150000C2D00DDAA38913F0800F4FF0000114BF40233D
S3150000C2E04FF48063002031602B6016B070BD6A4643
S3150000C2F000F078F80028ECDB019901F47041A1F513
S3150000C3000053594259414FF48063EBE78B89F7B5E7
S3150000C3109D0706460C4607D504F1470323602361B3
S3150000C3200123636103B0F0BD01AB6A46FFF7C8FFA6
S3150000C330009F054639463046FDF75AFB48B9B4F921
S3150000C3400C309A05EED423F0030343F00203A381D5
S3150000C350E2E7A389206043F08003A381019BC4E93F
S3150000C36004075BB1B4F90E10304600F04DF828B161
S3150000C370A38923F0030343F00103A381A3891D438B
S3150000C380A581CFE71F2938B505460C4604D91623E3
S3150000C39003604FF0FF3038BDC26B12B152F8213046
S3150000C3A04BB9284600F052F8224601462846BDE819
S3150000C3B0384000F039B8012B0AD0591C03D1162396
S3150000C3C003600120E7E7002142F824102046984741
S3150000C3D00020E0E7024B01461868FFF7D3BF00BF15
S3150000C3E06408000038B5074D002304460846114688
S3150000C3F02B60F5F7CAFB431C02D12B6803B12360FF
S3150000C40038BD00BF1441010038B5064D002304466F
S3150000C41008462B60F5F7BEFB431C02D12B6803B11F
S3150000C420236038BD1441010038B5074D002304468A
S3150000C430084611462B60F5F775FB431C02D12B68A5
S3150000C44003B1236038BD00BF14410100F5F768BB96
S3150000C45082B001B901A942B14BB113780B601278D1
S3150000C460101E18BF012002B070471046FBE76FF0A0
S3150000C4700100F8E70346084641B1FF2A04D98A229B
S3150000C4801A604FF0FF3070470A70012070470000B5
S3150000C490C1F30A5C2DE9F041ACF2FF35132D0246DB
S3150000C4A00B460C46064634DC002D20DBDFF8D48034
S3150000C4B048FA05F801EA080C5CEA000C0F462DD094
S3150000C4C02DA3D3E90023FCF747FC00220023FDF748
S3150000C4D089F840B1002C03DD4FF480132B411F4433
S3150000C4E027EA0804002621463046BDE8F08122A34B
S3150000C4F0D3E90023FCF730FC00220023FDF772F895
S3150000C5000028F0D0002C33DB344300D01C4C00262E
S3150000C510E9E7332D06DDB5F5806F26D010461946BE
S3150000C520BDE8F081ACF2134C4FF0FF3727FA0CF759
S3150000C5303842F3D010A3D3E90023FCF70DFC002208
S3150000C5400023FDF74FF80028CDD0002C334609DD37
S3150000C550142D06D0C5F134050122AA4013449E428B
S3150000C56000D9013423EA0706BDE7FCF7F5FBD7E758
S3150000C57000264FF00044B6E79C7500883CE4377E01
S3150000C5800000F03FFFFF0F004FEA410C7FEA6C5CB2
S3150000C59002D150EA013C0AD14FEA430C7FEA6C5CB7
S3150000C5A002D152EA033C02D14FF0000070474FF02F
S3150000C5B0010070474FEA410212F5001215D211D55B
S3150000C5C06FF47873B3EB625212D94FEAC12343F08A
S3150000C5D0004343EA505311F0004F23FA02F018BF0C
S3150000C5E0404270474FF00000704750EA013005D1D5
S3150000C5F011F0004008BF6FF0004070474FF0000098
S3150000C600704700BF044A05491368002B08BF0B4654
S3150000C61018441060184670471C4101002071010043
S3150000C6205FF800F0893200005FF800F01930000072
S3150000C6305FF800F0E93200005FF800F049130000EF
S3150000C6405FF800F06D4500005FF800F0C52F0000B0
S3150000C6505FF800F0650B00005FF800F0F5310000B0
S3150000C6605FF800F0A11D00005FF800F04133000004
S3150000C6705FF800F0D93E00005FF800F0CD2400001E
S3150000C6805FF800F0954500005FF800F0B533000054
S3150000C6905FF800F0F92F00005FF800F0CD0B000006
S3150000C6A05FF800F0350C00005FF800F0F54500007B
S3150000C6B05FF800F0511D00005FF800F0FD0F00006C
S3150000C6C00D0A534D5020535543434553530D000D0A
S3150000C6D00A504153534B45592052455155455354E1
S3150000C6E02052454345495645440D00504153534B4E
S3150000C6F045592053454E44204641494C4544203A2D
S3150000C70020256C640D0A00504153534B4559205364
S3150000C710454E54203A2025640D0A005349393137D5
S3150000C7205F424C4500536574204E616D652046613D
S3150000C730696C6564203A20256C640D0A00416476B4
S3150000C7406572746973696E67204661696C656420F9
S3150000C7503A20256C640D0A000D0A424C45204144DE
S3150000C760564552544953494E472053544152544515
S3150000C770440D000D0A534939313720424C452049B2
S3150000C7804E495420444F4E450D0049444C450054F3
S3150000C7906D725100546D72205376630000080424B4
S3150000C7A0E8D72008E4D72008E0D72008DCD72008FF
S3150000C7B00000000000000000000000001000000063
S3150000C7C00000000000000000B82F01009C2F0100AF
S3150000C7D0030000000300000000000000000A010042
S3150000C7E000080100000201000001010000000145EF
S3150000C7F038D8200834D8200830D820082CD820086B
S3150000C8000000000000000000000000002C000000F6
S3150000C8100000000000000000E02F0100C42F01000E
S3150000C82002000000030400000000000000090804E4
S3150000C830001A0800001C0800001B08000000024443
S3150000C84088D8200884D8200880D820087CD82008DA
S3150000C8500000000000000000000000002F000000A3
S3150000C860000000000000000008300100EC2F01006D
S3150000C870010000000304000000000000001C03008B
S3150000C88000190300001B0300001A0300E52E200810
S3150000C890052F2008993020087D30200865302008B3
S3150000C8A01D302008D52F2008812F2008752F20083D
S3150000C8B0692F2008352F2008292F20081D2F200832
S3150000C8C0112F2008000A08000001030000090300D8
S3150000C8D0000B0300000A0605000B0606000606010B
S3150000C8E000070602002F020B0030020C00090204AA
S3150000C8F000060201001D0200001E020000080203DD
S3150000C90002020A02100401000200000000000000FA
S3150000C9100000000001000000F96E20080000000081
S3150000C9200000000001000000117020080100000056
S3150000C930E16F200801000000000000000100000077
S3150000C9400000000003000000010000005D742008E4
S3150000C9500000000000000000010000001174200823
S3150000C9600000000000000000010000003B6D2008F0
S3150000C97001000000000000000100000000000000AF
S3150000C98004000000010000001574200800000000EB
S3150000C99000000000010000000D73200801000000E7
S3150000C9A0296D2008000000000000000001000000C2
S3150000C9B000000000010000000000000041737365E4
S3150000C9C07274206661696C65643A2066696C6520DC
S3150000C9D02573206F6E206C696E6520256C75200DA1
S3150000C9E00A00433A2F55736572732F42686172616C
S3150000C9F06E6964686172616E20522F53696D706C46
S3150000CA00696369747953747564696F2F53444B7302
S3150000CA102F73696D706C69636974795F73646B2FCA
S3150000CA20657874656E73696F6E2F77697365636F6A
S3150000CA306E6E6563742F636F6D706F6E656E747363
S3150000CA402F6465766963652F73696C6162732F73F2
S3150000CA50693931782F6D63752F64726976657273E3
S3150000CA602F756E69666965645F7065726970686561
S3150000CA7072616C5F647269766572732F7372632F6D
S3150000CA80736C5F73693931785F7065726970686558
S3150000CA9072616C5F6770696F2E6300433A2F55733E
S3150000CAA06572732F42686172616E69646861726152
S3150000CAB06E20522F53696D706C6963697479537473
S3150000CAC07564696F2F53444B732F73696D706C696E
S3150000CAD0636974795F73646B2F657874656E7369C7
S3150000CAE06F6E2F77697365636F6E6E6563742F6300
S3150000CAF06F6D706F6E656E74732F646576696365AE
S3150000CB002F73696C6162732F73693931782F776976
S3150000CB1072656C6573732F6168625F696E746572A6
S3150000CB20666163652F7372632F7273695F68616CE8
S3150000CB305F6D63755F6D345F726F6D2E6300257375
S3150000CB403A25733A25643A0D0A20494E56414C4916
S3150000CB504420494E54455252555054200D0A0D0A50
S3150000CB6000736C695F6D345F696E7465727275709F
S3150000CB70745F6973720030303A31353A38333A3679
S3150000CB80413A36343A31370030303A32333A413767
S3150000CB903A31323A33343A353600433A2F557365D3
S3150000CBA072732F42686172616E6964686172616E48
S3150000CBB020522F53696D706C69636974795374756B
S3150000CBC064696F2F53444B732F73696D706C69637F
S3150000CBD06974795F73646B2F657874656E73696FBA
S3150000CBE06E2F77697365636F6E6E6563742F636FFF
S3150000CBF06D706F6E656E74732F6465766963652FED
S3150000CC0073696C6162732F73693931782F77697232
S3150000CC10656C6573732F7372632F736C5F727369C0
S3150000CC205F7574696C6974792E630025733A257390
S3150000CC303A25643A52534E204F55492025303278D2
S3150000CC403A253032783A253032782E0A0D0A0025F8
S3150000CC50733A25733A25643A506169727769736548
S3150000CC602063697068657220737569746520636FE7
S3150000CC70756E743A2025752E0A0D0A007175657554
S3150000CC80652D3E7461696C203D3D204E554C4C002F
S3150000CC90736C695F73693931785F72656D6F76653C
S3150000CCA05F6275666665725F66726F6D5F717565E8
S3150000CCB075655F62795F636F6D70617261746F72C3
S3150000CCC00071756575652D3E68656164203D3D2082
S3150000CCD04E554C4C00433A2F55736572732F42687C
S3150000CCE06172616E6964686172616E20522F536968
S3150000CCF06D706C696369747953747564696F2F53C9
S3150000CD00444B732F73696D706C69636974795F73D3
S3150000CD10646B2F657874656E73696F6E2F776973B0
S3150000CD2065636F6E6E6563742F636F6D706F6E658E
S3150000CD306E74732F6465766963652F73696C6162BF
S3150000CD40732F73693931782F776972656C657373E0
S3150000CD502F7372632F736C5F73693931785F6472F6
S3150000CD60697665722E630025733A25733A25643A0F
S3150000CD704576656E743A2025752C20717565756546
S3150000CD802025750A0D0A00736C695F73693931785D
S3150000CD905F706F705F66726F6D5F627566666572F3
S3150000CDA05F717565756500736C695F736939317894
S3150000CDB05F617070656E645F746F5F6275666665ED
S3150000CDC0725F717565756500736C695F736939317A
S3150000CDD0785F6472697665725F776169745F666FA2
S3150000CDE0725F726573706F6E73655F7061636B659A
S3150000CDF0740004040402042C2066756E6374696F63
S3150000CE006E3A2000617373657274696F6E20222515
S3150000CE107322206661696C65643A2066696C6520D8
S3150000CE20222573222C206C696E65202564257325C6
S3150000CE30730A0000202020202020202020282828D7
S3150000CE4028282020202020202020202020202020CC
S3150000CE502020202088101010101010101010101014
S3150000CE601010101004040404040404040404101034
S3150000CE7010101010104141414141410101010101D1
S3150000CE80010101010101010101010101010101107D
S3150000CE9010101010104242424242420202020202A6
S3150000CEA0020202020202020202020202020202104E
S3150000CEB0101010200000000000000000000000001C
S3150000CEC0000000000000000000000000000000005C
S3150000CED0000000000000000000000000000000004C
S3150000CEE0000000000000000000000000000000003C
S3150000CEF0000000000000000000000000000000002C
S3150000CF00000000000000000000000000000000001B
S3150000CF10000000000000000000000000000000000B
S3150000CF2000000000000000000000000000000000FB
S3150000CF3000000000494E4600696E66004E414E00F4
S3150000CF406E616E0030003031323334353637383961
S3150000CF504142434445460030313233343536373862
S3150000CF603961626364656600496E66696E697479E3
S3150000CF70004E614E005245454E54206D616C6C6FFB
S3150000CF806320737563636565646564002F6461740B
S3150000CF90612F6A656E6B696E732F776F726B737034
S3150000CFA06163652F474E552D746F6F6C63686169B9
S3150000CFB06E2F61726D2D31322F7372632F6E65770E
S3150000CFC06C69622D63796777696E2F6E65776C6918
S3150000CFD0622F6C6962632F7374646C69622F647468
S3150000CFE06F612E630042616C6C6F632073756363BF
S3150000CFF06565646564002F646174612F6A656E6B94
S3150000D000696E732F776F726B73706163652F474E0E
S3150000D010552D746F6F6C636861696E2F61726D2D2B
S3150000D02031322F7372632F6E65776C69622D637967
S3150000D0306777696E2F6E65776C69622F6C696263BC
S3150000D0402F7374646C69622F6D707265632E630052
S3150000D05005000000190000007D000000000000002F
S3150000D0600080E03779C34143176E05B5B5B89346DE
S3150000D070F5F93FE9034F384D321D30F94877825AAA
S3150000D0803CBF737FDD4F1575000000000000F03FC8
S3150000D090000000000000244000000000000059408D
S3150000D0A00000000000408F40000000000088C340E0
S3150000D0B000000000006AF8400000000080842E4155
S3150000D0C000000000D01263410000000084D79741A1
S3150000D0D00000000065CDCD41000000205FA00242A7
S3150000D0E0000000E876483742000000A2941A6D421C
S3150000D0F0000040E59C30A2420000901EC4BCD6420F
S3150000D10000003426F56B0C430080E03779C34143B9
S3150000D11000A0D8855734764300C84E676DC1AB432F
S3150000D120003D9160E458E143408CB5781DAF15444D
S3150000D13050EFE2D6E41A4B4492D54D06CFF0804428
S3150000D140F64AE1C7022DB544B49DD9794378EA443D
S3150000D150232D302B2000686C4C00656667454647DA
S3150000D160004300504F534958002E00FF7F49027874
S3150000D170D1F80035F0B502F001024478877CC57C11
S3150000D180DFF8E8E123F4802343EA8243C1F800355F
S3150000D190427F017804F001039B0012F00F0643EA78
S3150000D1A091134FEAC3431FBFC7F3021C43EA8C2304
S3150000D1B005F0030C4FEA4C0C1CBF4CEAD71C43EAA3
S3150000D1C0CC13DEF89CC42CF4601C08BF43F4106337
S3150000D1D02CF4FC5C43EA0C0CCEF89CC4DFF8A0C12E
S3150000D1E0ACF80030C3F3C21CC3F38223042B98BFF0
S3150000D1F00133BCF1000F00F0B080BCF1010F00F06C
S3150000D200AF80ACF1020EBEF1020F01D80CF1010C99
S3150000D2109B0243EACC13DFF86CC1ACF80030534BE9
S3150000D220D3F8ACC4C1F344012CF01F0C41EA0C0145
S3150000D230C3F8AC14D3F8101421F4FE1C817801F065
S3150000D2400301490141EAD4014CEA8131C3F81014C3
S3150000D250D3F80414847821F4FC11A40841EAC431FB
S3150000D260C3F80414D3F80814447C07F00F077F00B2
S3150000D27047EAD41721F4F81141EA0741C3F8081424
S3150000D280D3F80C1484793A4F640821F4FE1141EA6C
S3150000D2908431C3F80C14D3F83814C47921F4F0316E
S3150000D2A004F00F0441EA4431C3F83814D3F81414D7
S3150000D2B0047A21F4FE1104F07F0441EA8431C3F8B4
S3150000D2C01414C37A847AD7F808155B0043EAD4139A
S3150000D2D0047B21F47F7104F0010421F0030143EA89
S3150000D2E044230B432349C7F80835234CD1F834743B
S3150000D2F00123C1F83434D4F8103A23F00F0343EA7B
S3150000D3001513C4F8103AC1F8347466B302F00F026C
S3150000D31052041A4990F82440D1F8403723F4F01308
S3150000D3201A43C1F84027D1F87C27837F22F00F02E9
S3150000D330C3F383031343C1F87C3790F82530D1F843
S3150000D340482703F007035B0022F4F03243EAD413C4
S3150000D35042EA4333C1F84837F0BD4FF0020C57E7B5
S3150000D3604FF0000C54E74FF4C012D2E700A005249A
S3150000D37000800424001004240030042400800524C6
S3150000D380FE2D0100FC2D0100E0C2FF7F0100000020
S3150000D3900000000000000000000000000000000087
S3150000D3A00000000000000000000000000000000077
S3150000D3B00000000000000000000000000000000067
S3150000D3C00000000000000000000000000000000057
S3150000D3D00000000000000000000000000000000047
S3150000D3E00000000000000000000000000000000037
S3150000D3F00000000000000000000000000000000027
S3150000D4000000000000000000000000000000000016
S3150000D4100000000000000000000000000000000006
S3150000D42000000000000000000000000000000000F6
S3150000D43000000000000000000000000000000000E6
S3150000D44000000000000000000000000000000000D6
S3150000D45000000000000000000000000000000000C6
S3150000D46000000000000000000000000000000000B6
S3150000D47000000000000000000000000000000000A6
S3150000D4800000000000000000000000000000000096
S3150000D4900000000000000000000000000000000086
S3150000D4A00000000000000000000000000000000076
S3150000D4B00000000000000000000000000000000066
S3150000D4C00000000000000000000000000000000056
S3150000D4D00000000000000000000000000000000046
S3150000D4E00000000000000000000000000000000036
S3150000D4F0000000000000000000000000F8B500BFBA
S3150000D500F8BC08BC9E467047F8B500BFF8BC08BC1E
S3150000D5109E467047C00004000000000000000000A6
S3150000D5200000000037000000AAAAAAAA008007246B
S3150000D5300A000000001C062400000344210000002D
S3150000D54000FC020009060000001804240C0000007C
S3150000D5500000000000000000003401000000000090
S3150000D560D0D82008CCD82008C8D82008C4D820088D
S3150000D57000000000000000000000000000000000A5
S3150000D5800000000000000000891F000000000245A6
S3150000D59027000000000000000000000030340100F9
S3150000D5A000000000E0D82008DCD82008D8D82008E1
S3150000D5B0D4D8200800000000000000000000000091
S3150000D5C00100000000000000000000009FFF1F0097
S3150000D5D000000044260000000000000000000000DB
S3150000D5E060340100FCD82008F8D82008F4D82008B8
S3150000D5F0ECD82008F0D82008E8D82008E4D820087D
S3150000D6000000000001000000000000000000000013
S3150000D61003010001040001000000000100010002F6
S3150000D62003000100000000010100000000000000EE
S3150000D63000000000000000000000000000000000E4
S3150000D6400000000000000000282300000000000089
S3150000D65000000000000000000000000000000000C4
S3150000D66000000000000000000000000000000000B4
S3150000D67000000000000000000000000000000000A4
S3150000D6800000000000000000000000000000000094
S3150000D6900000000000000000000000000000000084
S3150000D6A00000000000000000000000000000000074
S3150000D6B00000000000000000000000000000000064
S3150000D6C00000000000000000000000000000000054
S3150000D6D00000000000000000000000000000000044
S3150000D6E00000000000000000000000000000000034
S3150000D6F00000000000000000000000000000000024
S3150000D7000000000000000000000000000000000013
S3150000D7100000000000000000000000000000000003
S3150000D72000000000000000000100000000000000F2
S3150000D73000000000000000000000000000000000E3
S3150000D74000000000000000000000000000000000D3
S3150000D75000000000000000000000000000000000C3
S3150000D76000000000000000000000000000000000B3
S3150000D77000000000000000000000000000000000A3
S3150000D7800000000000000000000000000000000093
S3150000D7900000000000000000000000000000000083
S3150000D7A00000000000000000000000000000000073
S3150000D7B00000000000000000000000000000000063
S3150000D7C000000000000000000101000000FC020053
S3150000D7D0001C0624A80500009C050000D03C0100A2
S3150000D7E0583C0100FF00000000000000030000009C
S3150000D7F0D83F01006808000000000000D83F010083
S3150000D80040400100A84001000000000000000000A8
S3150000D8100000000000000000000000000000000002
S3150000D82000000000000000000000000000000000F2
S3150000D83000000000000000000000000000000000E2
S3150000D840000000004300000000000000000000008F
S3150000D85000000000000000000000000000000000C2
S3150000D860000000004300000000000000000000006F
S3150000D87000000000000000000000000000000000A2
S3150000D880000000004300000000000000000000004F
S3150000D8900000000000000000000000000000000082
S3150000D8A0000000004300000000000000000000002F
S3150000D8B00000000000000000000000000000000062
S3150000D8C0000000004300000000000000000000000F
S3150000D8D00000000000000000000000000000000042
S3150000D8E000000000430000000000000000000000EF
S3150000D8F00000000000000000000000000000000022
S3150000D90000000000430000000000000000000000CE
S3150000D9100000000000000000000000000000000001
S3150000D9200000000075D4200851D420080000000033
S3150000D93033DE200869E1200860DB200860DB200870
S3150000D94060DB200860DB200860DB200860DB200845
S3150000D95060DB200860DB200860DB2008FFFFFFFF9C
S3150000D960FFFFFFFFFFFFFFFFFFFF00000100415326
S3150000D97043494900000000000000000000000000CC
S3150000D98000000000000000000000000000004153FD
S3150000D99043494900000000000000000000000000AC
S3150000D9A00000000000000000000000000000000071
S3150000D9B008B572B6012809D1202000F021F80F4AD7
S3150000D9C0D2F870319806FBD462B608BD022808D199
S3150000D9D0402000F015F8094AD2F870315906FBD4F8
S3150000D9E0F2E70328F0D14FF4807000F009F8034AFB
S3150000D9F0D2F87031DB05FBD4E6E700BF00800046B5
S3150000DA00014BC3F86C01704700800046064B07487F
S3150000DA10196810B503F0B0FD044618B94FF48060DC
S3150000DA2003F0A2FD204610BDBC3D0100C03D010033
S3150000DA3037B52A4CD4F880315D070DD5284B022125
S3150000DA40186802F001FB0423264AC4F88031C2F8A4
S3150000DA509030002003B030BDD4F88031980705D54A
S3150000DA60FFF7D4FF0028F5D10223EDE7D4F8803183
S3150000DA70D9050DD54FF48075C4F878514FF4804020
S3150000DA8003F072FD174BC4F88051C3F89050E0E7DD
S3150000DA90D4F880319A0604D50220FFF789FF2023A7
S3150000DAA0D2E7D4F880311B0604D50320FFF780FFA8
S3150000DAB08023C9E7D4F8803113F0100304D0012085
S3150000DAC0FFF776FF1023BFE70093074A0749084888
S3150000DAD04FF49D7304F07CF800BEBAE70080004660
S3150000DAE0B83D01000000054161DB20089BDA2008F3
S3150000DAF03EDB2008034AD2F8743123F00103C2F852
S3150000DB0074317047008000460B4BD3F8742142F005
S3150000DB100102C3F87421D3F874211207FBD5C3F8A8
S3150000DB206C01D3F880211042FBD0C3F88001034B6F
S3150000DB30C3F89000FFF7DEBF0080004600000541F5
S3150000DB40054908B50B782BB14FF48060FFF7DCFF71
S3150000DB5000230B7008BD00BFB43D010010B5114C89
S3150000DB6023786BB9104AD2F880319B0509D54FF45A
S3150000DB700073C2F880310D4AC2F890300123237039
S3150000DB8010BD03F00DFD40B14FF40070FFF7BCFF70
S3150000DB904FF40060FFF7B8FFF0E7054B01221A705B
S3150000DBA0ECE700BFB43D01000080004600000541DF
S3150000DBB0B53D0100FFF73CBF407A0A78131A584278
S3150000DBC05841704773B50D460221064603F05AFCCC
S3150000DBD0044630B901460DF10602306803F082FCB6
S3150000DBE02860204602B070BD38B504460D4604F0E4
S3150000DBF02BF8636873B9236833B1074B074A0848A3
S3150000DC0040F6C41104F00CF825606560BDE83840A4
S3150000DC1003F0C6BF1D60F8E7C1DC2008A7DD2008B9
S3150000DC20D5DC20082DE9F04385B01E4603294FF0C8
S3150000DC30000381460D461746009310D101924FF41A
S3150000DC407A731822694602A8FFF7BCFF044630B370
S3150000DC50019803F053FC204605B0BDE8F0834FF46D
S3150000DC607A7306F1100203A901A8FFF7ABFF044679
S3150000DC700028F0D1DDF80C8001461022404603F062
S3150000DC807FFF2FB13246394608F1100003F0C0FF7E
S3150000DC90C6F30B06A8F80060A8F80290CFE7DDE906
S3150000DCA000321A600E4A5D71525D1A7110229A7125
S3150000DCB0D86003F0C9FF029906460A484C7200EB89
S3150000DCC08510FFF791FF084A012303FA05F0136850
S3150000DCD00343136003F048FC304603F061FFBAE7E4
S3150000DCE0F2DD2008F43D0100883F010038B5044606
S3150000DCF00D4603F0A9FF236873B9636833B10D4B72
S3150000DD000D4A0E4840F6D31103F08AFF2B601B2400
S3150000DD1003F046FF204638BD2B60626893421CBF65
S3150000DD201B6823604FF0000208BFC4E900220024EC
S3150000DD30EEE700BF7CDC200887DD2008D5DC200864
S3150000DD402DE9F04F85B098460F9B04460D461646C2
S3150000DD50002B44D002F04CF9DFF890A0DFF890B029
S3150000DD60814600200E9B02221B1A3146284602F0ED
S3150000DD70D1F9C31C012B34D9CDE900041A4A40F26B
S3150000DD800C435146584603F023FF276803973FB1DB
S3150000DD907B7A434504D0012002F03EF90028F4D0F6
S3150000DDA0484603F0D5FB002FDCD07B7A4345D9D11A
S3150000DDB003A92046FFF79AFF0F9A039B136003F00F
S3150000DDC043FF236807461BB93146284602F074F91B
S3150000DDD0384603F0E5FE002005B0BDE8F08F2120AF
S3150000DDE0FAE70720F8E700BFC8DD2008D5DC2008E1
S3150000DDF067DD20082DE9F04788B01D46002304930F
S3150000DE00ADF80E3081460E4617464FF47A73182247
S3150000DE1004A905A8DDF84480FFF7D4FE044630B116
S3150000DE20384603F06BFB204608B0BDE8F087002DAE
S3150000DE3071D0B8F1000F70D06B0F03F0020343F0FE
S3150000DE400103B9F11C0F06D8484A22FA09F2D20793
S3150000DE5048BF43F00803049C454AA371925D109B9A
S3150000DE60E36022712760667102F0C2F8002DACBF34
S3150000DE7025F080434FF0FF332361606103F0E4FE39
S3150000DE803C4A3D4C13787B72591C117005998DF8EC
S3150000DE900D304B7204EB861700230B608146384623
S3150000DEA0FFF7A2FE354A01201368B0400343136012
S3150000DEB003F05AFB484603F073FE002D4FEA861A1C
S3150000DEC051D0ACBF25F080454FF0FF3506ABCDE90C
S3150000DED000532B499DF80D30096805360AF10800F4
S3150000DEE001222044B240FFF72BFF0728044616D133
S3150000DEF0244A07AB0DF10D01384603F057FB0246E5
S3150000DF00002890D10146079803F0ECFA006803F068
S3150000DF10F5FA079885E72B4693E7012391E7002852
S3150000DF2081D1069E01460DF10E02304603F0DAFA63
S3150000DF300589B8F1000F0FD00368C8F800303046E5
S3150000DF4003F0DCFA0DB145F480340F4B2246197804
S3150000DF50002003F07DFE66E783799B07EFD5006816
S3150000DF6003F0CCFAEBE705245DE700BF00002110C3
S3150000DF70F2DD20083C3F0100F43D0100883F01002E
S3150000DF80383F0100290C000054080000042913B58D
S3150000DF900CD833B10023CDE90033FFF72BFF02B0D5
S3150000DFA010BD02B0BDE81040FFF73CBE2720F6E7E3
S3150000DFB0064B38B9064AD269D20703D45A6B12F413
S3150000DFC0204FFBD1034A5A63704700BF000005414A
S3150000DFD000000812D83D0100014B024ADA6570477D
S3150000DFE000000541C83D010038B5234B0222C3F8A5
S3150000DFF08420BFF34F8FBFF36F8F204BD3F80028D9
S3150000E000D30735D401231946202B01D11C4606E03F
S3150000E01001FA03F4144203F1010027D0DCB2184BD5
S3150000E02003EB04139A68C2F38162032A22D09B6829
S3150000E0309B0F032B1ED0134B142202FB0433D3E990
S3150000E0400253ED1A18BF01250F4B0E4ADB680C4927
S3150000E050DB690E4898472DB1084A01235169A34050
S3150000E0600B435361044B02225A6038BD0346CBE78B
S3150000E0700024D4E70025E7E700E100E000000344C0
S3150000E08000FC02000431010000013000A805000078
S3150000E09038B5244B4FF48062C3F88020BFF34F8F0E
S3150000E0A0BFF36F8F204BD3F80028D30736D4012354
S3150000E0B019460C2B01D11C4606E001FA03F4144262
S3150000E0C003F1010028D0DCB2184B03EB04139A6865
S3150000E0D0C2F38162032A23D09B689B0F032B1FD0B8
S3150000E0E0134B142202FB0433D3E90253ED1A18BF73
S3150000E0F00125104B0E4ADB680C49DB690E48984730
S3150000E1002DB1094A01235169A3400B435361054BC5
S3150000E1104FF480621A6038BD0346CAE70024D3E78D
S3150000E1200025E6E700E100E000800724001C062445
S3150000E13014300100000130009C05000030B50E4C83
S3150000E140416123688BB9206083600DE0891A9A6863
S3150000E15041611D466AB113465A698A42F6D935B1FC
S3150000E160A860521A83605A6130BD0025F4E720602A
S3150000E170F7E798608260F7E7B852000038B500F01C
S3150000E1803FFA094C094B1A6823680025C31A2AB1BD
S3150000E19023B15169994203D3C91A5161206038BD30
S3150000E1A055615B1A9268F2E7B4520000B85200005B
S3150000E1B038B5154D2B682BB35B69A3B1134A1468A8
S3150000E1C002201C4400F026FA204600F02DFA1049E1
S3150000E1D02A6800230B7022B1D08880070AD5012354
S3150000E1E00B70002038BD022000F014FA022000F067
S3150000E1F06FFAECE79268002AF3D050690344012BCA
S3150000E200EAD9EEE72220EDE7B8520000B45200004A
S3150000E210B052000070B516469DF814200271049A9B
S3150000E2200260C0E903360022BDF818308260044659
S3150000E2300D46C380EEB900F0E3F92844A0619DB114
S3150000E2402E4603F009FD0546FFF798FF31462046A6
S3150000E250FFF774FF104B1B68A34201D1FFF7A8FF1D
S3150000E260284603F0EDFC02E0E36865617BB9002017
S3150000E27070BD00F0C5F93044A061002DE0D1E3681F
S3150000E2806561002BDDD0216820469847D9E72168D3
S3150000E29020469847EBE700BFB85200000D490B68CF
S3150000E2A098B100229BB1834203D1836822B90B60E7
S3150000E2B003E01A469B68F5E7936083681BB15A69C9
S3150000E2C041690A445A6100207047222070470220A3
S3150000E2D0704700BFB852000070B5154E03F0B4FC8D
S3150000E2E034780546FCB9134B1C60134B1C60134B6A
S3150000E2F01C6000F03FF9012000F08CF900F010FAE4
S3150000E3000F4B0246186020B9284603F049FC23202B
S3150000E31070BD23460B4840F2E73103F06DFC0A4B13
S3150000E320186001233370284603F03AFC0020EFE71B
S3150000E330B1520000B8520000B4520000C0520000B2
S3150000E340BC52000018FCFFFFAC52000038B5044672
S3150000E35018B303F081FC0546FFF710FF104B186851
S3150000E360A04209D02046FFF799FF044680B128460F
S3150000E37003F066FC204638BDFFF790FF04460028F0
S3150000E380F5D1FFF715FF222802D1022000F08AF905
S3150000E390284603F055FC0024ECE72224EAE700BFF8
S3150000E3A0B852000038B50C460546A8B1A1B1002305
S3150000E3B00B7003F049FC094B1B68012133B903F0CC
S3150000E3C0EFFB002038BD9D4204D121702278002A3F
S3150000E3D0F9D0F4E79B68F1E72220F3E7B852000092
S3150000E3E0F0B587B01F4600230D4616468DF8173048
S3150000E3F00446A8B1C3610DF11701FFF7D3FF9DF8DD
S3150000E40017207AB9BDF8343002939DF8303029468A
S3150000E410CDE9007320463346FFF7FCFE07B0F0BD9A
S3150000E4202220FBE70320F9E738B503F00DFC05468B
S3150000E43000F0E6F80446284603F0B2FB204638BD55
S3150000E440014B1868704700BFBC520000C2072DE997
S3150000E450F843044607D5444A136801331360FFF7AF
S3150000E4608DFEFFF7A5FEA3077CD503F0EDFB054661
S3150000E470FFF784FE4FF000083C4F46463C680CB15F
S3150000E4806369A3B13A4B0022012E1A7003D118F02A
S3150000E490020F18BF1E70FFF78BFE222802D1022042
S3150000E4A000F000F92846BDE8F84303F079BB23469F
S3150000E4B05A693AB91A792179914288BF1C469B68F4
S3150000E4C0002BF5D1284603F06BFB2569DDB100F082
S3150000E4D097F8A269A0EB02084FEAE873A84573F122
S3150000E4E0000311DB23691344A361E36813B12168B8
S3150000E4F020469847B4F8068003F0A6FB0136054689
S3150000E500FFF73CFEBAE7A84603F09EFB814620468D
S3150000E510FFF7C4FE484603F043FB2369002BE4D013
S3150000E520A38BB5EB080533B1E28B13449BB2B3F56D
S3150000E5307A7F0FD2E38303F087FB29468046204685
S3150000E540FFF7FCFDA36922691344A361404603F06B
S3150000E55027FBCAE7A3F57A73E383A369013B013D71
S3150000E560A361E8E7BDE8F883C0520000B852000096
S3150000E570A852000010B5002486B0012321460820C9
S3150000E580ADF808308DF80430CDE903448DF800402D
S3150000E5908DF80A40059400F0D5F8684600F0FCF8BE
S3150000E5A001AB02A9204603938DF8084000F004F958
S3150000E5B00F21204600F04CF90F21204600F056F9B5
S3150000E5C000F0D0F80B4B9C61DA695207FCD40A4A7A
S3150000E5D04FF480615160094A4FF48001116018219F
S3150000E5E082F8161301221A61DA69002AFCD106B0F4
S3150000E5F010BD00BF008C04240000081200E100E0FA
S3150000E600014B9869704700BF008C0424002108461E
S3150000E61000F048B900F00101830748BF41F002014C
S3150000E620002000F007B900002DE9F041044603F090
S3150000E63013FB1A4D0746D5F81880FFF7E7FF064685
S3150000E640002000F021F9830705D4A6EB0803042B6C
S3150000E65001D8464514D1A969B4F1FF3F28BF01345A
S3150000E660C1F103032344072B98BFCC1C00210846A5
S3150000E670621E00F031F90220FFF7CCFF00F04AF9E4
S3150000E680384603F0DDFA064A13782BB1AB6C43F03B
S3150000E6900103AB6400231370BDE8F081008C0424F1
S3150000E6A081060000830700F0010109D5064B01220F
S3150000E6B01A70064A936C23F0010341F00201936439
S3150000E6C0002000F0C5B800BF81060000008C0424BD
S3150000E6D0830742BF024B0222C3F84021704700BFA6
S3150000E6E0008C042438B500F023F903F0ADFA044693
S3150000E6F0002000F0C9F8830700F0010548BF45F087
S3150000E700020500F00301002000F0B0F82846FFF7EC
S3150000E7109DFE204603F044FABDE8384000F0FAB802
S3150000E7204FF4004070470000054B9A689107FCD4EF
S3150000E7305A689207F9D4DA69002AF6D1704700BF01
S3150000E740008C0424064B1A6A61F397421A621A6A0D
S3150000E75060F34C221A621A6A9204FCD5704700BF15
S3150000E76000800424024B0122C3F80421704700BF35
S3150000E770008C0424074B5A68012A0AD102221A6126
S3150000E780DA699207FCD40122C3F804229A60FFF7E3
S3150000E790CBBF7047008C042410B5064CFFF7C4FFAE
S3150000E7A06368012B03D1FFF7E5FFFFF7BDFF037891
S3150000E7B0E36010BD008C042410B101281CD0704702
S3150000E7C04A680B7812B1127843EAC2034A7843EAE0
S3150000E7D042038A6812B1127843EA82138A7843EABE
S3150000E7E08203CA6812B1127843EA4223104A93643C
S3150000E7F0936D002BFCD170474A680B7812B11278E2
S3150000E80043EAC2034A7843EA42038A6812B112789D
S3150000E81043EA82138A7843EA8203CA6812B11278FD
S3150000E82043EA4223024A9366936F002BFCD170475A
S3150000E830008C042410B1012804D07047034BC3F8A0
S3150000E84044117047014BC3F864117047008C0424CF
S3150000E85010B1012804D07047034BC3F84412704727
S3150000E860014BC3F864127047008C042410B10128D0
S3150000E87004D07047034BC3F840127047014BC3F8EE
S3150000E88060127047008C042418B1012804D00020BF
S3150000E8907047034B186C7047014B186E704700BFEA
S3150000E8A0008C042418B101280BD00020704711B148
S3150000E8B0012903D07047074BD86C7047054B186D7C
S3150000E8C0704721B10129F0D1024B186F7047014BF7
S3150000E8D0D86E7047008C042410B101280CD0704704
S3150000E8E00B4B29B1012905D09A6D002AFCD170473E
S3150000E8F0DA64F9E71A65F7E7054B29B1012905D06E
S3150000E9009A6F002AFCD17047DA66F9E71A67F7E7CB
S3150000E910008C0424044B4FF480625A60034B4FF47E
S3150000E92080021A60704700BF0000081200E100E094
S3150000E930094B4FF48002C3F88020BFF34F8FBFF31B
S3150000E9406F8F064B4FF480629A601A60044AD36B4D
S3150000E95043F48063D363704700E100E000000812CF
S3150000E9600081042413B50446FFF75EFD194BDFED65
S3150000E9701A6A1B68194A9C4228BF1C4607EE904A31
S3150000E980B8EE677A164B1278C7EE267A93ED007AC0
S3150000E990B8EE477A67EE877AFCEEE77A17EE903A9A
S3150000E9A01AB1104A12689B1A603B0F4A1168421A44
S3150000E9B09A423EBF0131091AC9184FF00003CDE94A
S3150000E9C000330A4A0A4828BF0121FFF709FD02B0B1
S3150000E9D010BD00BFC03F010000007A44C43F0100E3
S3150000E9E0943F01008C3F0100C83F0100651A0000FA
S3150000E9F0983F01002DE9F041FFF716FD0546EFF3BC
S3150000EA0011874FF0140383F31188BFF36F8FBFF3A1
S3150000EA104F8F154B1C78B4B9144EDFF85480336809
S3150000EA20D8F80020EB1A934211D24CB14FF0E023F4
S3150000EA304FF08052C3F8042DBFF34F8FBFF36F8F93
S3150000EA400120FFF78FFF87F31188BDE8F08101F001
S3150000EA50DDFE3368D8F800202043134414BF012498
S3150000EA6000243360DBE700BFC43F0100C83F01005C
S3150000EA70CC3F0100154B002210B5DA77FFF7E0FC1A
S3150000EA804FF47A7300F2E732B2FBF3F2104B1A60DE
S3150000EA904FF0FF33B3FBF2F30E4A04460A3B136012
S3150000EAA0FFF7C2FCB4F5004F06D0B4F5FA4F14BF19
S3150000EAB04FF4FA444FF40044074B1860074B01200B
S3150000EAC01C60BDE81040FFF74DBF00BF00ED00E041
S3150000EAD0CC3F0100C03F0100C83F0100943F010048
S3150000EAE07047000070B5FFF79FFC1A4A1A4B116871
S3150000EAF0D3ED006A9FED196A194D1A4E401A07EEBA
S3150000EB00900AF8EE666AB8EE677A3068C7EE267A3B
S3150000EB1067EE867AFCEEE77AB8EE677A17EE904AE9
S3150000EB2027EE267AC7EE067AFCEEE77A17EE903ADB
S3150000EB300B4413602B681A19824206D2204601F054
S3150000EB404DFE2B681C442C6070BDC01A01F046FEB9
S3150000EB503468F8E7C83F0100943F010000007A449A
S3150000EB60B83F0100BC3F01002DE9F041044672B6F2
S3150000EB70BFF34F8FBFF36F8F02F054F910B962B62F
S3150000EB80BDE8F08102F0F4FF0028F8D00220FFF77C
S3150000EB9089FD62B6254DDFF8B480AB69C8F8003050
S3150000EBA003F04AF8224BDB691A0704D402F0F8FC9A
S3150000EBB008B1FEF7C5FF1F4F1F4801263E70FFF73D
S3150000EBC0C5FBAB69D8F800209B1A1C4A13606FF08E
S3150000EBD00F03EB642046FFF7C5FE72B6BFF34F8FF7
S3150000EBE0BFF36F8F2046FFF77BFF154B1C60154B5D
S3150000EBF000241C6002F0D0FFFFF774FF3C7062B681
S3150000EC000D48FFF7A3FB3046FFF7ACFE084BDB6968
S3150000EC101B07B5D40C4B186808B102F0F5FFFEF7D8
S3150000EC2069FFBDE8F04102F0C7BF00BF008C0424B5
S3150000EC3000000812C43F0100983F01008C3F01000C
S3150000EC40BC3F0100B83F0100803F0100903F01003A
S3150000EC50EFF30882054B1A60EFF30982044B1A6042
S3150000EC60EFF31482034B1A60704700BF0C2E0100AD
S3150000EC70082E0100042E010001B402B404B408B445
S3150000EC8010B420B440B480B44DF8048D4DF8049D02
S3150000EC904DF804AD4DF804BD4DF804CD00B5024A5B
S3150000ECA06B46136030BF7047202F01000B48D0F829
S3150000ECB000D05DF804EB5DF804CB5DF804BB5DF8AD
S3150000ECC004AB5DF8049B5DF8048B80BC40BC20BCA3
S3150000ECD010BC08BC04BC02BC01BC7047202F01005C
S3150000ECE0114AD2F8103623F48073C2F810360F4B4F
S3150000ECF0596B41F001015963596B41F002015963A7
S3150000ED000423C2F8383482B000238DF807309DF80A
S3150000ED100730092B01D902B0704700BF9DF80730B4
S3150000ED200133DBB2F1E700BF008004240084042431
S3150000ED302DE9F04F89B0002388466E4A6E49049348
S3150000ED408246059306938DF80F300493049B022B9D
S3150000ED5040F3A9800023674A68490493049BEF2B7C
S3150000ED6040F3AB800023664A66490493049B0B2B51
S3150000ED7040F3AD80644D654A6B68DFF8B4B1644C0E
S3150000ED8013602B69CBF800302368990106D42368F9
S3150000ED90DA0103D44FF4106002F0EEFEEE6916F0CD
S3150000EDA0080600F09F8001218DF80F102368C3F339
S3150000EDB040659B0100F194802368DF010FD4554B19
S3150000EDC0D3F80455D3F8042522F40062C3F80425C9
S3150000EDD00591236843F0007305F4006523602368FA
S3150000EDE0DE0600F18280012306934B4B4FF46072DE
S3150000EDF01E69D3F818905A61DA6102F0B5FEBAF1CD
S3150000EE00010F07D102F0C0FE02F0FAFE02F0ACFEDE
S3150000EE1002F00AFF9DF80F3003F0FF071BBB2368C3
S3150000EE20D80120D518F0100F1DD03C4B3C4840228D
S3150000EE301A60192102F0D4FE3948394602F0CCFE98
S3150000EE403748012102F0C0FE36483A46012102F059
S3150000EE50E3FE334802F0CCFE0790079B2D2B02DD24
S3150000EE60314802F0E5FE2B4AD2F8103523F01C0398
S3150000EE70C2F81035236A224B04221A619DF80F301E
S3150000EE8003F0FF07002B5AD0284B5F6908F00702F2
S3150000EE90C7F34307032A00F28D81DFE812F0500022
S3150000EEA04B00620165010498049B52F8200041F86A
S3150000EEB02300049B0133049348E7049B04981344FE
S3150000EEC093F800330B54049B0133049346E7049BE9
S3150000EED0049813441B7E0B54049B0133049345E7AB
S3150000EEE000257CE73546B14687E74FF000094E46D8
S3150000EEF083E700BF00E100E00C2F01001C2E01009B
S3150000EF0000ED00E0102E010000000812242F010081
S3150000EF100081042400A00524008404240080042425
S3150000EF2000850424008204242050000000140424D8
S3150000EF30002E01005A69022161F344025A61012040
S3150000EF4002F026FEFFF784FE9B4BD3F87C2100924D
S3150000EF50D3F86C2101920822C3F87021974BD3F89D
S3150000EF60102642F48072C3F81026D3F81036BAF190
S3150000EF70000F40F0FC80FFF77FFE72B6BFF34F8FA5
S3150000EF80BFF36F8F9DF80F300BBB8B4BD3F86C2103
S3150000EF9011071CD4D3F87421120709D4D3F87421AD
S3150000EFA042F00102C3F87421D3F874211007FBD58F
S3150000EFB0814BD3F88021110706D41022C3F86C21A7
S3150000EFC0D3F880211207FBD50822C3F86C217C4BAD
S3150000EFD01B6883F31488BFF36F8F7A4B1B6883F328
S3150000EFE00988794B1B6883F308889DF80F3023B195
S3150000EFF0764B5A6967F344025A61FFF771FE9DF832
S3150000F0000F3053B9724945F65A230A689A42FCD121
S3150000F0100120FEF7CDFFFEF7DFFF6E4B3E229A6022
S3150000F020DBF800201A61002002F0B2FD6A4B1A6874
S3150000F03022F00F021A601A6842F001021A6003F504
S3150000F0402043D3F810359DF80F3013B12368DB0148
S3150000F05026D418F0100F23D0584B604840221A606F
S3150000F060192102F0BDFD5D48002102F0B5FD5B48A7
S3150000F070012102F0A9FD5A480022012102F0CCFD2F
S3150000F080564802F0B5FD0790079B2D2B08DD554825
S3150000F09002F0CEFD544802F0CBFD544802F0C8FD04
S3150000F0A0534BD3F80427C3F80425D3F80027C3F835
S3150000F0B00025D3F8102542F01002C3F810259DF85C
S3150000F0C00F300BB102F074FD4A4AD2F83C3443F0DB
S3150000F0D00103C2F83C34059B2BB1236823F000736F
S3150000F0E0236000230593069A434B22B100221E613A
S3150000F0F0C3F81890069235B13D49D1F8042542F47B
S3150000F1000062C1F804254FF400329A6002F058FDFF
S3150000F1103A4B3B4A9A603B4B2E4A1B683A49DB43C3
S3150000F1205360009B244ADB43C2F87C31019BC2F842
S3150000F1306C310023354A0493049BEF2B1DDD00231D
S3150000F140334A2E490493049B0B2B20DD0023314ABE
S3150000F1502D490493049B022B22DD002009B0BDE853
S3150000F160F08F5A690321E7E65A690521E4E6236828
S3150000F17023F0B803236030BFFFE60498049B105CBD
S3150000F1800B4483F80003049B01330493D4E70498EB
S3150000F190049B105C0B441876049B01330493D2E75E
S3150000F1A00498049B52F8200041F82300049B013385
S3150000F1B00493CFE70120D1E70080004600800424B5
S3150000F1C0042E0100082E01000C2E01000014042458
S3150000F1D000001F0800000812000005240085042412
S3150000F1E00082042460500000484D00004C5000008E
S3150000F1F000A00524001004240084042400ED00E08F
S3150000F20000040000242F010000E100E01C2E010094
S3150000F210102E01000C2F01002DE9F843DDF8209097
S3150000F2200C4617469846064640B94FF0140383F33A
S3150000F2301188BFF36F8FBFF34F8FFEE7B1F1807F69
S3150000F24008D34FF0140383F31188BFF36F8FBFF316
S3150000F2504F8FFEE741B94FF0140383F31188BFF3D4
S3150000F2606F8FBFF34F8FFEE701F01AFED0B9B9F1E9
S3150000F270000F08D04FF0140383F31188BFF36F8F8C
S3150000F280BFF34F8FFEE701F093FA356804EA0503F2
S3150000F290B8F1000F32D09C4232D18FB325EA040474
S3150000F2A034602DE001F084FA356804EA0503B8F10C
S3150000F2B0000F2AD1002BF0D1B9F1000F20D0391E52
S3150000F2C018BF012109064A462143301D01F07EFC84
S3150000F2D001F032FB28B301F0C1FE830105460AD4D2
S3150000F2E002F010FA356804EA0503B8F1000F23D1DD
S3150000F2F023BB02F027FA25F07F4503E0002BCCD193
S3150000F30001F01AFB2846BDE8F8839C42C5D0B9F146
S3150000F310000FF5D0391E18BF0121090641F08061A2
S3150000F320D1E74FF0E0234FF08052C3F8042DBFF32E
S3150000F3304F8FBFF36F8FCEE79C42DAD1002FD8D024
S3150000F34025EA04043460D4E770B50C46054640B996
S3150000F3504FF0140383F31188BFF36F8FBFF34F8F02
S3150000F360FEE7B1F1807F08D34FF0140383F31188D1
S3150000F370BFF36F8FBFF34F8FFEE702F0C3F92E681E
S3150000F38026EA04042C6002F0DDF9304670BDFFF772
S3150000F390DBBF00000A4600230146014802F05EB8C2
S3150000F3A0FF230000EFF311834FF0140282F311885C
S3150000F3B0BFF36F8FBFF34F8F006883F311887047D9
S3150000F3C02DE9F0410D46044640B94FF0140383F38E
S3150000F3D01188BFF36F8FBFF34F8FFEE7B1F1807FC8
S3150000F3E008D34FF0140383F31188BFF36F8FBFF375
S3150000F3F04F8FFEE700F10C0601F0DAF92368206969
S3150000F4002B43236000258642216807D121EA0501A6
S3150000F410216001F091FA2068BDE8F081D0E900286A
S3150000F42022F07F4312F0806F03EA010702D11FB971
S3150000F4304046E8E7BB42FBD1D20141F0007148BF2C
S3150000F4401D4301F051FCF3E7FFF7BABF13460A4626
S3150000F4500146014802F002B8B92400000023036007
S3150000F460704700F108034FF0FF32C0E90223436002
S3150000F47003610023036070470023036170474368FC
S3150000F4804B609A688A60516099600368086101332D
S3150000F4900360704730B50C68631C0AD103695A686B
S3150000F4A04A6091608B6059600368086101330360AC
S3150000F4B030BD00F10802134652681568A542FAD914
S3150000F4C0EDE7D0E9011203698A605160596881420B
S3150000F4D008BF5A60002202611A68013A1A60186869
S3150000F4E0704710B5044602F00DF9A46B02F02AF934
S3150000F4F0B4FA84F0400910BD70B51646026C856BEF
S3150000F500044642B906689EB9806801F017FDA660F8
S3150000F5100135A56370BD6EB9406802F079FB63687A
S3150000F520226C1344A2686360934224BF236863601D
S3150000F5300020EDE7C06802F06BFB226CE3685142E5
S3150000F5409B1A2268E36093423EBFA3685B18E360A0
S3150000F550022EEDD10DB1013DEAE72846D8E7034674
S3150000F56010B41A6C08466AB1DC68996814448C4277
S3150000F57028BF1968DC6028BFD960D9685DF8044BDC
S3150000F58002F046BB5DF8044B704770B5044602F0C6
S3150000F590B9F894F8455004F124066DB2002D14DC38
S3150000F5A0FF2384F8453002F0CDF802F0ABF894F86A
S3150000F5B0445004F110066DB2002D12DCFF2384F8CE
S3150000F5C04430BDE8704002F0BDB8636A002BE7D056
S3150000F5D0304601F045FB08B101F01EFC013D6DB25D
S3150000F5E0DCE72369002BE9D0304601F039FB08B18E
S3150000F5F001F012FC013D6DB2DEE738B50D4604465A
S3150000F60040B94FF0140383F31188BFF36F8FBFF334
S3150000F6104F8FFEE702F076F8D4E90F312268626078
S3150000F6204B43D0185B1A1A44A060FF230020A06346
S3150000F630E26084F8443084F84530A5B9236973B193
S3150000F64004F1100001F00CFB48B14FF0E0234FF03D
S3150000F6508052C3F8042DBFF34F8FBFF36F8F02F0B4
S3150000F66071F8012038BD04F11000FFF7FAFE04F12D
S3150000F6702400FFF7F6FEF2E7F8B5064617460D46F4
S3150000F680C9B14843B0FBF1F39E4208D04FF01403D2
S3150000F69083F31188BFF36F8FBFF34F8FFEE710F12F
S3150000F6A0510F19D94FF0140383F31188BFF36F8FED
S3150000F6B0BFF34F8FFEE7502002F07EF988B180F845
S3150000F6C0465004462060C4E90F6501212046FFF735
S3150000F6D094FF84F84C7005E0503002F06DF9044652
S3150000F6E010B900242046F8BD002380F8463050307B
S3150000F6F0E8E737B50D461C4640B94FF0140383F3CF
S3150000F7001188BFF36F8FBFF34F8FFEE743B94FF0FA
S3150000F710140383F31188BFF36F8FBFF34F8FFEE798
S3150000F7204AB191BB4FF0140383F31188BFF36F8F77
S3150000F730BFF34F8FFEE741B14FF0140383F31188F7
S3150000F740BFF36F8FBFF34F8FFEE750230193019BEB
S3150000F750502B08D04FF0140383F31188BFF36F8F3B
S3150000F760BFF34F8FFEE7019B22460121C4E90F0537
S3150000F77084F8461022602046FFF73FFF9DF81830B8
S3150000F78084F84C30204603B030BD50230193019BD2
S3150000F790502BDFD1019BE8E7F0B585B00E4601920C
S3150000F7A01D46044640B94FF0140383F31188BFF396
S3150000F7B06F8FBFF34F8FFEE751B9036C43B14FF024
S3150000F7C0140383F31188BFF36F8FBFF34F8FFEE7E8
S3150000F7D0022D0BD1E36B012B08D04FF0140383F3FA
S3150000F7E01188BFF36F8FBFF34F8FFEE701F058FB11
S3150000F7F008B9019B03BB01F085FFA26BE36B9A423C
S3150000F80023D22A4631462046FFF776FE636A1BB1AD
S3150000F81004F1240001F024FA48B14FF0E0234FF040
S3150000F8208052C3F8042DBFF34F8FBFF36F8F01F0E3
S3150000F83089FF012005B0F0BD4FF0140383F3118852
S3150000F840BFF36F8FBFF34F8FFEE7022DD9D0002392
S3150000F8501F4637E013B902A801F08AFA01F072FFD9
S3150000F86000F0A6FF01F04EFF94F84430FF2B08BFCE
S3150000F87084F8447094F84530FF2B08BF84F845702F
S3150000F88001F060FF01A902A801F07EFA002839D133
S3150000F89001F038FFA26BE36B9A421AD101F052FFD6
S3150000F8A0019904F1100001F077F92046FFF76DFE8B
S3150000F8B001F042F8D8B101F025FFA36BE26B9A4242
S3150000F8C09FD80123019A002AC4D101F03BFF0020F2
S3150000F8D0B0E701F037FF2046FFF757FE01F02CF89E
S3150000F8E001F010FFA26BE36B9A42EAD289E74FF070
S3150000F8F0E0234FF08052C3F8042DBFF34F8FBFF3C0
S3150000F9006F8FEDE72046FFF740FE01F015F8DEE7C2
S3150000F91013B500220B46009011460120FFF7E9FEC1
S3150000F920044638B1002383600360C3601A46194653
S3150000F930FFF732FF204602B010BD38B5044640B985
S3150000F9404FF0140383F31188BFF36F8FBFF34F8F0C
S3150000F950FEE7856801F09EFA85420BD1E368013B1C
S3150000F960E3600BB1012038BD1A4619462046FFF761
S3150000F97013FFF7E70020F6E710B502460021012045
S3150000F980FFF77AFE044638B1002383600360C36044
S3150000F9901A461946FFF700FF204610BD2DE9F84329
S3150000F9A0894617461E46044640B94FF0140383F3B2
S3150000F9B01188BFF36F8FBFF34F8FFEE751B9036C0A
S3150000F9C043B14FF0140383F31188BFF36F8FBFF376
S3150000F9D04F8FFEE7022E0BD1E36B012B08D04FF0C1
S3150000F9E0140383F31188BFF36F8FBFF34F8FFEE7C6
S3150000F9F001F08CFFEFF311884FF0140383F31188A5
S3150000FA00BFF36F8FBFF34F8FA26BE36B9A4201D3A5
S3150000FA10022E29D194F84550A36B6DB23246494661
S3150000FA202046FFF769FD6B1C0ED1636A3BB104F1FA
S3150000FA30240001F015F910B10FB101233B6001203C
S3150000FA4088F31188BDE8F8837F2D08D14FF01403A1
S3150000FA5083F31188BFF36F8FBFF34F8FFEE7013536
S3150000FA606DB284F84550EAE70020E9E770B50D4627
S3150000FA70044640B94FF0140383F31188BFF36F8F28
S3150000FA80BFF34F8FFEE7036C43B14FF0140383F3CC
S3150000FA901188BFF36F8FBFF34F8FFEE7036853B92B
S3150000FAA0836843B14FF0140383F31188BFF36F8F5C
S3150000FAB0BFF34F8FFEE701F029FFEFF311864FF0FA
S3150000FAC0140383F31188BFF36F8FBFF34F8FA26BBD
S3150000FAD0E36B934224D994F845100132FF294BB2C7
S3150000FAE0A2630DD1636A3BB104F1240001F0B8F8BA
S3150000FAF010B10DB101232B60012086F3118870BD72
S3150000FB007F2B08D14FF0140383F31188BFF36F8F57
S3150000FB10BFF34F8FFEE701335BB284F84530EBE766
S3150000FB200020EAE7F0B585B00E460192044640B9DA
S3150000FB304FF0140383F31188BFF36F8FBFF34F8F1A
S3150000FB40FEE751B9036C43B14FF0140383F31188F8
S3150000FB50BFF36F8FBFF34F8FFEE701F0A1F950B9E6
S3150000FB60019B43B14FF0140383F31188BFF36F8FEA
S3150000FB70BFF34F8FFEE701F0C5FDA56BDDB1314642
S3150000FB802046013DFFF7EBFCA563236973B104F141
S3150000FB90100001F065F848B14FF0E0234FF08052B5
S3150000FBA0C3F8042DBFF34F8FBFF36F8F01F0CAFD6B
S3150000FBB0012005B0F0BD019B1BB901F0C3FD00207B
S3150000FBC0F7E702A801F0D4F82F4601F0BBFD00F0DC
S3150000FBD0EFFD01F097FD94F84430FF2B08BF84F841
S3150000FBE0447094F84530FF2B08BF84F8457001F047
S3150000FBF0A9FD01A902A801F0C7F838BB2046FFF706
S3150000FC0070FCE8B1019904F1240000F0C5FF20461C
S3150000FC10FFF7BBFC00F090FE48B94FF0E0234FF031
S3150000FC208052C3F8042DBFF34F8FBFF36F8F01F0DF
S3150000FC3069FDA56B002DA2D1019B002BC5D1BCE7A8
S3150000FC402046FFF7A2FC00F077FEF0E72046FFF71C
S3150000FC509CFC00F071FE2046FFF743FC0028E6D02E
S3150000FC60ADE7F0B585B00446019140B94FF01403F5
S3150000FC7083F31188BFF36F8FBFF34F8FFEE7056CD9
S3150000FC8045B14FF0140383F31188BFF36F8FBFF3B1
S3150000FC904F8FFEE701F004F9064620B32E460027F3
S3150000FCA001F030FDA36B53B3013BA363236813B983
S3150000FCB001F0E0F9A060236973B104F1100000F0CF
S3150000FCC0CFFF48B14FF0E0234FF08052C3F8042D28
S3150000FCD0BFF34F8FBFF36F8F01F034FD012005B0E6
S3150000FCE0F0BD3546DBE7019B002BFAD04FF014033D
S3150000FCF083F31188BFF36F8FBFF34F8FFEE7019B2E
S3150000FD0053B9002D66D04FF0140383F31188BFF367
S3150000FD106F8FBFF34F8FFEE716B902A801F028F8E0
S3150000FD2001F010FD00F044FD01F0ECFC94F84430C5
S3150000FD30FF2B08BF84F8447094F84530FF2B08BFAA
S3150000FD4084F8457001F0FEFC01A902A801F01CF838
S3150000FD5050BB2046FFF7C5FB00B323683BB901F053
S3150000FD60D1FCA06801F0ACF8054601F0EBFC019966
S3150000FD7004F1240000F010FF2046FFF706FC00F017
S3150000FD80DBFD48B94FF0E0234FF08052C3F8042D55
S3150000FD90BFF34F8FBFF36F8F012681E72046FFF732
S3150000FDA0F4FB00F0C9FDF7E72046FFF7EEFB00F095
S3150000FDB0C3FD2046FFF795FB0028EDD065B101F0A5
S3150000FDC0A1FC616A19B1236B1968C1F13801A068F9
S3150000FDD001F0F6F801F0B6FC002080E770B50D469C
S3150000FDE0044640B94FF0140383F31188BFF36F8FB5
S3150000FDF0BFF34F8FFEE7866801F04CF8864204D1C8
S3150000FE00E3680133E360012070BD29462046FFF711
S3150000FE1028FF0028F8D0E3680133E360F4E72DE912
S3150000FE20F84389469046044640B94FF0140383F3DD
S3150000FE301188BFF36F8FBFF34F8FFEE751B9036C85
S3150000FE4043B14FF0140383F31188BFF36F8FBFF3F1
S3150000FE504F8FFEE701F05AFDEFF311874FF01403C1
S3150000FE6083F31188BFF36F8FBFF34F8FA66B66B313
S3150000FE7094F8445049466DB22046FFF770FB013EA8
S3150000FE806B1CA66311D1236953B104F1100000F075
S3150000FE90E7FE28B1B8F1000F02D00123C8F8003000
S3150000FEA0012087F31188BDE8F8837F2D08D14FF034
S3150000FEB0140383F31188BFF36F8FBFF34F8FFEE7F1
S3150000FEC001356DB284F84450EAE73046E9E70000B0
S3150000FED030B5074A002352F8335002EBC3041DB96C
S3150000FEE042F83310606030BD0133082BF3D1FAE7D6
S3150000FEF0B85F000070B504460D46164601F002FCD8
S3150000FF0094F84430FF2B04BF002384F8443094F85F
S3150000FF104530FF2B04BF002384F8453001F012FC66
S3150000FF20A36B2BB93246294604F1240000F07AFE71
S3150000FF302046BDE87040FFF728BB08B54FF0E02328
S3150000FF401B6900F0ADFF012803D0BDE8084001F0B1
S3150000FF5041BC08BDEFF3058373B9EFF31082094B7B
S3150000FF6012B9EFF3118212B11A68022A04D0186886
S3150000FF7028B901221A6070476FF0050070474FF0EC
S3150000FF80FF307047B45F000008B500F089FF38B154
S3150000FF90022804D0034B1868431E5842584108BD36
S3150000FFA00320FCE7B45F000010B5EFF30583ABB99F
S3150000FFB0EFF310820C4B12B9EFF3118212B11A68EB
S3150000FFC0022A0BD01A68012A0BD1084A0024D477DA
S3150000FFD002221A6000F0A4FB204610BD6FF0050057
S3150000FFE0FBE74FF0FF30F8E7B45F000000ED00E0FC
S3150000FFF0EFF305834BB9EFF3108313B9EFF31183D6
S315000100002BB1044B1B68022B01D100F0DFBB00F0C2
S31500010010D7BB00BFB45F000008B5EFF3058373B922
S31500010020EFF3108313B9EFF311831BB1054B1B6873
S31500010030022B04D008B100F0F3FC002008BD6FF0DC
S315000100400500FBE7B45F000013B50C4658B3B1F1E8
S31500010050807F28D2EFF305834BB9EFF3108313B9F1
S31500010060EFF31183CBB1134B1B68022B15D1002380
S3150001007001AA21460193FFF7E9F9B8B1019B4BB1FA
S315000100804FF0E0234FF08052C3F8042DBFF34F8F9A
S31500010090BFF36F8F204602B010BD214602B0BDE806
S315000100A01040FFF78DB96FF00304F3E76FF0020418
S315000100B0F0E700BFB45F000070B50E46054618B301
S315000100C0B1F1807F20D2EFF305834BB9EFF31083B3
S315000100D013B9EFF311838BB10D4B1B68022B0DD1B5
S315000100E02846FFF75FF9314604462846FFF752F9DD
S315000100F0002808BF6FF00204204670BD314628462D
S31500010100BDE87040FFF720B96FF00304F4E700BFC4
S31500010110B45F000073B50C461D4650B3B1F1807F44
S3150001012027D2EFF305833BBBEFF3108313B9EFF34C
S3150001013011831BB1124B1B68022B1DD002F0010665
S3150001014082F00202C2F34002009533462146FFF7D0
S3150001015063F804EA00024EB1A24205D0002D14BF95
S315000101606FF001006FF0020002B070BD002AF5D0F9
S31500010170FAE76FF00300F7E76FF00500F4E700BF59
S31500010180B45F000038B50546EFF3058313B10024CB
S31500010190204638BDEFF3108313B9EFF311831BB17A
S315000101A01C4B1B68022BF2D02DB36B681A07EED4D9
S315000101B0D5E9021203F0010371B14F2AE7D993B1D0
S315000101C00420FFF7A5FB04460028E0D02968FFF7C5
S315000101D07FFE44F00104DBE7002AD8D1ABB104204D
S315000101E0FFF7CAFBEFE70120FFF792FB0446002861
S315000101F0CDD0296806E00120FFF7BEFB04460028A2
S31500010200C5D02946FFF764FEC2E70120FFF7B4FB1C
S31500010210ECE700BFB45F0000034610B520F0010013
S315000102200C4603F00102EFF30581E9B9EFF3108102
S3150001023011B9EFF3118119B10E490968022913D0D9
S31500010240012B14D9214662B1FFF7C8FD012801D15E
S31500010250002010BD002C14BF6FF001006FF00200EA
S31500010260F7E7FFF7FEFCF1E76FF00500F1E76FF046
S315000102700300EEE7B45F0000024608B520F0010076
S3150001028002F00103EFF30581C9B9EFF3108111B94A
S31500010290EFF3118119B10D49096802290FD0012A1D
S315000102A010D93BB1FFF749FB01280CBF00206FF0C5
S315000102B0020008BD1A461946FFF76EFAF4E76FF019
S315000102C00500F6E76FF00300F3E700BFB45F000037
S315000102D013B50C4688B3EFF305834BB9EFF31083DF
S315000102E013B9EFF31183F3B1154B1B68022B1AD126
S315000102F01CBB01AA21460194FFF791FD012803D0F9
S315000103006FF0020002B010BD019B0BB90020F9E7A6
S315000103104FF0E0234FF08052C3F8042DBFF34F8F07
S31500010320BFF36F8FF2E72146FFF79BFC0128EDD063
S31500010330002CE5D06FF00100E4E76FF00300E1E780
S31500010340B45F000007B570B3EFF305834BB9EFF364
S31500010350108313B9EFF31183EBB1144B1B68022B16
S3150001036019D1002301A90193FFF780FB012804D0CD
S315000103706FF0020003B05DF804FB019B4BB14FF037
S31500010380E0234FF08052C3F8042DBFF34F8FBFF324
S315000103906F8F0020EEE700231A461946FFF7FCF996
S315000103A00128F6D0E4E76FF00300E3E7B45F00004D
S315000103B070470000034B0360034B0B604FF48073DF
S315000103C0136070473C5F00003C5B0000034B036019
S315000103D0034B0B604FF4007313607047C45A00005F
S315000103E0C45200002DE9F041044601F08BF9304B6F
S315000103F0304E1A68304F01321A603568002D4BD1E4
S3150001040034601B68012B1FD1B84640460135FFF702
S3150001041028F8382D08F11408F7D1DFF8C480274DE4
S315000104204046FFF71EF82846FFF71BF82448FFF75A
S3150001043018F82448FFF715F82348FFF712F8234B5D
S31500010440C3F80080224B1D60224A136801331360F2
S31500010450214AA3641168E36A14208B4200FB0370EE
S3150001046004F1040188BF1360FFF709F801F06AF986
S315000104701A4B1B6873B13368DA6AE36A9A4209D286
S315000104804FF0E0234FF08052C3F8042DBFF34F8F96
S31500010490BFF36F8FBDE8F081104B1A68E36A002A3B
S315000104A0D2D13268D26A9A4298BF3460CCE700BF93
S315000104B01C600000F4640000946000006C600000A1
S315000104C0506000003C60000024600000686000008D
S315000104D0646000000060000014600000106000000D
S315000104E080600000F8B5174B174D1C682B6806464F
S315000104F02868002283F8722004300F46FEF7E1FFD8
S31500010500731C07D137B129681048BDE8F84004319A
S31500010510FEF7B5BF2B68A4195C6007D30C4B1868AE
S315000105202968BDE8F8400431FEF7B4BF094B1868E5
S3150001053029680431FEF7AEFF074B1A68A24288BF4D
S315000105401C60F8BD18600000F4640000246000001F
S315000105506460000068600000FC5F00000C4B0D4AFF
S315000105601B6863B91268D06A78B90B4B1B68012BFB
S315000105700CD80A4B18680A4B1B68C01A70471368D7
S31500010580D86A10B9044B1B6870470020704700BF3A
S3150001059014600000F464000094600000FC5F000039
S315000105A018600000064A13681968064B19B94FF01E
S315000105B0FF321A6070471268D2681268F9E700BF05
S315000105C068600000FC5F000010B590F871300446C9
S315000105D03BB9006B01F08AFA2046BDE8104001F0F4
S315000105E085BA012BF9D0022B08D04FF0140383F3FF
S315000105F01188BFF36F8FBFF34F8FFEE710BD2DE953
S31500010600F047DDE909844FEA82094A4606460D4666
S31500010610206BA5211F4601F0B3FA236BA9F104094A
S315000106204B4423F00709C4F84490002D3CD06B1EBF
S3150001063004F133020E3513F8011F02F8011F09B147
S31500010640AB42F8D1002384F84230089D372D28BFEC
S3150001065037254FF0000AE5622565201DC4F854A030
S31500010660FEF70AFFC5F1380504F11800FEF704FF8D
S31500010670142251462461A561646204F1580001F017
S315000106807FFAC4F86CA084F870A084F872A03A4688
S315000106903146484601F00CF82060B8F1000F01D050
S315000106A0C8F80040BDE8F08784F83450CDE770B54E
S315000106B086B0DDE90B5445B94FF0140383F3118875
S315000106C0BFF36F8FBFF34F8FFEE744B94FF01403AB
S315000106D083F31188BFF36F8FBFF34F8FFEE7782641
S315000106E00596059E782E08D04FF0140383F31188E2
S315000106F0BFF36F8FBFF34F8FFEE72563022584F8A3
S31500010700715004AD01950A9D02940095059EFFF76F
S3150001071076FF2046FFF766FE049806B070BD00001E
S3150001072010B588B0002407AA06A905A8CDE9054495
S31500010730FFF740FE059B0293069B079A1649174849
S31500010740CDE900432346FFF7B2FFA8B100F0F0FC64
S31500010750012815D14FF0140383F31188BFF36F8F6E
S31500010760BFF34F8F0E4B4FF0FF321A600D4B1860DF
S315000107700D4B1C6001F044F80C4B1B6808B010BD12
S315000107800130F9D14FF0140383F31188BFF36F8F52
S31500010790BFF34F8FFEE700BF8AD72008D93A000082
S315000107A0FC5F000010600000186000009405000066
S315000107B0024A136801331360704700BFF85F0000F7
S315000107C0014B1868704700BF1860000008B501F0BA
S315000107D09DF8014B186808BD18600000094B0A49CD
S315000107E01A68096802448A4208D94FF0140383F350
S315000107F01188BFF36F8FBFF34F8FFEE71A6802446C
S315000108001A60704718600000FC5F00003F4B1B68D0
S315000108102DE9F74F002B72D13D4B1C6801341C604A
S31500010820BCB93C4B1A68126842B14FF0140383F30A
S315000108301188BFF36F8FBFF34F8FFEE7364A1968F2
S31500010840106818601160354A136801331360FFF7A9
S31500010850A9FE334D334E2B68334F9C424FF0000BAC
S3150001086012D23A68D26A14214A43B258022A2F4A4E
S31500010870126828BF4FF0010B002A18BF4FF0010B79
S31500010880584603B0BDE8F08FDFF88890DFF8A4A0E2
S31500010890D9F8002012681AB94FF0FF322A60E0E752
S315000108A0D9F80020D268D2F80C80D8F804108C420E
S315000108B001D22960D5E708F1040318460193FEF732
S315000108C000FED8F8281019B108F11800FEF7F9FD55
S315000108D0D8F82C00DAF800101423884288BFCAF829
S315000108E00000019903FB0060FEF7C9FD3868D8F8DE
S315000108F02C10C26A914228BF4FF0010BC8E70C4A7F
S315000109001368013313604FF0000BB9E7F85F00007D
S315000109101860000068600000646000000460000068
S31500010920FC5F000094600000F464000008600000B1
S315000109300C600000146000002DE9F041304C236882
S3150001094043B94FF0140383F31188BFF36F8FBFF3DD
S315000109504F8FFEE700F0D6FE2368013B2360246833
S315000109602CB1002400F0EEFE2046BDE8F081254BB7
S315000109701B68002BF5D0244D244EDFF8A0801DE026
S31500010980EB68DC68271D04F11800FEF79AFD38466E
S31500010990FEF797FDE36A32681420934200FB038059
S315000109A0394688BF3360FEF76AFD194BE26A1B6858
S315000109B0DB6A9A4202D3174B01221A602B68002B7D
S315000109C0DED10CB1FFF7EEFD134D2C6844B1114E8B
S315000109D00127FFF71BFF00B13760013CF9D12C60FD
S315000109E00C4B1B68002BBCD04FF0E0234FF080521C
S315000109F0C3F8042DBFF34F8FBFF36F8F0124B1E707
S31500010A00F85F00001C6000005060000014600000E8
S31500010A10F4640000086000000C60000094600000AF
S31500010A2008B550B94FF0E0234FF08052C3F8042DBA
S31500010A30BFF34F8FBFF36F8F08BD0A4B196841B1E2
S31500010A404FF0140383F31188BFF36F8FBFF34F8FFA
S31500010A50FEE7FFF7ADFEFFF745FDFFF76DFF002847
S31500010A60E0D0E9E7F85F0000F8B5234C234F244DA9
S31500010A70236823BB234B1B68012B09D94FF0E023C5
S31500010A804FF08052C3F8042DBFF34F8FBFF36F8F22
S31500010A90FFF78EFCFFF762FD6328E8D9FFF788FEB2
S31500010AA0194B1A68194B1B689A421BD24FF0140353
S31500010AB083F31188BFF36F8FBFF34F8FFEE700F00B
S31500010AC021FEFB68DE68301DFEF7FBFC2B68013B4F
S31500010AD02B602368013B236000F034FE3046FFF7AC
S31500010AE073FDC5E7FFF73AFD632801D9FEF73CF828
S31500010AF0FFF722FFBBE700BF386000003C60000043
S31500010B001C60000094600000FC5F0000186000009B
S31500010B101B4B1A681B4BF0B512B101221A60F0BDCE
S31500010B2019481A60194E0368194F32685A671949EC
S31500010B303A684FF0140C0CFB02F3CC18CD589DB15A
S31500010B40656808336D6865600B449D4204BF6B6838
S31500010B506360142303FB02114B68DB6803603A6090
S31500010B6003685B6F3360DAE742B94FF0140383F32E
S31500010B701188BFF36F8FBFF34F8FFEE7013ADAE7B4
S31500010B80F85F000008600000F464000020600000C7
S31500010B90146000009460000010B50C4640B94FF097
S31500010BA0140383F31188BFF36F8FBFF34F8FFEE7F3
S31500010BB0054B19681831FEF76DFC20460121BDE889
S31500010BC01040FFF78FBC00BFF464000010B5144657
S31500010BD040B94FF0140383F31188BFF36F8FBFF34E
S31500010BE04F8FFEE70D4B1B6843B94FF0140383F398
S31500010BF01188BFF36F8FBFF34F8FFEE7084B1A685B
S31500010C0041F00041916119681831FEF738FC204620
S31500010C100121BDE81040FFF765BC00BFF85F000089
S31500010C20F464000038B50D46144640B94FF014037C
S31500010C3083F31188BFF36F8FBFF34F8FFEE7074B27
S31500010C4019681831FEF71BFC002C21460CBF2846FB
S31500010C504FF0FF30BDE83840FFF744BCF4640000B4
S31500010C6038B5C368DC6844B94FF0140383F31188BF
S31500010C70BFF36F8FBFF34F8FFEE704F118052846C8
S31500010C80FEF71FFC124B1B68EBB9251D2846FEF724
S31500010C9018FC104AE36A11688B4288BF13600E4A3A
S31500010CA01420294600FB0320FEF7E9FBFFF77AFC37
S31500010CB00A4BE26A1B68DB6A9A4283BF084B012032
S31500010CC01860002038BD07482946FEF7D8FBEFE734
S31500010CD0F85F00001460000094600000F4640000F6
S31500010CE008600000506000001C4A126838B542B91D
S31500010CF04FF0140383F31188BFF36F8FBFF34F8F48
S31500010D00FEE7C46841F00041016044B94FF01403A5
S31500010D1083F31188BFF36F8FBFF34F8FFEE7251D56
S31500010D20FEF7CFFB2846FFF73DFCFEF7CAFB0C4A50
S31500010D30E36A11688B4288BF13600A4A142000FBDC
S31500010D4003202946FEF79BFB074BE26A1B68DB6A19
S31500010D509A4282BF054B01221A6038BDF85F000036
S31500010D601460000094600000F46400000860000054
S31500010D70034B1B680360034B1B684360704700BF4E
S31500010D80046000001860000070B50D46044640B9C5
S31500010D904FF0140383F31188BFF36F8FBFF34F8FA7
S31500010DA0FEE741B94FF0140383F31188BFF36F8F48
S31500010DB0BFF34F8FFEE700F0A5FC144B626819687C
S31500010DC0134B186890F8720040B11B68002283F833
S31500010DD07220012400F0B6FC204670BD2B68581C19
S31500010DE012D00C4826680068864204D08A4202D88E
S31500010DF000232B60EDE7881A8342F9D95B1A134465
S31500010E002B602046FFF7B4FF0024E3E718600000DB
S31500010E10F464000004600000014B01221A6070476F
S31500010E20086000000B4B1B687BB90B4A106870B950
S31500010E300A4B1B6863B90A4B18680A4B1B68013BCE
S31500010E4098420CBF022001207047002070471846C7
S31500010E50704700BF50600000086000000C60000091
S31500010E60246000001C60000004290FDC58B9084BFF
S31500010E70186840B94FF0140383F31188BFF36F8FDD
S31500010E80BFF34F8FFEE7163140F82120704700BFB0
S31500010E90F4640000014B1868704700BFF464000059
S31500010EA0054B1B6833B1054B1868B0FA80F0400951
S31500010EB0400070470120704710600000F85F000095
S31500010EC0F8B5044638B31A4DC36A2A68D26A934202
S31500010ED026D28269174E002AA1BF2A68D26AC2F1B8
S31500010EE038028261142202FB036342699A4213D1DA
S31500010EF0071D3846FEF7E5FA2B680F4ADB6A1168CB
S31500010F00E36214208B4200FB0360394688BF1360FD
S31500010F10FEF7B5FA0120F8BD2B68DB6AC362F9E773
S31500010F202B68006DDB6A98422CBF00200120F2E796
S31500010F30F4640000946000001460000038B508B93C
S31500010F40002038BD1B4B1C68844208D04FF01403A7
S31500010F5083F31188BFF36F8FBFF34F8FFEE7636D86
S31500010F6043B94FF0140383F31188BFF36F8FBFF3B7
S31500010F704F8FFEE7E16A226D013B91426365DFD047
S31500010F80002BDDD1251D2846FEF79BFA236DE36272
S31500010F90C3F13802A261084A11688B4288BF136007
S31500010FA0064A142000FB03202946FEF768FA0120B1
S31500010FB0C7E700BFF46400001460000094600000FD
S31500010FC070B50446002841D0426D42B94FF0140372
S31500010FD083F31188BFF36F8FBFF34F8FFEE7036D66
S31500010FE0994238BF1946C36A8B422FD0012A2DD1A7
S31500010FF0174A1268824208D14FF0140383F311880D
S31500011000BFF36F8FBFF34F8FFEE78269114DC16248
S31500011010002A4FF0140202FB03534269A4BFC1F137
S31500011020380181619A4211D1061D3046FEF749FA0F
S31500011030094AE36A116814208B4200FB03503146CA
S31500011040BDE8704088BF1360FEF719BA70BD00BFD6
S31500011050F46400009460000014600000044B1A68F8
S31500011060196890691A68CB6AC3F1380393617047AE
S31500011070F4640000044B1A681AB119684A6D01320A
S315000110804A651868704700BFF4640000914208B5CC
S31500011090416000610AD8D21A83699A420DD2084B7F
S315000110A0011D1868FEF7F6F9002008BD9A4201D223
S315000110B0994202D2034B011DF3E70120F5E700BF78
S315000110C0A4650000A8650000F7B5114C00F01AFBF5
S315000110D02568BDB90F4F104E3846FEF7C2F93046A6
S315000110E0FEF7BFF90D4B0E4A1F600E4B10211E6015
S315000110F005200D4B0095FEF7FCFA206010B10B4957
S31500011100FEF7E6FE03B0BDE8F04000F01BBB00BFF2
S31500011110A0650000C0650000AC650000A865000080
S3150001112048650000A4650000F86400008FD7200818
S3150001113010B588B0FFF7C8FF124B1B68B3B1002486
S3150001114007AA06A905A8CDE90544FFF73FF9059BBE
S315000111500293069B019337230093079A0A490B488A
S315000111602346FFF7A4FA0A4B186040B94FF014035F
S3150001117083F31188BFF36F8FBFF34F8FFEE7012013
S3150001118008B010BDA065000094D7200801430000F7
S315000111909C6500007FB5164604461A4640B94FF0D5
S315000111A0140383F31188BFF36F8FBFF34F8FFEE7ED
S315000111B00D4D286880B10529CDE9001602940DDC94
S315000111C0FFF76EFE0023022808BF089A286818BF99
S315000111D01A466946FEF7E0FA04B070BD0023694677
S315000111E0FEF7DCFBF8E700BFA06500002DE9F34739
S315000111F0DFF898800646FFF7E3FAD8F80030834215
S31500011200054609D91F4F3B681A686AB91E4A116813
S3150001121039601360012300E0002328463360C8F8D3
S31500011220005002B0BDE8F087DB68DC68D3F80090B7
S3150001123004F1040A5046FEF744F9236A204698470A
S3150001124094F828305B07DED5A3694B44994506D24D
S315000112503868636024615146FEF71CF9D3E7002321
S3150001126000934A4619462046FFF794FF0028CAD143
S315000112704FF0140383F31188BFF36F8FBFF34F8FC2
S31500011280FEE700BFA8650000A465000098650000A0
S315000112902DE9F0436E4D6F4E89B02B68D3F800806F
S315000112A0B8F1000F35D0DB68D3F800800024FFF7D2
S315000112B07FFA04A8FFF79AFF049B8146002B69D1A8
S315000112C0002C4CD1404550D3FFF736FB2B68DB6829
S315000112D0DF68381DFEF7F5F897F8283058071AD554
S315000112E0B96943464A4641443846FFF7CFFEB0B195
S315000112F000942346424621463846FFF74BFF70B914
S315000113004FF0140383F31188BFF36F8FBFF34F8F31
S31500011310FEE70124CBE723F0010387F828303B6A77
S31500011320384698473068002204A9FEF7FBFB0028DF
S31500011330B3D0049B0698002B2FDB069C6369002B18
S3150001134032D103A8FFF752FF049B0246092BE9D8C5
S31500011350DFE803F02E2E2E575E762E2E575E3E4B7D
S315000113601B681C68B4FA84F4640930682246A8EB49
S315000113700901FEF7BFFDFFF7DFFA0028D2D14FF0D2
S31500011380E0234FF08052C3F8042DBFF34F8FBFF314
S315000113906F8FC7E7FFF7D0FAC4E7059B0799984710
S315000113A0049B002BBEDBC8E7201DFEF78AF8C8E7C1
S315000113B094F82830A16943F0010384F82830059B8D
S315000113C020461944FFF762FE0028ABD0236A204667
S315000113D0984794F828305907A4D5A269059900239E
S315000113E00A44009319462046FFF7D4FE002899D1F6
S315000113F04FF0140383F31188BFF36F8FBFF34F8F41
S31500011400FEE794F8283023F0010384F8283089E7B1
S3150001141094F8283043F0010384F828300599A16136
S3150001142041B94FF0140383F31188BFF36F8FBFF3F4
S315000114304F8FFEE7034601442046FFF727FE71E77B
S3150001144094F828309A07DED4204600F04FFB69E76E
S31500011450A8650000A0650000A46500001FB514463C
S315000114601A466FF00103CDE900300548CDE90214B3
S31500011470002369460068FEF791FA04B010BD00BF6B
S31500011480A06500002DE9F047DFF854904FF0FF31D9
S315000114900646D9F8000015461F46FEF7BDFEFEF7C3
S315000114A0A7FD05F10C0A8046504600F07DFB044677
S315000114B040B90120FEF7B0FDFEF79AFDA0EB08004A
S315000114C0B842F1D3D9F80000FEF7D6FE2CB10020C0
S315000114D0656020603460BDE8F0871920FBE700BF36
S315000114E0343F01004368994205D20AB15B1A138061
S315000114F00C310844704700207047000038B5044697
S3150001150068B1074D4FF0FF312868FEF785FE20468A
S3150001151000F06AFB2868BDE83840FEF7ADBE38BD6D
S31500011520343F010030B5034600B900BE074A02F157
S315000115303805144603CCAC4218605960224603F1C3
S315000115400803F6D12068186030BD00BF403F010096
S3150001155010B50446FEF74CFDA042A0EB040038BFCF
S3150001156000F1FF3010BD0000024B01461868FEF77E
S315000115706BBD00BF383F010008B5FCF735FB002005
S3150001158008BD0000044B1B7823B9044B187800F002
S31500011590010070470020FAE7F03D0100843F010099
S315000115A0014B1878704700BF843F01002DE9F047D1
S315000115B09A4603680546884691464BB94368002B0F
S315000115C02FD0194B194A1A484FF4F76100F028FB3E
S315000115D000F03AFB2C680646002724B9304600F095
S315000115E0DFFA2D2013E041462046C84710B92746A9
S315000115F02468F2E7CAF800402B68A34209D12368A0
S315000116002B6003B96B60304600F0CAFA0020BDE8D2
S31500011610F0876B68A34212BF23686F6000233B60AB
S31500011620F1E71B20F3E700BF7CDC200890DC2008F3
S315000116309ADB200808480068006880F308884FF0A4
S31500011640000080F3148862B661B6BFF34F8FBFF313
S315000116506F8F00DF00BF000008ED00E0DFF80C002F
S31500011660016841F4700101607047000088ED00E0F7
S3150001167082B0002301930D4B1B68013308D04FF054
S31500011680140383F31188BFF36F8FBFF34F8FFEE708
S315000116904FF0140383F31188BFF36F8FBFF34F8F9E
S315000116A0019B002BFCD002B0704700BF98050000DB
S315000116B04FF0807340F8043C074B40F80C3C21F096
S315000116C001016FF0020340F8081C40F8202C40F895
S315000116D0243C4438704700BFE1460000000000008A
S315000116E0074B19680868B0E8F04F80F30988BFF323
S315000116F06F8F4FF0000080F311887047AFF30080C1
S31500011700F46400004FF0140383F31188BFF36F8F65
S31500011710BFF34F8F0A4A13680133012B13600ED1B1
S315000117204FF0E023D3F8043DDBB243B14FF014038D
S3150001173083F31188BFF36F8FBFF34F8FFEE77047B7
S3150001174098050000084A136843B94FF0140383F360
S315000117501188BFF36F8FBFF34F8FFEE7013B136015
S315000117600BB983F31188704798050000000000004B
S31500011770EFF30980BFF36F8F154B1A681EF0100F38
S3150001178008BF20ED108A20E9F04F10602DE909000D
S315000117904FF0140080F31188BFF34F8FBFF36F8FA3
S315000117A0FFF7B6F94FF0000080F3118809BC1968FC
S315000117B00868B0E8F04F1EF0100F08BFB0EC108AB1
S315000117C080F30988BFF36F8F704700BFAFF30080C6
S315000117D0F464000008B54FF0140383F31188BFF3D6
S315000117E06F8FBFF34F8FFFF711F828B14FF0E0234A
S315000117F04FF08052C3F8042D002383F3118808BDEE
S315000118004FF0E02337B5D3F8001D3A4A914208D18B
S315000118104FF0140383F31188BFF36F8FBFF34F8F1C
S31500011820FEE7D3F8002D344B9A4208D14FF014034A
S3150001183083F31188BFF36F8FBFF34F8FFEE72F4BF3
S315000118401A78D2B20192FF221A701B782C4ADBB2A7
S315000118508DF803309DF8033003F014031370294A01
S315000118600723136000219DF80300000603F1FF34EE
S315000118700CD411B1012B136011D04FF0140383F373
S315000118801188BFF36F8FBFF34F8FFEE79DF80330CB
S315000118905B00DBB28DF8033001212346E3E74FF409
S315000118A080731360019B154A4FF0E024DBB213707D
S315000118B0D4F8203D43F47C03C4F8203DD4F8203D00
S315000118C043F07C43C4F8203DFDF7D4F80E4B0025C8
S315000118D01D60FFF7C3FED4F8343F43F04043C4F81C
S315000118E0343FFFF7A7FEFFF713F9FFF7C1FE2846BE
S315000118F003B030BD71C20F4170C20F4100E400E078
S31500011900D8650000D465000098050000EFF3058353
S315000119100F2B0ED9114A9B5C114A12789A4208D9AB
S315000119204FF0140383F31188BFF36F8FBFF34F8F0B
S31500011930FEE74FF0E0230B4AD3F80C3D126803F49F
S31500011940E063934208D94FF0140383F31188BFF380
S315000119506F8FBFF34F8FFEE7704700BFF0E300E0E4
S31500011960D8650000D465000030B5114B1A461B68D6
S315000119708342FBD3546841681519A84206D1214414
S3150001198050188342516010D1104602E04418A34218
S315000119900CD1084C2468A3421FBF5C6864184460DC
S315000119A01C680460824218BF106030BD0360F9E70D
S315000119B0F4650000F06500002DE9F0410446FEF7EC
S315000119C0F7FE4349434D0B680BBB434A56071FBFFE
S315000119D0D01D20F0070002F54842131A0CBF4FF440
S315000119E04843024613443D4E083B23F007030020BB
S315000119F070603260C3E90000981AC2E900300B60DA
S31500011A00374B1860374B18604FF000432B602F6837
S31500011A10274205D0FEF790FF00263046BDE8F0814B
S31500011A20631E0A33F6D8600704F1080226D022F0B5
S31500011A30070308339342EDD9DFF8A880D8F80050A0
S31500011A409D42E7D3254A14686068984201D2266808
S31500011A50B6B90968A142DDD0216816681160C21ABB
S31500011A60102A14D9E01841070DD04FF0140383F35F
S31500011A701188BFF36F8FBFF34F8FFEE71346DBE786
S31500011A8022463446E0E742606360FFF76DFF626815
S31500011A901349AD1A1743144A086867600023236087
S31500011AA01368C8F80050854203F1010306F10806E0
S31500011AB038BF0D601360FEF73FFF7307ADD04FF0DF
S31500011AC0140383F31188BFF36F8FBFF34F8FFEE7C4
S31500011AD0F0650000DC650000FC650000F4650000AF
S31500011AE0E8650000EC650000E465000010B50446F9
S31500011AF090B31A4A50F8043C1268134208D14FF0C9
S31500011B00140383F31188BFF36F8FBFF34F8FFEE783
S31500011B1050F8081C41B14FF0140383F31188BFF349
S31500011B206F8FBFF34F8FFEE723EA020340F8043CB1
S31500011B30FEF73EFE0A4A54F8043C1168A4F1080077
S31500011B400B441360FFF710FF064A1368BDE8104007
S31500011B5001331360FEF7F0BE10BD00BFDC65000067
S31500011B60EC650000E06500005FF800F0C97B200825
S31500011B705FF800F0A56C20085FF800F0597920089D
S31500011B805FF800F035B820085FF800F0997B20086F
S31500011B905FF800F0E92420085FF800F0D56C200812
S31500011BA05FF800F0352420085FF800F08DA92008C1
S31500011BB05FF800F0E57B20085FF800F02166200859
S31500011BC05FF800F0F92820085FF800F0318120085D
S31500011BD05FF800F0E12420085FF800F07F8120081B
S31500011BE05FF800F03B8120085FF800F09DA920080E
S31500011BF05FF800F0718120085FF800F039A620082F
S31500011C005FF800F0A57B20085FF800F0A98E200898
S31500011C105FF800F0A1B920085FF800F0A78120085D
S31500011C205FF800F029A920085FF800F0B17B2008D1
S31500011C305FF800F0E57920085FF800F0D96A20081E
S31500011C405FF800F01F2420085FF800F0292420081F
S31500011C505FF800F05D2420085FF800F017242008E3
S31500011C600100000004A40524000000420100000058
S31500011C70ACA405240000402901000000ACA4052401
S31500011C80010040290100000004A505240000C02030
S31500011C9001000000C4A405241F000020010000006B
S31500011CA09CA405240100C049010000009CA4052450
S31500011CB00000806201000000A4A40524000080A4A5
S31500011CC001000000A4A40524000080A40100000076
S31500011CD09CA405240100C049010000009CA4052420
S31500011CE0000080620100000048870524000040834F
S31500011CF0010000007C870524000000180100000097
S31500011D00408705240C0040A401000000CCA4052452
S31500011D100080007801000000C8A405246400005872
S31500011D2001000000C4A40524008000780100000021
S31500011D30C0A405246400005801000000E0A40524A5
S31500011D40D903005001000000DCA40524BF0400589B
S31500011D5001000000D8A405240E010048010000007E
S31500011D6038A40524000000280100000014A405245D
S31500011D70270080A30100000038A405240300408346
S31500011D800100000038A4052403004083030000007D
S31500011D900CA405245A0080A30CA4052402004010BB
S31500011DA00CA4052400000000030000000CA4052477
S31500011DB05A0080A30CA40524030040100CA405249A
S31500011DC000000000030000000CA405245A0080A3B3
S31500011DD00CA40524000040100CA4052400000000FA
S31500011DE00100000008A40524150000A4010000005C
S31500011DF008A40524070000A40100000004A405248A
S31500011E002000C0A30100000010A40524380080A30F
S31500011E100100000010A405245A0080A3010000005F
S31500011E2000A505240000805A020000009CA4052498
S31500011E300300C0ACACA40524100000200100000082
S31500011E4000A505240300809C01000000D4A40524FC
S31500011E500100007801000000D0A40524F2000080F2
S31500011E600100000058870524030080590100000085
S31500011E70588705240C00002801000000408705242E
S31500011E800C0040A40100000000A405240000000885
S31500011E900100000000A40524560583A001000000EE
S31500011EA038A40524070040A40100000038A4052435
S31500011EB00F0040A40100000038A40524070040A437
S31500011EC00100000038A405240F0040A40100000011
S31500011ED09CA4052400000021010000009CA4052407
S31500011EE001000021010000009CA405240000C01887
S31500011EF0010000009CA405240100C0180200000096
S31500011F0094A405240100009494A40524020000ADC4
S31500011F10010000009CA4052400000010010000003F
S31500011F2000A505240300809C0100000000A50524EE
S31500011F300000809C02000000A4A40524000080A4E7
S31500011F40A4A405240000008402000000A4A4052422
S31500011F50000080A4A4A4052401000084010000005F
S31500011F60A4A40524010080A401000000A4A4052462
S31500011F70020080A40300000098A40524F80040A3F1
S31500011F80A0A4052410008051A0A40524010040ADA1
S31500011F9001000000A0A40524000040AD02000000DD
S31500011FA09CA405240000C049A0A40524000040AD5E
S31500011FB005000000A0A40524000040AD9CA4052452
S31500011FC00200806298A40524F80040A3A0A4052479
S31500011FD010008051A0A40524010040AD02000000BC
S31500011FE098A40524F00040A3A0A40524010040AD57
S31500011FF0020000009CA405240200C049A0A40524F7
S31500012000000040AD0200000098A405242F003EA860
S31500012010A0A40524200020A802000000548705245E
S315000120200100C03958870524010000210100000084
S3150001203058870524010080520300000060870524AB
S31500012040030080AC748705240600409C7487052430
S315000120500400405A0200000060870524030080AC9A
S3150001206070870524010040AD010000007887052432
S3150001207009000018010000007887052408000018EF
S315000120800500000074870524DA2422A84887052460
S3150001209000004083408705240C0040837087052497
S315000120A00C00007B70870524040000100600000068
S315000120B07487052403008041488705240000408376
S315000120C04087052403004083708705240200007BB6
S315000120D0708705240700001074870524020000ADEF
S315000120E00100000040870524090040A4010000000A
S315000120F0408705240C0040A40200000054870524F3
S3150001210000000021448705240000408C02000000E5
S315000121105487052401000021448705240100408CD1
S3150001212013000000408705240C0040A440870524C5
S31500012130BF00006048870524260000604887052403
S31500012140030040944C87052420030070688705240A
S315000121500300C020448705240100C09C6087052434
S31500012160010080107887052407004041588705241F
S31500012170CC000058748705249A2412A87487052474
S3150001218003008041408705240800408370870524A9
S315000121900500007B70870524040000107487052460
S315000121A0020000AD70870524010000847C870524A8
S315000121B00100408C388705240100801009000000C9
S315000121C09CA405240100C049A4A40524010000849F
S315000121D000A505241900C09B94A4052401008010C4
S315000121E014A405240100006394A405240100008CB5
S315000121F094A40524020000ADACA4052400004029E6
S3150001220010A505240100402919222008F1212008E2
S3150001221000000000000000000000000000000000B7
S3150001222000000000000000000000000000000000A7
S315000122300000000000000000000000000000000097
S315000122400000000000000000000000000000000087
S315000122500000000000000000000000000000000077
S315000122600000000000000000000000000000000067
S315000122700000000000000000000000000000000057
S315000122800000000000000000000000000000000047
S315000122900000000000000000000000000000000037
S315000122A00000000000000000000000000000000027
S315000122B00000000000000000000000000000000017
S315000122C00000000000000000000000000000000007
S315000122D000000000000000000000000000000000F7
S315000122E000000000000000000000000000000000E7
S315000122F000000000000000000000000000000000D7
S3150001230000000000000000000000000000000000C6
S3150001231000000000000000000000000000000000B6
S3150001232000000000000000000000000000000000A6
S315000123300000000000000000000000000000000096
S315000123400000000000000000000000000000000086
S315000123500000000000000000000000000000000076
S315000123600000000000000000000000000000000066
S315000123700000000000000000000000000000000056
S315000123800000000000000000000000000000000046
S315000123900000000000000000000000000000000036
S315000123A00000000000000000000000000000000026
S315000123B00000000000000000000000000000000016
S315000123C00000000000000000000000000000000006
S315000123D000000000000000000000000000000000F6
S315000123E000000000000000000000000000000000E6
S315000123F000000000000000000000000000000000D6
S3150001240000000000000000000000000000000000C5
S3150001241000000000000000000000000000000000B5
S3150001242000000000000000000000000000000000A5
S315000124300000000000000000000000000000000095
S315000124400000000000000000000000000000000085
S315000124500000000000000000000000000000000075
S315000124600000000000000000000000000000000065
S315000124700000000000000000000000000000000055
S315000124800000000000000000000000000000000045
S315000124900000000000000000000000000000000035
S315000124A00000000000000000000000000000000025
S315000124B00000000000000000000000000000000015
S315000124C00000000000000000000000000000000005
S315000124D000000000000000000000000000000000F5
S315000124E000000000000000000000000000000000E5
S315000124F000000000000000000000000000000000D5
S3150001250000000000000000000000000000000000C4
S3150001251000000000000000000000000000000000B4
S3150001252000000000000000000000000000000000A4
S315000125300000000000000000000000000000000094
S315000125400000000000000000000000000000000084
S315000125500000000000000000000000000000000074
S315000125600000000000000000000000000000000064
S315000125700000000000000000000000000000000054
S315000125800000000000000000000000000000000044
S315000125900000000000000000000000000000000034
S315000125A00000000000000000000000000000000024
S315000125B00000000000000000000000000000000014
S315000125C00000000000000000000000000000000004
S315000125D000000000000000000000000000000000F4
S315000125E000000000000000000000000000000000E4
S315000125F000000000000000000000000000000000D4
S3150001260000000000000000000000000000000000C3
S3150001261000000000000000000000000000000000B3
S3150001262000000000000000000000000000000000A3
S315000126300000000000000000000000000000000093
S315000126400000000000000000000000000000000083
S315000126500000000000000000000000000000000073
S315000126600000000000000000000000000000000063
S315000126700000000000000000000000000000000053
S315000126800000000000000000000000000000000043
S315000126900000000000000000000000000000000033
S315000126A00000000000000000000000000000000023
S315000126B00000000000000000000000000000000013
S315000126C00000000000000000000000000000000003
S315000126D000000000000000000000000000000000F3
S315000126E000000000000000000000000000000000E3
S315000126F000000000000000000000000000000000D3
S3150001270000000000000000000000000000000000C2
S3150001271000000000000000000000000000000000B2
S3150001272000000000000000000000000000000000A2
S315000127300000000000000000000000000000000092
S315000127400000000000000000000000000000000082
S315000127500000000000000000000000000000000072
S315000127600000000000000000000000000000000062
S315000127700000000000000000000000000000000052
S315000127800000000000000000000000000000000042
S503127971
S70500000000FA
